district_code,resource_id,quantity
1,R1,5222124.0
1,R2,1827743.0
1,R3,1566637.0
1,R4,417770.0
1,R5,26110620.0
1,R6,78331860.0
1,R7,10444248.0
1,R8,20508.0
1,R9,27343.0
1,R10,2001814.0
1,R11,1653673.0
1,R12,992.0
1,R13,656.0
1,R14,1741.0
1,R15,218.0
1,R16,696.0
1,R17,52222.0
1,R18,69628.0
1,R19,435176.0
1,R20,34814.0
1,R21,1160.0
1,R22,435.0
1,R23,1392.0
1,R24,610.0
1,R25,1741.0
1,R26,139.0
1,R27,6.0
1,R28,4.0
1,R29,348.0
1,R30,580.0
1,R31,14.0
1,R32,18.0
1,R33,2.0
1,R34,174.0
1,R35,6.0
1,R36,10.0
1,R37,0.0
1,R38,2.0
1,R39,3481416.0
1,R40,2088850.0
1,R41,2278.0
1,R42,68358.0
1,R43,1305532.0
1,R44,14.0
1,R45,348.0
1,R46,4.0
1,R47,580.0
1,R48,34814.0
1,R49,27343.0
1,R50,3133274.0
1,R51,957390.0
1,R52,348142.0
1,R53,10.0
1,R54,43518.0
1,R55,386.0
1,R56,792.0
10,R1,7420974.0
10,R2,2597341.0
10,R3,2226292.0
10,R4,593678.0
10,R5,37104870.0
10,R6,111314610.0
10,R7,14841948.0
10,R8,34502.0
10,R9,46002.0
10,R10,2844706.0
10,R11,2349975.0
10,R12,845.52
10,R13,582.72
10,R14,2474.0
10,R15,324.0
10,R16,990.0
10,R17,74209.0
10,R18,98947.0
10,R19,618414.0
10,R20,49473.0
10,R21,1650.0
10,R22,618.0
10,R23,1979.0
10,R24,866.0
10,R25,2474.0
10,R26,227.0
10,R27,21.0
10,R28,4.0
10,R29,494.0
10,R30,829.0
10,R31,53.0
10,R32,49.0
10,R33,8.0
10,R34,273.0
10,R35,20.0
10,R36,14.0
10,R37,0.0
10,R38,8.0
10,R39,4947316.0
10,R40,2968390.0
10,R41,3833.0
10,R42,115006.0
10,R43,1855244.0
10,R44,20.0
10,R45,494.0
10,R46,14.0
10,R47,825.0
10,R48,49473.0
10,R49,46002.0
10,R50,4452584.0
10,R51,1360512.0
10,R52,494732.0
10,R53,43.0
10,R54,61842.0
10,R55,550.0
10,R56,1124.0
100,R1,10648152.0
100,R2,3726853.0
100,R3,3194446.0
100,R4,852024.0
100,R5,53240760.0
100,R6,159722280.0
100,R7,21296304.0
100,R8,60515.0
100,R9,80686.0
100,R10,4081792.0
100,R11,3371915.0
100,R12,1200.0
100,R13,840.0
100,R14,3549.0
100,R15,461.0
100,R16,1475.0
100,R17,106482.0
100,R18,142312.0
100,R19,887346.0
100,R20,70988.0
100,R21,2390.0
100,R22,900.0
100,R23,2839.0
100,R24,1302.0
100,R25,3549.0
100,R26,386.0
100,R27,14.0
100,R28,56.0
100,R29,768.0
100,R30,1184.0
100,R31,60.0
100,R32,258.0
100,R33,28.0
100,R34,741.0
100,R35,188.0
100,R36,40.0
100,R37,14.0
100,R38,8.0
100,R39,7098768.0
100,R40,4259261.0
100,R41,6724.0
100,R42,201887.0
100,R43,2662038.0
100,R44,138.0
100,R45,1131.0
100,R46,80.0
100,R47,1426.0
100,R48,70988.0
100,R49,80845.0
100,R50,6388891.0
100,R51,1952161.0
100,R52,709877.0
100,R53,33.0
100,R54,88735.0
100,R55,788.0
100,R56,1715.0
101,R1,14183622.0
101,R2,4964519.0
101,R3,4255087.0
101,R4,1134690.0
101,R5,70918110.0
101,R6,212754330.0
101,R7,28367244.0
101,R8,69290.0
101,R9,92387.0
101,R10,5437056.0
101,R11,4491480.0
101,R12,1200.0
101,R13,840.0
101,R14,4728.0
101,R15,608.0
101,R16,1891.0
101,R17,141837.0
101,R18,189562.0
101,R19,1181968.0
101,R20,94558.0
101,R21,3152.0
101,R22,1182.0
101,R23,3782.0
101,R24,1654.0
101,R25,4849.0
101,R26,378.0
101,R27,18.0
101,R28,20.0
101,R29,965.0
101,R30,1582.0
101,R31,70.0
101,R32,48.0
101,R33,6.0
101,R34,472.0
101,R35,18.0
101,R36,53.0
101,R37,2.0
101,R38,42.0
101,R39,9455748.0
101,R40,5673449.0
101,R41,7699.0
101,R42,230966.0
101,R43,3545906.0
101,R44,40.0
101,R45,950.0
101,R46,37.0
101,R47,1576.0
101,R48,95178.0
101,R49,92387.0
101,R50,8510173.0
101,R51,2600330.0
101,R52,945575.0
101,R53,53.0
101,R54,118197.0
101,R55,1113.0
101,R56,2150.0
102,R1,12237282.0
102,R2,4283049.0
102,R3,3671185.0
102,R4,979180.0
102,R5,61186410.0
102,R6,183559230.0
102,R7,24474564.0
102,R8,62817.0
102,R9,83756.0
102,R10,4690958.0
102,R11,3875139.0
102,R12,1200.0
102,R13,840.0
102,R14,4112.0
102,R15,607.0
102,R16,1694.0
102,R17,122372.0
102,R18,163549.0
102,R19,1019774.0
102,R20,81582.0
102,R21,2744.0
102,R22,1032.0
102,R23,3264.0
102,R24,1500.0
102,R25,4079.0
102,R26,431.0
102,R27,31.0
102,R28,72.0
102,R29,822.0
102,R30,1629.0
102,R31,128.0
102,R32,334.0
102,R33,12.0
102,R34,749.0
102,R35,121.0
102,R36,66.0
102,R37,16.0
102,R38,12.0
102,R39,8158188.0
102,R40,4894912.0
102,R41,6980.0
102,R42,209921.0
102,R43,3059320.0
102,R44,257.0
102,R45,1352.0
102,R46,95.0
102,R47,1614.0
102,R48,81582.0
102,R49,83921.0
102,R50,7342370.0
102,R51,2244150.0
102,R52,815818.0
102,R53,22.0
102,R54,101978.0
102,R55,960.0
102,R56,2104.0
103,R1,12822270.0
103,R2,4487794.0
103,R3,3846680.0
103,R4,1025782.0
103,R5,64111350.0
103,R6,192334050.0
103,R7,25644540.0
103,R8,69156.0
103,R9,92208.0
103,R10,4915204.0
103,R11,4060386.0
103,R12,1200.0
103,R13,840.0
103,R14,4274.0
103,R15,534.0
103,R16,1710.0
103,R17,128222.0
103,R18,170964.0
103,R19,1068523.0
103,R20,85482.0
103,R21,2850.0
103,R22,1068.0
103,R23,3419.0
103,R24,1496.0
103,R25,4274.0
103,R26,342.0
103,R27,30.0
103,R28,8.0
103,R29,855.0
103,R30,1424.0
103,R31,36.0
103,R32,42.0
103,R33,6.0
103,R34,428.0
103,R35,25.0
103,R36,24.0
103,R37,2.0
103,R38,6.0
103,R39,8548180.0
103,R40,5128908.0
103,R41,7684.0
103,R42,230518.0
103,R43,3205567.0
103,R44,36.0
103,R45,857.0
103,R46,12.0
103,R47,1424.0
103,R48,85482.0
103,R49,92208.0
103,R50,7693362.0
103,R51,2350749.0
103,R52,854818.0
103,R53,24.0
103,R54,106852.0
103,R55,950.0
103,R56,1942.0
104,R1,22045074.0
104,R2,7715776.0
104,R3,6613522.0
104,R4,1763606.0
104,R5,110225370.0
104,R6,330676110.0
104,R7,44090148.0
104,R8,115150.0
104,R9,153532.0
104,R10,8450612.0
104,R11,6980940.0
104,R12,1200.0
104,R13,840.0
104,R14,7348.0
104,R15,1111.0
104,R16,2940.0
104,R17,220451.0
104,R18,293934.0
104,R19,1837090.0
104,R20,146968.0
104,R21,5310.0
104,R22,1862.0
104,R23,5879.0
104,R24,2879.0
104,R25,7564.0
104,R26,588.0
104,R27,30.0
104,R28,112.0
104,R29,1470.0
104,R30,2995.0
104,R31,223.0
104,R32,454.0
104,R33,20.0
104,R34,1267.0
104,R35,168.0
104,R36,94.0
104,R37,14.0
104,R38,10.0
104,R39,14696716.0
104,R40,8819182.0
104,R41,12794.0
104,R42,384580.0
104,R43,5511268.0
104,R44,404.0
104,R45,2046.0
104,R46,147.0
104,R47,2879.0
104,R48,146968.0
104,R49,153532.0
104,R50,13227044.0
104,R51,4042266.0
104,R52,1471522.0
104,R53,41.0
104,R54,184117.0
104,R55,1744.0
104,R56,3772.0
105,R1,15290772.0
105,R2,5351770.0
105,R3,4587232.0
105,R4,1223262.0
105,R5,76453860.0
105,R6,229361580.0
105,R7,30581544.0
105,R8,76574.0
105,R9,102100.0
105,R10,5861462.0
105,R11,4842078.0
105,R12,1200.0
105,R13,840.0
105,R14,5096.0
105,R15,648.0
105,R16,2038.0
105,R17,152908.0
105,R18,203877.0
105,R19,1274232.0
105,R20,101938.0
105,R21,3410.0
105,R22,1274.0
105,R23,4078.0
105,R24,1820.0
105,R25,5096.0
105,R26,492.0
105,R27,20.0
105,R28,80.0
105,R29,1069.0
105,R30,1698.0
105,R31,42.0
105,R32,313.0
105,R33,49.0
105,R34,792.0
105,R35,218.0
105,R36,44.0
105,R37,14.0
105,R38,14.0
105,R39,10193848.0
105,R40,6116309.0
105,R41,8508.0
105,R42,255249.0
105,R43,3822692.0
105,R44,300.0
105,R45,1242.0
105,R46,113.0
105,R47,1794.0
105,R48,101938.0
105,R49,102100.0
105,R50,9174463.0
105,R51,2803308.0
105,R52,1019385.0
105,R53,91.0
105,R54,127423.0
105,R55,1132.0
105,R56,2394.0
106,R1,7239096.0
106,R2,2533683.0
106,R3,2171728.0
106,R4,579128.0
106,R5,36195480.0
106,R6,108586440.0
106,R7,14478192.0
106,R8,36676.0
106,R9,48901.0
106,R10,2774987.0
106,R11,2292381.0
106,R12,1200.0
106,R13,840.0
106,R14,2413.0
106,R15,302.0
106,R16,966.0
106,R17,72391.0
106,R18,96522.0
106,R19,603257.0
106,R20,48260.0
106,R21,1608.0
106,R22,604.0
106,R23,1930.0
106,R24,869.0
106,R25,2413.0
106,R26,194.0
106,R27,10.0
106,R28,28.0
106,R29,482.0
106,R30,804.0
106,R31,20.0
106,R32,126.0
106,R33,3.0
106,R34,464.0
106,R35,58.0
106,R36,13.0
106,R37,0.0
106,R38,21.0
106,R39,4826064.0
106,R40,2895638.0
106,R41,4076.0
106,R42,122252.0
106,R43,1809775.0
106,R44,122.0
106,R45,644.0
106,R46,43.0
106,R47,882.0
106,R48,48260.0
106,R49,48901.0
106,R50,4343458.0
106,R51,1327168.0
106,R52,482606.0
106,R53,13.0
106,R54,60326.0
106,R55,536.0
106,R56,1168.0
107,R1,8749488.0
107,R2,3062320.0
107,R3,2624846.0
107,R4,699959.0
107,R5,43747440.0
107,R6,131242320.0
107,R7,17498976.0
107,R8,47250.0
107,R9,63000.0
107,R10,3353970.0
107,R11,2770672.0
107,R12,1200.0
107,R13,840.0
107,R14,2916.0
107,R15,364.0
107,R16,1166.0
107,R17,87494.0
107,R18,116660.0
107,R19,729124.0
107,R20,58330.0
107,R21,1956.0
107,R22,742.0
107,R23,2333.0
107,R24,1080.0
107,R25,2916.0
107,R26,305.0
107,R27,12.0
107,R28,35.0
107,R29,626.0
107,R30,972.0
107,R31,24.0
107,R32,209.0
107,R33,28.0
107,R34,592.0
107,R35,162.0
107,R36,16.0
107,R37,1.0
107,R38,4.0
107,R39,5832992.0
107,R40,3499796.0
107,R41,5250.0
107,R42,157502.0
107,R43,2187372.0
107,R44,150.0
107,R45,836.0
107,R46,63.0
107,R47,1056.0
107,R48,58330.0
107,R49,63000.0
107,R50,5249692.0
107,R51,1604073.0
107,R52,583300.0
107,R53,16.0
107,R54,72913.0
107,R55,648.0
107,R56,1398.0
108,R1,8013306.0
108,R2,2804657.0
108,R3,2403992.0
108,R4,641221.0
108,R5,40066530.0
108,R6,120199590.0
108,R7,16026612.0
108,R8,45849.0
108,R9,61131.0
108,R10,3071768.0
108,R11,2537547.0
108,R12,1200.0
108,R13,840.0
108,R14,2671.0
108,R15,334.0
108,R16,1119.0
108,R17,80134.0
108,R18,107151.0
108,R19,667776.0
108,R20,53422.0
108,R21,1841.0
108,R22,716.0
108,R23,2146.0
108,R24,1018.0
108,R25,2671.0
108,R26,322.0
108,R27,10.0
108,R28,54.0
108,R29,612.0
108,R30,890.0
108,R31,44.0
108,R32,195.0
108,R33,21.0
108,R34,767.0
108,R35,130.0
108,R36,14.0
108,R37,1.0
108,R38,3.0
108,R39,5342204.0
108,R40,3205322.0
108,R41,5094.0
108,R42,152987.0
108,R43,2003326.0
108,R44,148.0
108,R45,949.0
108,R46,56.0
108,R47,1156.0
108,R48,53422.0
108,R49,61277.0
108,R50,4807984.0
108,R51,1469106.0
108,R52,534220.0
108,R53,14.0
108,R54,66778.0
108,R55,594.0
108,R56,1346.0
109,R1,9806454.0
109,R2,3432259.0
109,R3,2941936.0
109,R4,784516.0
109,R5,49032270.0
109,R6,147096810.0
109,R7,19612908.0
109,R8,52650.0
109,R9,70200.0
109,R10,3759140.0
109,R11,3105377.0
109,R12,1200.0
109,R13,840.0
109,R14,3269.0
109,R15,410.0
109,R16,1353.0
109,R17,98064.0
109,R18,131028.0
109,R19,817204.0
109,R20,65376.0
109,R21,2180.0
109,R22,817.0
109,R23,2615.0
109,R24,1168.0
109,R25,3343.0
109,R26,334.0
109,R27,29.0
109,R28,42.0
109,R29,690.0
109,R30,1282.0
109,R31,110.0
109,R32,208.0
109,R33,32.0
109,R34,690.0
109,R35,197.0
109,R36,36.0
109,R37,14.0
109,R38,4.0
109,R39,6537636.0
109,R40,3922582.0
109,R41,5850.0
109,R42,175633.0
109,R43,2451614.0
109,R44,224.0
109,R45,1134.0
109,R46,81.0
109,R47,1296.0
109,R48,65376.0
109,R49,70323.0
109,R50,5883872.0
109,R51,1798080.0
109,R52,653764.0
109,R53,18.0
109,R54,81860.0
109,R55,765.0
109,R56,1552.0
11,R1,1784676.0
11,R2,624636.0
11,R3,535402.0
11,R4,142774.0
11,R5,8923380.0
11,R6,26770140.0
11,R7,3569352.0
11,R8,8165.0
11,R9,10886.0
11,R10,684126.0
11,R11,565148.0
11,R12,911.44
11,R13,2124.0
11,R14,594.0
11,R15,74.0
11,R16,238.0
11,R17,17846.0
11,R18,23796.0
11,R19,148724.0
11,R20,11898.0
11,R21,396.0
11,R22,149.0
11,R23,476.0
11,R24,208.0
11,R25,594.0
11,R26,72.0
11,R27,16.0
11,R28,4.0
11,R29,143.0
11,R30,233.0
11,R31,21.0
11,R32,17.0
11,R33,0.0
11,R34,60.0
11,R35,16.0
11,R36,3.0
11,R37,0.0
11,R38,0.0
11,R39,1189784.0
11,R40,713870.0
11,R41,908.0
11,R42,27216.0
11,R43,446168.0
11,R44,4.0
11,R45,143.0
11,R46,4.0
11,R47,229.0
11,R48,11898.0
11,R49,10886.0
11,R50,1070806.0
11,R51,327190.0
11,R52,118978.0
11,R53,9.0
11,R54,14872.0
11,R55,138.0
11,R56,284.0
110,R1,39757068.0
110,R2,13914974.0
110,R3,11927120.0
110,R4,3181226.0
110,R5,198785340.0
110,R6,596356020.0
110,R7,79514136.0
110,R8,211877.0
110,R9,282503.0
110,R10,15240210.0
110,R11,12589738.0
110,R12,1200.0
110,R13,840.0
110,R14,13252.0
110,R15,1656.0
110,R16,5511.0
110,R17,397570.0
110,R18,531387.0
110,R19,3313089.0
110,R20,265048.0
110,R21,8835.0
110,R22,2200.0
110,R23,10601.0
110,R24,4638.0
110,R25,13252.0
110,R26,1168.0
110,R27,59.0
110,R28,26.0
110,R29,2650.0
110,R30,4417.0
110,R31,220.0
110,R32,361.0
110,R33,118.0
110,R34,1742.0
110,R35,65.0
110,R36,74.0
110,R37,5.0
110,R38,18.0
110,R39,26504712.0
110,R40,15902827.0
110,R41,23542.0
110,R42,706874.0
110,R43,9939267.0
110,R44,110.0
110,R45,3187.0
110,R46,38.0
110,R47,4907.0
110,R48,265048.0
110,R49,283076.0
110,R50,23854241.0
110,R51,7288796.0
110,R52,2650471.0
110,R53,74.0
110,R54,331308.0
110,R55,2945.0
110,R56,6024.0
111,R1,16063998.0
111,R2,5622399.0
111,R3,4819199.0
111,R4,1285119.0
111,R5,80319990.0
111,R6,240959970.0
111,R7,32127996.0
111,R8,80066.0
111,R9,106756.0
111,R10,6157866.0
111,R11,5086933.0
111,R12,1200.0
111,R13,840.0
111,R14,5354.0
111,R15,669.0
111,R16,2142.0
111,R17,160640.0
111,R18,214186.0
111,R19,1338666.0
111,R20,107094.0
111,R21,3570.0
111,R22,1338.0
111,R23,4284.0
111,R24,1874.0
111,R25,5354.0
111,R26,428.0
111,R27,35.0
111,R28,10.0
111,R29,1071.0
111,R30,1784.0
111,R31,44.0
111,R32,53.0
111,R33,7.0
111,R34,535.0
111,R35,37.0
111,R36,30.0
111,R37,2.0
111,R38,8.0
111,R39,10709332.0
111,R40,6425599.0
111,R41,8897.0
111,R42,266890.0
111,R43,4016000.0
111,R44,44.0
111,R45,1075.0
111,R46,16.0
111,R47,1784.0
111,R48,107094.0
111,R49,106756.0
111,R50,9638399.0
111,R51,2945066.0
111,R52,1070933.0
111,R53,30.0
111,R54,133867.0
111,R55,1190.0
111,R56,2434.0
112,R1,19846458.0
112,R2,6946260.0
112,R3,5953938.0
112,R4,1587716.0
112,R5,99232290.0
112,R6,297696870.0
112,R7,39692916.0
112,R8,104186.0
112,R9,138914.0
112,R10,7607809.0
112,R11,6284712.0
112,R12,1200.0
112,R13,840.0
112,R14,6616.0
112,R15,1007.0
112,R16,2646.0
112,R17,198464.0
112,R18,264620.0
112,R19,1653872.0
112,R20,132310.0
112,R21,4410.0
112,R22,1654.0
112,R23,5292.0
112,R24,2316.0
112,R25,6817.0
112,R26,535.0
112,R27,27.0
112,R28,44.0
112,R29,1326.0
112,R30,2757.0
112,R31,110.0
112,R32,132.0
112,R33,18.0
112,R34,662.0
112,R35,27.0
112,R36,74.0
112,R37,2.0
112,R38,69.0
112,R39,13230972.0
112,R40,7938584.0
112,R41,11576.0
112,R42,347286.0
112,R43,4961614.0
112,R44,122.0
112,R45,1630.0
112,R46,19.0
112,R47,2205.0
112,R48,132310.0
112,R49,138914.0
112,R50,11907874.0
112,R51,3638517.0
112,R52,1323098.0
112,R53,37.0
112,R54,165766.0
112,R55,1574.0
112,R56,3316.0
113,R1,22122990.0
113,R2,7743047.0
113,R3,6636897.0
113,R4,1769839.0
113,R5,110614950.0
113,R6,331844850.0
113,R7,44245980.0
113,R8,116822.0
113,R9,155764.0
113,R10,8480480.0
113,R11,7005613.0
113,R12,1200.0
113,R13,840.0
113,R14,7375.0
113,R15,958.0
113,R16,2950.0
113,R17,221230.0
113,R18,294974.0
113,R19,1843583.0
113,R20,147486.0
113,R21,4952.0
113,R22,1844.0
113,R23,5900.0
113,R24,2654.0
113,R25,7375.0
113,R26,692.0
113,R27,30.0
113,R28,105.0
113,R29,1523.0
113,R30,2459.0
113,R31,236.0
113,R32,530.0
113,R33,70.0
113,R34,1061.0
113,R35,450.0
113,R36,166.0
113,R37,21.0
113,R38,10.0
113,R39,14748660.0
113,R40,8849196.0
113,R41,12980.0
113,R42,389408.0
113,R43,5530747.0
113,R44,350.0
113,R45,1745.0
113,R46,154.0
113,R47,2567.0
113,R48,147486.0
113,R49,155764.0
113,R50,13273794.0
113,R51,4055882.0
113,R52,1474866.0
113,R53,40.0
113,R54,184358.0
113,R55,1638.0
113,R56,3442.0
114,R1,4019514.0
114,R2,1406830.0
114,R3,1205854.0
114,R4,321562.0
114,R5,20097570.0
114,R6,60292710.0
114,R7,8039028.0
114,R8,21090.0
114,R9,28121.0
114,R10,1540814.0
114,R11,1272846.0
114,R12,1067.92
114,R13,693.92
114,R14,1340.0
114,R15,183.0
114,R16,536.0
114,R17,40196.0
114,R18,53594.0
114,R19,334960.0
114,R20,26796.0
114,R21,893.0
114,R22,334.0
114,R23,1072.0
114,R24,468.0
114,R25,1340.0
114,R26,107.0
114,R27,10.0
114,R28,2.0
114,R29,286.0
114,R30,447.0
114,R31,12.0
114,R32,14.0
114,R33,2.0
114,R34,134.0
114,R35,10.0
114,R36,25.0
114,R37,0.0
114,R38,4.0
114,R39,2679676.0
114,R40,1607806.0
114,R41,2343.0
114,R42,70302.0
114,R43,1004878.0
114,R44,12.0
114,R45,270.0
114,R46,8.0
114,R47,447.0
114,R48,26796.0
114,R49,28121.0
114,R50,2411708.0
114,R51,736911.0
114,R52,267968.0
114,R53,26.0
114,R54,33496.0
114,R55,298.0
114,R56,609.0
115,R1,15622506.0
115,R2,5467878.0
115,R3,4686752.0
115,R4,1249800.0
115,R5,78112530.0
115,R6,234337590.0
115,R7,31245012.0
115,R8,81294.0
115,R9,108391.0
115,R10,5988628.0
115,R11,4947126.0
115,R12,1200.0
115,R13,821.12
115,R14,5208.0
115,R15,651.0
115,R16,2084.0
115,R17,156225.0
115,R18,208300.0
115,R19,1301875.0
115,R20,104150.0
115,R21,3472.0
115,R22,1301.0
115,R23,4166.0
115,R24,1823.0
115,R25,5208.0
115,R26,417.0
115,R27,25.0
115,R28,10.0
115,R29,1041.0
115,R30,1736.0
115,R31,44.0
115,R32,52.0
115,R33,45.0
115,R34,520.0
115,R35,29.0
115,R36,28.0
115,R37,2.0
115,R38,6.0
115,R39,10415004.0
115,R40,6249002.0
115,R41,9032.0
115,R42,270978.0
115,R43,3905627.0
115,R44,44.0
115,R45,1041.0
115,R46,15.0
115,R47,1736.0
115,R48,104150.0
115,R49,108391.0
115,R50,9373504.0
115,R51,2864126.0
115,R52,1041500.0
115,R53,28.0
115,R54,130188.0
115,R55,1157.0
115,R56,2368.0
116,R1,10972380.0
116,R2,3840333.0
116,R3,3291715.0
116,R4,877790.0
116,R5,54861900.0
116,R6,164585700.0
116,R7,21944760.0
116,R8,58704.0
116,R9,78272.0
116,R10,4206079.0
116,R11,3474587.0
116,R12,1200.0
116,R13,784.48
116,R14,3658.0
116,R15,476.0
116,R16,1463.0
116,R17,109724.0
116,R18,146298.0
116,R19,914365.0
116,R20,73150.0
116,R21,2438.0
116,R22,914.0
116,R23,2926.0
116,R24,1280.0
116,R25,3658.0
116,R26,292.0
116,R27,119.0
116,R28,7.0
116,R29,751.0
116,R30,1220.0
116,R31,30.0
116,R32,37.0
116,R33,4.0
116,R34,366.0
116,R35,15.0
116,R36,36.0
116,R37,2.0
116,R38,8.0
116,R39,7314920.0
116,R40,4388952.0
116,R41,6523.0
116,R42,195680.0
116,R43,2743095.0
116,R44,30.0
116,R45,731.0
116,R46,20.0
116,R47,1220.0
116,R48,73150.0
116,R49,78272.0
116,R50,6583428.0
116,R51,2011603.0
116,R52,731492.0
116,R53,41.0
116,R54,91436.0
116,R55,813.0
116,R56,1662.0
117,R1,6218076.0
117,R2,2176327.0
117,R3,1865423.0
117,R4,497552.0
117,R5,31090380.0
117,R6,93271140.0
117,R7,12436152.0
117,R8,36322.0
117,R9,48428.0
117,R10,2383596.0
117,R11,1969057.0
117,R12,1200.0
117,R13,840.0
117,R14,2073.0
117,R15,259.0
117,R16,863.0
117,R17,62181.0
117,R18,83115.0
117,R19,518173.0
117,R20,41454.0
117,R21,1454.0
117,R22,542.0
117,R23,1658.0
117,R24,798.0
117,R25,2075.0
117,R26,166.0
117,R27,8.0
117,R28,28.0
117,R29,415.0
117,R30,691.0
117,R31,36.0
117,R32,170.0
117,R33,2.0
117,R34,529.0
117,R35,56.0
117,R36,12.0
117,R37,0.0
117,R38,2.0
117,R39,4145384.0
117,R40,2487230.0
117,R41,4036.0
117,R42,121180.0
117,R43,1554519.0
117,R44,126.0
117,R45,710.0
117,R46,42.0
117,R47,889.0
117,R48,41454.0
117,R49,48528.0
117,R50,3730846.0
117,R51,1139981.0
117,R52,414538.0
117,R53,12.0
117,R54,51817.0
117,R55,460.0
117,R56,1040.0
118,R1,12225438.0
118,R2,4278903.0
118,R3,3667631.0
118,R4,978194.0
118,R5,61127190.0
118,R6,183381570.0
118,R7,24450876.0
118,R8,75268.0
118,R9,100358.0
118,R10,4686418.0
118,R11,3871389.0
118,R12,1200.0
118,R13,840.0
118,R14,4076.0
118,R15,522.0
118,R16,1680.0
118,R17,122254.0
118,R18,163317.0
118,R19,1018787.0
118,R20,81502.0
118,R21,2717.0
118,R22,1018.0
118,R23,3260.0
118,R24,1426.0
118,R25,4076.0
118,R26,398.0
118,R27,27.0
118,R28,8.0
118,R29,881.0
118,R30,1358.0
118,R31,64.0
118,R32,41.0
118,R33,42.0
118,R34,554.0
118,R35,113.0
118,R36,40.0
118,R37,2.0
118,R38,12.0
118,R39,8150292.0
118,R40,4890175.0
118,R41,8363.0
118,R42,251065.0
118,R43,3056359.0
118,R44,34.0
118,R45,993.0
118,R46,22.0
118,R47,1475.0
118,R48,81502.0
118,R49,100517.0
118,R50,7335263.0
118,R51,2241330.0
118,R52,815029.0
118,R53,45.0
118,R54,101878.0
118,R55,906.0
118,R56,1852.0
119,R1,15498312.0
119,R2,5424409.0
119,R3,4649494.0
119,R4,1239864.0
119,R5,77491560.0
119,R6,232474680.0
119,R7,30996624.0
119,R8,89070.0
119,R9,118760.0
119,R10,5941020.0
119,R11,4907799.0
119,R12,1200.0
119,R13,840.0
119,R14,5166.0
119,R15,649.0
119,R16,2066.0
119,R17,154983.0
119,R18,206644.0
119,R19,1291525.0
119,R20,103322.0
119,R21,3492.0
119,R22,1340.0
119,R23,4132.0
119,R24,1892.0
119,R25,5166.0
119,R26,414.0
119,R27,20.0
119,R28,70.0
119,R29,1034.0
119,R30,1729.0
119,R31,71.0
119,R32,333.0
119,R33,6.0
119,R34,827.0
119,R35,140.0
119,R36,29.0
119,R37,14.0
119,R38,146.0
119,R39,10332208.0
119,R40,6199324.0
119,R41,9896.0
119,R42,296899.0
119,R43,3874579.0
119,R44,314.0
119,R45,1286.0
119,R46,113.0
119,R47,1836.0
119,R48,103322.0
119,R49,118760.0
119,R50,9298988.0
119,R51,2841358.0
119,R52,1033220.0
119,R53,29.0
119,R54,129152.0
119,R55,1148.0
119,R56,2489.0
12,R1,3362640.0
12,R2,1176924.0
12,R3,1008792.0
12,R4,269012.0
12,R5,16813200.0
12,R6,50439600.0
12,R7,6725280.0
12,R8,15524.0
12,R9,20697.0
12,R10,1289012.0
12,R11,1064836.0
12,R12,970.48
12,R13,645.2
12,R14,1120.0
12,R15,151.0
12,R16,448.0
12,R17,33626.0
12,R18,44835.0
12,R19,280220.0
12,R20,22418.0
12,R21,748.0
12,R22,280.0
12,R23,896.0
12,R24,392.0
12,R25,1120.0
12,R26,120.0
12,R27,76.0
12,R28,4.0
12,R29,224.0
12,R30,374.0
12,R31,27.0
12,R32,22.0
12,R33,4.0
12,R34,128.0
12,R35,32.0
12,R36,6.0
12,R37,0.0
12,R38,4.0
12,R39,2241760.0
12,R40,1345056.0
12,R41,1725.0
12,R42,51744.0
12,R43,840660.0
12,R44,10.0
12,R45,224.0
12,R46,6.0
12,R47,374.0
12,R48,22418.0
12,R49,20697.0
12,R50,2017584.0
12,R51,616484.0
12,R52,224176.0
12,R53,14.0
12,R54,28022.0
12,R55,250.0
12,R56,510.0
120,R1,8527956.0
120,R2,2984784.0
120,R3,2558387.0
120,R4,682237.0
120,R5,42639780.0
120,R6,127919340.0
120,R7,17055912.0
120,R8,48036.0
120,R9,64184.0
120,R10,3269049.0
120,R11,2700520.0
120,R12,1200.0
120,R13,840.0
120,R14,2868.0
120,R15,378.0
120,R16,1137.0
120,R17,85280.0
120,R18,113706.0
120,R19,710664.0
120,R20,56853.0
120,R21,1944.0
120,R22,722.0
120,R23,2274.0
120,R24,1066.0
120,R25,2843.0
120,R26,308.0
120,R27,11.0
120,R28,42.0
120,R29,589.0
120,R30,1159.0
120,R31,49.0
120,R32,230.0
120,R33,3.0
120,R34,566.0
120,R35,143.0
120,R36,145.0
120,R37,43.0
120,R38,27.0
120,R39,5685304.0
120,R40,3411183.0
120,R41,5337.0
120,R42,160273.0
120,R43,2131988.0
120,R44,192.0
120,R45,907.0
120,R46,82.0
120,R47,1062.0
120,R48,57269.0
120,R49,64048.0
120,R50,5116773.0
120,R51,1563459.0
120,R52,568531.0
120,R53,32.0
120,R54,71066.0
120,R55,632.0
120,R56,1436.0
121,R1,6665436.0
121,R2,2332902.0
121,R3,1999630.0
121,R4,533313.0
121,R5,33327180.0
121,R6,99981540.0
121,R7,13330872.0
121,R8,39739.0
121,R9,52984.0
121,R10,2555084.0
121,R11,2110722.0
121,R12,1200.0
121,R13,840.0
121,R14,2222.0
121,R15,278.0
121,R16,913.0
121,R17,66752.0
121,R18,89026.0
121,R19,555452.0
121,R20,44436.0
121,R21,1481.0
121,R22,578.0
121,R23,1778.0
121,R24,790.0
121,R25,2264.0
121,R26,292.0
121,R27,13.0
121,R28,28.0
121,R29,493.0
121,R30,740.0
121,R31,122.0
121,R32,220.0
121,R33,14.0
121,R34,566.0
121,R35,177.0
121,R36,88.0
121,R37,0.0
121,R38,2.0
121,R39,4443624.0
121,R40,2666174.0
121,R41,4416.0
121,R42,132542.0
121,R43,1666360.0
121,R44,102.0
121,R45,707.0
121,R46,37.0
121,R47,882.0
121,R48,44436.0
121,R49,53060.0
121,R50,3999262.0
121,R51,1221997.0
121,R52,444362.0
121,R53,12.0
121,R54,55624.0
121,R55,515.0
121,R56,1082.0
122,R1,14451138.0
122,R2,5057898.0
122,R3,4335342.0
122,R4,1156092.0
122,R5,72255690.0
122,R6,216767070.0
122,R7,28902276.0
122,R8,89662.0
122,R9,119550.0
122,R10,5539602.0
122,R11,4576194.0
122,R12,1200.0
122,R13,840.0
122,R14,4862.0
122,R15,615.0
122,R16,1926.0
122,R17,144512.0
122,R18,192682.0
122,R19,1204262.0
122,R20,96340.0
122,R21,3212.0
122,R22,1204.0
122,R23,3854.0
122,R24,1686.0
122,R25,4818.0
122,R26,527.0
122,R27,27.0
122,R28,24.0
122,R29,982.0
122,R30,1606.0
122,R31,40.0
122,R32,96.0
122,R33,6.0
122,R34,482.0
122,R35,33.0
122,R36,73.0
122,R37,4.0
122,R38,21.0
122,R39,9634092.0
122,R40,5780456.0
122,R41,9963.0
122,R42,299163.0
122,R43,3612784.0
122,R44,40.0
122,R45,964.0
122,R46,26.0
122,R47,1606.0
122,R48,96340.0
122,R49,119550.0
122,R50,8670682.0
122,R51,2649809.0
122,R52,963410.0
122,R53,55.0
122,R54,120426.0
122,R55,1070.0
122,R56,2198.0
123,R1,6939582.0
123,R2,2428854.0
123,R3,2081874.0
123,R4,555166.0
123,R5,34697910.0
123,R6,104093730.0
123,R7,13879164.0
123,R8,43754.0
123,R9,58338.0
123,R10,2660174.0
123,R11,2197534.0
123,R12,1200.0
123,R13,840.0
123,R14,2327.0
123,R15,290.0
123,R16,926.0
123,R17,69396.0
123,R18,92528.0
123,R19,578298.0
123,R20,46264.0
123,R21,1613.0
123,R22,578.0
123,R23,1850.0
123,R24,809.0
123,R25,2314.0
123,R26,229.0
123,R27,10.0
123,R28,32.0
123,R29,463.0
123,R30,771.0
123,R31,20.0
123,R32,139.0
123,R33,2.0
123,R34,423.0
123,R35,58.0
123,R36,22.0
123,R37,0.0
123,R38,6.0
123,R39,4626388.0
123,R40,2775832.0
123,R41,4862.0
123,R42,146024.0
123,R43,1734896.0
123,R44,116.0
123,R45,619.0
123,R46,37.0
123,R47,921.0
123,R48,46264.0
123,R49,58338.0
123,R50,4163750.0
123,R51,1272256.0
123,R52,462638.0
123,R53,12.0
123,R54,57830.0
123,R55,514.0
123,R56,1100.0
124,R1,8331312.0
124,R2,2915959.0
124,R3,2499394.0
124,R4,666604.0
124,R5,41656560.0
124,R6,124969680.0
124,R7,16662624.0
124,R8,50766.0
124,R9,67686.0
124,R10,3193669.0
124,R11,2638249.0
124,R12,1103.28
124,R13,711.6
124,R14,2794.0
124,R15,347.0
124,R16,1142.0
124,R17,83313.0
124,R18,111280.0
124,R19,694276.0
124,R20,55542.0
124,R21,1852.0
124,R22,694.0
124,R23,2222.0
124,R24,972.0
124,R25,2778.0
124,R26,329.0
124,R27,11.0
124,R28,6.0
124,R29,592.0
124,R30,926.0
124,R31,44.0
124,R32,50.0
124,R33,28.0
124,R34,392.0
124,R35,131.0
124,R36,106.0
124,R37,28.0
124,R38,32.0
124,R39,5554208.0
124,R40,3332525.0
124,R41,5641.0
124,R42,169431.0
124,R43,2082828.0
124,R44,24.0
124,R45,673.0
124,R46,8.0
124,R47,1000.0
124,R48,55542.0
124,R49,67785.0
124,R50,4998787.0
124,R51,1527408.0
124,R52,555421.0
124,R53,15.0
124,R54,69428.0
124,R55,618.0
124,R56,1262.0
125,R1,10784910.0
125,R2,3774718.0
125,R3,3235473.0
125,R4,862966.0
125,R5,53924550.0
125,R6,161773650.0
125,R7,21569820.0
125,R8,66204.0
125,R9,88272.0
125,R10,4134216.0
125,R11,3415222.0
125,R12,1200.0
125,R13,780.16
125,R14,3624.0
125,R15,456.0
125,R16,1493.0
125,R17,107850.0
125,R18,144140.0
125,R19,898742.0
125,R20,71899.0
125,R21,2444.0
125,R22,922.0
125,R23,2876.0
125,R24,1342.0
125,R25,3595.0
125,R26,381.0
125,R27,25.0
125,R28,56.0
125,R29,719.0
125,R30,1199.0
125,R31,91.0
125,R32,319.0
125,R33,8.0
125,R34,706.0
125,R35,117.0
125,R36,40.0
125,R37,16.0
125,R38,8.0
125,R39,7189940.0
125,R40,4313964.0
125,R41,7356.0
125,R42,221052.0
125,R43,2696228.0
125,R44,216.0
125,R45,1072.0
125,R46,70.0
125,R47,1450.0
125,R48,71899.0
125,R49,88446.0
125,R50,6470946.0
125,R51,1977234.0
125,R52,718994.0
125,R53,20.0
125,R54,89875.0
125,R55,798.0
125,R56,1712.0
126,R1,9266028.0
126,R2,3243110.0
126,R3,2779809.0
126,R4,741282.0
126,R5,46330140.0
126,R6,138990420.0
126,R7,18532056.0
126,R8,59242.0
126,R9,78988.0
126,R10,3551978.0
126,R11,2934242.0
126,R12,1200.0
126,R13,840.0
126,R14,3088.0
126,R15,386.0
126,R16,1236.0
126,R17,92660.0
126,R18,123548.0
126,R19,772168.0
126,R20,61773.0
126,R21,2059.0
126,R22,772.0
126,R23,2470.0
126,R24,1082.0
126,R25,3088.0
126,R26,248.0
126,R27,17.0
126,R28,37.0
126,R29,618.0
126,R30,1032.0
126,R31,38.0
126,R32,175.0
126,R33,4.0
126,R34,495.0
126,R35,78.0
126,R36,18.0
126,R37,14.0
126,R38,4.0
126,R39,6177352.0
126,R40,3706412.0
126,R41,6582.0
126,R42,197472.0
126,R43,2316508.0
126,R44,139.0
126,R45,776.0
126,R46,59.0
126,R47,1114.0
126,R48,61773.0
126,R49,78988.0
126,R50,5559616.0
126,R51,1698772.0
126,R52,617736.0
126,R53,18.0
126,R54,77217.0
126,R55,686.0
126,R56,1452.0
127,R1,11706084.0
127,R2,4097129.0
127,R3,3511826.0
127,R4,936486.0
127,R5,58530420.0
127,R6,175591260.0
127,R7,23412168.0
127,R8,71371.0
127,R9,95320.0
127,R10,4487332.0
127,R11,3707587.0
127,R12,1200.0
127,R13,840.0
127,R14,3929.0
127,R15,567.0
127,R16,1561.0
127,R17,117060.0
127,R18,156081.0
127,R19,975507.0
127,R20,78040.0
127,R21,2601.0
127,R22,1022.0
127,R23,3122.0
127,R24,1366.0
127,R25,3902.0
127,R26,402.0
127,R27,47.0
127,R28,8.0
127,R29,828.0
127,R30,1300.0
127,R31,32.0
127,R32,78.0
127,R33,28.0
127,R34,438.0
127,R35,93.0
127,R36,44.0
127,R37,1.0
127,R38,42.0
127,R39,7804056.0
127,R40,4682434.0
127,R41,7931.0
127,R42,237900.0
127,R43,2926521.0
127,R44,32.0
127,R45,840.0
127,R46,11.0
127,R47,1300.0
127,R48,78040.0
127,R49,95160.0
127,R50,7023650.0
127,R51,2146116.0
127,R52,780406.0
127,R53,22.0
127,R54,97550.0
127,R55,867.0
127,R56,1774.0
128,R1,7336530.0
128,R2,2567786.0
128,R3,2200960.0
128,R4,586922.0
128,R5,36682650.0
128,R6,110047950.0
128,R7,14673060.0
128,R8,43457.0
128,R9,57942.0
128,R10,2812336.0
128,R11,2323234.0
128,R12,1200.0
128,R13,840.0
128,R14,2446.0
128,R15,306.0
128,R16,978.0
128,R17,73365.0
128,R18,97821.0
128,R19,611378.0
128,R20,48910.0
128,R21,1666.0
128,R22,624.0
128,R23,1956.0
128,R24,928.0
128,R25,2446.0
128,R26,195.0
128,R27,10.0
128,R28,35.0
128,R29,490.0
128,R30,816.0
128,R31,20.0
128,R32,181.0
128,R33,3.0
128,R34,508.0
128,R35,70.0
128,R36,13.0
128,R37,0.0
128,R38,3.0
128,R39,4891020.0
128,R40,2934612.0
128,R41,4828.0
128,R42,144857.0
128,R43,1834132.0
128,R44,164.0
128,R45,706.0
128,R46,49.0
128,R47,936.0
128,R48,48910.0
128,R49,57942.0
128,R50,4401918.0
128,R51,1345031.0
128,R52,489102.0
128,R53,13.0
128,R54,61138.0
128,R55,543.0
128,R56,1196.0
129,R1,8466774.0
129,R2,2963371.0
129,R3,2540032.0
129,R4,677479.0
129,R5,42333870.0
129,R6,127001610.0
129,R7,16933548.0
129,R8,50993.0
129,R9,67990.0
129,R10,3245597.0
129,R11,2681145.0
129,R12,1200.0
129,R13,840.0
129,R14,2822.0
129,R15,353.0
129,R16,1172.0
129,R17,84668.0
129,R18,113158.0
129,R19,705565.0
129,R20,56446.0
129,R21,1882.0
129,R22,705.0
129,R23,2257.0
129,R24,988.0
129,R25,2822.0
129,R26,226.0
129,R27,24.0
129,R28,5.0
129,R29,564.0
129,R30,940.0
129,R31,48.0
129,R32,28.0
129,R33,3.0
129,R34,356.0
129,R35,25.0
129,R36,16.0
129,R37,1.0
129,R38,4.0
129,R39,5644516.0
129,R40,3386710.0
129,R41,5666.0
129,R42,170121.0
129,R43,2116693.0
129,R44,24.0
129,R45,678.0
129,R46,8.0
129,R47,1041.0
129,R48,56446.0
129,R49,68124.0
129,R50,5080064.0
129,R51,1552242.0
129,R52,564452.0
129,R53,16.0
129,R54,70556.0
129,R55,628.0
129,R56,1282.0
13,R1,1597290.0
13,R2,559052.0
13,R3,479188.0
13,R4,127783.0
13,R5,7986450.0
13,R6,23959350.0
13,R7,3194580.0
13,R8,7994.0
13,R9,10658.0
13,R10,612294.0
13,R11,505808.0
13,R12,840.88
13,R13,1873.0
13,R14,532.0
13,R15,66.0
13,R16,213.0
13,R17,15973.0
13,R18,21297.0
13,R19,133108.0
13,R20,10648.0
13,R21,355.0
13,R22,133.0
13,R23,426.0
13,R24,186.0
13,R25,532.0
13,R26,42.0
13,R27,4.0
13,R28,1.0
13,R29,106.0
13,R30,179.0
13,R31,16.0
13,R32,29.0
13,R33,0.0
13,R34,54.0
13,R35,4.0
13,R36,2.0
13,R37,0.0
13,R38,0.0
13,R39,1064860.0
13,R40,638916.0
13,R41,899.0
13,R42,26646.0
13,R43,399322.0
13,R44,4.0
13,R45,106.0
13,R46,2.0
13,R47,177.0
13,R48,10648.0
13,R49,10658.0
13,R50,958374.0
13,R51,292836.0
13,R52,106486.0
13,R53,4.0
13,R54,13310.0
13,R55,119.0
13,R56,242.0
130,R1,18410520.0
130,R2,6443682.0
130,R3,5523156.0
130,R4,1472842.0
130,R5,92052600.0
130,R6,276157800.0
130,R7,36821040.0
130,R8,112236.0
130,R9,149648.0
130,R10,7057366.0
130,R11,5829998.0
130,R12,1200.0
130,R13,840.0
130,R14,6136.0
130,R15,767.0
130,R16,2454.0
130,R17,184106.0
130,R18,245474.0
130,R19,1534209.0
130,R20,122737.0
130,R21,4152.0
130,R22,1546.0
130,R23,4910.0
130,R24,2220.0
130,R25,6136.0
130,R26,491.0
130,R27,24.0
130,R28,84.0
130,R29,1228.0
130,R30,2046.0
130,R31,51.0
130,R32,392.0
130,R33,8.0
130,R34,890.0
130,R35,168.0
130,R36,34.0
130,R37,14.0
130,R38,8.0
130,R39,12273680.0
130,R40,7364208.0
130,R41,12471.0
130,R42,374118.0
130,R43,4602631.0
130,R44,357.0
130,R45,1444.0
130,R46,126.0
130,R47,2160.0
130,R48,122737.0
130,R49,149648.0
130,R50,11046312.0
130,R51,3375262.0
130,R52,1227368.0
130,R53,34.0
130,R54,153421.0
130,R55,1364.0
130,R56,2862.0
131,R1,5207088.0
131,R2,1822480.0
131,R3,1562126.0
131,R4,416568.0
131,R5,26035440.0
131,R6,78106320.0
131,R7,10414176.0
131,R8,32170.0
131,R9,42894.0
131,R10,1996050.0
131,R11,1648912.0
131,R12,1038.64
131,R13,679.36
131,R14,1736.0
131,R15,217.0
131,R16,694.0
131,R17,52070.0
131,R18,69428.0
131,R19,433924.0
131,R20,34714.0
131,R21,1158.0
131,R22,434.0
131,R23,1388.0
131,R24,608.0
131,R25,1736.0
131,R26,139.0
131,R27,6.0
131,R28,4.0
131,R29,347.0
131,R30,578.0
131,R31,15.0
131,R32,18.0
131,R33,2.0
131,R34,174.0
131,R35,6.0
131,R36,9.0
131,R37,0.0
131,R38,2.0
131,R39,3471392.0
131,R40,2082835.0
131,R41,3574.0
131,R42,107236.0
131,R43,1301772.0
131,R44,15.0
131,R45,347.0
131,R46,4.0
131,R47,578.0
131,R48,34714.0
131,R49,42894.0
131,R50,3124253.0
131,R51,954633.0
131,R52,347139.0
131,R53,9.0
131,R54,43392.0
131,R55,386.0
131,R56,789.0
132,R1,20798292.0
132,R2,7279402.0
132,R3,6239487.0
132,R4,1663863.0
132,R5,103991460.0
132,R6,311974380.0
132,R7,41596584.0
132,R8,107578.0
132,R9,143438.0
132,R10,7972678.0
132,R11,6586126.0
132,R12,1200.0
132,R13,840.0
132,R14,6933.0
132,R15,866.0
132,R16,2774.0
132,R17,207983.0
132,R18,277310.0
132,R19,1733192.0
132,R20,138656.0
132,R21,4622.0
132,R22,1734.0
132,R23,5546.0
132,R24,2426.0
132,R25,6933.0
132,R26,554.0
132,R27,38.0
132,R28,14.0
132,R29,1386.0
132,R30,2311.0
132,R31,58.0
132,R32,70.0
132,R33,8.0
132,R34,694.0
132,R35,41.0
132,R36,38.0
132,R37,2.0
132,R38,9.0
132,R39,13865528.0
132,R40,8319316.0
132,R41,11954.0
132,R42,358593.0
132,R43,5199572.0
132,R44,58.0
132,R45,1386.0
132,R46,20.0
132,R47,2311.0
132,R48,138656.0
132,R49,143438.0
132,R50,12478976.0
132,R51,3813020.0
132,R52,1386552.0
132,R53,38.0
132,R54,173319.0
132,R55,1540.0
132,R56,3152.0
133,R1,24861072.0
133,R2,8701376.0
133,R3,7458322.0
133,R4,1988886.0
133,R5,124305360.0
133,R6,372916080.0
133,R7,49722144.0
133,R8,121795.0
133,R9,162394.0
133,R10,9530078.0
133,R11,7872672.0
133,R12,1200.0
133,R13,840.0
133,R14,8287.0
133,R15,1042.0
133,R16,3315.0
133,R17,248610.0
133,R18,331480.0
133,R19,2071756.0
133,R20,165740.0
133,R21,5524.0
133,R22,2072.0
133,R23,6630.0
133,R24,2900.0
133,R25,8287.0
133,R26,662.0
133,R27,34.0
133,R28,16.0
133,R29,1657.0
133,R30,2771.0
133,R31,98.0
133,R32,83.0
133,R33,10.0
133,R34,828.0
133,R35,34.0
133,R36,46.0
133,R37,3.0
133,R38,12.0
133,R39,16574048.0
133,R40,9944428.0
133,R41,13532.0
133,R42,405986.0
133,R43,6215268.0
133,R44,70.0
133,R45,1662.0
133,R46,40.0
133,R47,2762.0
133,R48,165740.0
133,R49,162394.0
133,R50,14916644.0
133,R51,4557864.0
133,R52,1657404.0
133,R53,46.0
133,R54,207176.0
133,R55,1842.0
133,R56,3767.0
134,R1,22096278.0
134,R2,7733698.0
134,R3,6628884.0
134,R4,1767702.0
134,R5,110481390.0
134,R6,331444170.0
134,R7,44192556.0
134,R8,113976.0
134,R9,151968.0
134,R10,8470240.0
134,R11,6997154.0
134,R12,1200.0
134,R13,840.0
134,R14,7365.0
134,R15,927.0
134,R16,2946.0
134,R17,220962.0
134,R18,294617.0
134,R19,1841356.0
134,R20,147308.0
134,R21,5244.0
134,R22,1841.0
134,R23,5892.0
134,R24,2578.0
134,R25,7365.0
134,R26,590.0
134,R27,39.0
134,R28,30.0
134,R29,1473.0
134,R30,2461.0
134,R31,194.0
134,R32,74.0
134,R33,9.0
134,R34,737.0
134,R35,42.0
134,R36,40.0
134,R37,2.0
134,R38,76.0
134,R39,14730852.0
134,R40,8838511.0
134,R41,12664.0
134,R42,380268.0
134,R43,5524070.0
134,R44,62.0
134,R45,1481.0
134,R46,40.0
134,R47,2742.0
134,R48,147308.0
134,R49,151968.0
134,R50,13257767.0
134,R51,4051621.0
134,R52,1473085.0
134,R53,40.0
134,R54,184136.0
134,R55,1637.0
134,R56,3348.0
135,R1,28632036.0
135,R2,10021212.0
135,R3,8589611.0
135,R4,2290563.0
135,R5,143160180.0
135,R6,429480540.0
135,R7,57264072.0
135,R8,143311.0
135,R9,191081.0
135,R10,10975613.0
135,R11,9066812.0
135,R12,1200.0
135,R13,840.0
135,R14,9544.0
135,R15,1194.0
135,R16,3817.0
135,R17,286320.0
135,R18,381760.0
135,R19,2386004.0
135,R20,190880.0
135,R21,6362.0
135,R22,2200.0
135,R23,7636.0
135,R24,3340.0
135,R25,9544.0
135,R26,764.0
135,R27,50.0
135,R28,19.0
135,R29,1909.0
135,R30,3182.0
135,R31,80.0
135,R32,96.0
135,R33,12.0
135,R34,954.0
135,R35,51.0
135,R36,54.0
135,R37,4.0
135,R38,12.0
135,R39,19088024.0
135,R40,11452815.0
135,R41,15924.0
135,R42,477702.0
135,R43,7158008.0
135,R44,80.0
135,R45,1909.0
135,R46,27.0
135,R47,3182.0
135,R48,190880.0
135,R49,191081.0
135,R50,17179221.0
135,R51,5249207.0
135,R52,1908803.0
135,R53,54.0
135,R54,238601.0
135,R55,2121.0
135,R56,4338.0
136,R1,14014914.0
136,R2,4905220.0
136,R3,4204474.0
136,R4,1121193.0
136,R5,70074570.0
136,R6,210223710.0
136,R7,28029828.0
136,R8,70872.0
136,R9,94497.0
136,R10,5372384.0
136,R11,4438056.0
136,R12,1200.0
136,R13,840.0
136,R14,4672.0
136,R15,584.0
136,R16,1868.0
136,R17,140149.0
136,R18,186866.0
136,R19,1167910.0
136,R20,93432.0
136,R21,3114.0
136,R22,1168.0
136,R23,3738.0
136,R24,1636.0
136,R25,4672.0
136,R26,374.0
136,R27,18.0
136,R28,9.0
136,R29,934.0
136,R30,1557.0
136,R31,39.0
136,R32,46.0
136,R33,6.0
136,R34,468.0
136,R35,18.0
136,R36,26.0
136,R37,2.0
136,R38,6.0
136,R39,9343276.0
136,R40,5605965.0
136,R41,7874.0
136,R42,236241.0
136,R43,3503728.0
136,R44,39.0
136,R45,934.0
136,R46,14.0
136,R47,1557.0
136,R48,93432.0
136,R49,94497.0
136,R50,8408949.0
136,R51,2569401.0
136,R52,934327.0
136,R53,26.0
136,R54,116790.0
136,R55,1038.0
136,R56,2124.0
137,R1,11041326.0
137,R2,3864464.0
137,R3,3312398.0
137,R4,883306.0
137,R5,55206630.0
137,R6,165619890.0
137,R7,22082652.0
137,R8,56593.0
137,R9,75456.0
137,R10,4232508.0
137,R11,3496420.0
137,R12,1200.0
137,R13,840.0
137,R14,3681.0
137,R15,460.0
137,R16,1472.0
137,R17,110413.0
137,R18,147218.0
137,R19,920110.0
137,R20,73608.0
137,R21,2454.0
137,R22,920.0
137,R23,2944.0
137,R24,1289.0
137,R25,3681.0
137,R26,295.0
137,R27,15.0
137,R28,8.0
137,R29,736.0
137,R30,1227.0
137,R31,31.0
137,R32,37.0
137,R33,5.0
137,R34,368.0
137,R35,15.0
137,R36,21.0
137,R37,2.0
137,R38,5.0
137,R39,7360884.0
137,R40,4416531.0
137,R41,6288.0
137,R42,188640.0
137,R43,2760332.0
137,R44,31.0
137,R45,736.0
137,R46,10.0
137,R47,1227.0
137,R48,73608.0
137,R49,75456.0
137,R50,6624795.0
137,R51,2024243.0
137,R52,736089.0
137,R53,21.0
137,R54,92012.0
137,R55,818.0
137,R56,1673.0
138,R1,20662134.0
138,R2,7231746.0
138,R3,6198640.0
138,R4,1652971.0
138,R5,103310670.0
138,R6,309932010.0
138,R7,41324268.0
138,R8,104240.0
138,R9,138986.0
138,R10,7920484.0
138,R11,6543010.0
138,R12,1200.0
138,R13,840.0
138,R14,6888.0
138,R15,861.0
138,R16,2755.0
138,R17,206621.0
138,R18,275495.0
138,R19,1721845.0
138,R20,137748.0
138,R21,4592.0
138,R22,1722.0
138,R23,5510.0
138,R24,2411.0
138,R25,6888.0
138,R26,551.0
138,R27,41.0
138,R28,14.0
138,R29,1378.0
138,R30,2296.0
138,R31,58.0
138,R32,69.0
138,R33,8.0
138,R34,688.0
138,R35,41.0
138,R36,38.0
138,R37,3.0
138,R38,9.0
138,R39,13774756.0
138,R40,8264853.0
138,R41,11582.0
138,R42,347466.0
138,R43,5165533.0
138,R44,58.0
138,R45,1380.0
138,R46,20.0
138,R47,2296.0
138,R48,137748.0
138,R49,138986.0
138,R50,12397281.0
138,R51,3788058.0
138,R52,1377475.0
138,R53,38.0
138,R54,172185.0
138,R55,1530.0
138,R56,3131.0
139,R1,7818288.0
139,R2,2736400.0
139,R3,2345486.0
139,R4,625464.0
139,R5,39091440.0
139,R6,117274320.0
139,R7,15636576.0
139,R8,37784.0
139,R9,50380.0
139,R10,2997010.0
139,R11,2475792.0
139,R12,1200.0
139,R13,840.0
139,R14,2606.0
139,R15,326.0
139,R16,1042.0
139,R17,78183.0
139,R18,104244.0
139,R19,651524.0
139,R20,52121.0
139,R21,1737.0
139,R22,652.0
139,R23,2084.0
139,R24,912.0
139,R25,2606.0
139,R26,208.0
139,R27,10.0
139,R28,6.0
139,R29,522.0
139,R30,869.0
139,R31,22.0
139,R32,26.0
139,R33,3.0
139,R34,261.0
139,R35,10.0
139,R36,32.0
139,R37,1.0
139,R38,21.0
139,R39,5212192.0
139,R40,3127316.0
139,R41,4198.0
139,R42,125950.0
139,R43,1954572.0
139,R44,22.0
139,R45,522.0
139,R46,8.0
139,R47,869.0
139,R48,52121.0
139,R49,50380.0
139,R50,4690972.0
139,R51,1433353.0
139,R52,521220.0
139,R53,15.0
139,R54,65153.0
139,R55,579.0
139,R56,1184.0
14,R1,6472152.0
14,R2,2265253.0
14,R3,1941645.0
14,R4,517772.0
14,R5,32360760.0
14,R6,97082280.0
14,R7,12944304.0
14,R8,27655.0
14,R9,36874.0
14,R10,2480992.0
14,R11,2049515.0
14,R12,1200.0
14,R13,840.0
14,R14,2158.0
14,R15,269.0
14,R16,862.0
14,R17,64722.0
14,R18,86295.0
14,R19,539346.0
14,R20,43148.0
14,R21,1439.0
14,R22,540.0
14,R23,1726.0
14,R24,756.0
14,R25,2158.0
14,R26,173.0
14,R27,13.0
14,R28,8.0
14,R29,432.0
14,R30,719.0
14,R31,18.0
14,R32,22.0
14,R33,2.0
14,R34,216.0
14,R35,8.0
14,R36,12.0
14,R37,0.0
14,R38,2.0
14,R39,4314768.0
14,R40,2588860.0
14,R41,3072.0
14,R42,92184.0
14,R43,1618038.0
14,R44,18.0
14,R45,432.0
14,R46,6.0
14,R47,719.0
14,R48,43148.0
14,R49,36874.0
14,R50,3883292.0
14,R51,1186562.0
14,R52,431476.0
14,R53,12.0
14,R54,53934.0
14,R55,480.0
14,R56,981.0
140,R1,28089870.0
140,R2,9831454.0
140,R3,8426960.0
140,R4,2247190.0
140,R5,140449350.0
140,R6,421348050.0
140,R7,56179740.0
140,R8,153121.0
140,R9,204162.0
140,R10,10767784.0
140,R11,8895126.0
140,R12,1200.0
140,R13,840.0
140,R14,9364.0
140,R15,1180.0
140,R16,3746.0
140,R17,280898.0
140,R18,374532.0
140,R19,2340822.0
140,R20,187266.0
140,R21,6242.0
140,R22,2200.0
140,R23,7490.0
140,R24,3278.0
140,R25,9364.0
140,R26,750.0
140,R27,38.0
140,R28,18.0
140,R29,1889.0
140,R30,3121.0
140,R31,100.0
140,R32,94.0
140,R33,12.0
140,R34,936.0
140,R35,38.0
140,R36,77.0
140,R37,4.0
140,R38,22.0
140,R39,18726580.0
140,R40,11235948.0
140,R41,17013.0
140,R42,510406.0
140,R43,7022468.0
140,R44,78.0
140,R45,1873.0
140,R46,52.0
140,R47,3121.0
140,R48,187266.0
140,R49,204162.0
140,R50,16853922.0
140,R51,5149810.0
140,R52,1872658.0
140,R53,81.0
140,R54,234082.0
140,R55,2081.0
140,R56,4256.0
141,R1,9888690.0
141,R2,3461041.0
141,R3,2966607.0
141,R4,791095.0
141,R5,49443450.0
141,R6,148330350.0
141,R7,19777380.0
141,R8,58876.0
141,R9,78502.0
141,R10,3790664.0
141,R11,3131419.0
141,R12,1200.0
141,R13,840.0
141,R14,3296.0
141,R15,412.0
141,R16,1319.0
141,R17,98886.0
141,R18,131849.0
141,R19,824058.0
141,R20,65924.0
141,R21,2198.0
141,R22,824.0
141,R23,2636.0
141,R24,1154.0
141,R25,3296.0
141,R26,375.0
141,R27,14.0
141,R28,6.0
141,R29,660.0
141,R30,1099.0
141,R31,28.0
141,R32,177.0
141,R33,28.0
141,R34,425.0
141,R35,14.0
141,R36,18.0
141,R37,1.0
141,R38,4.0
141,R39,6592460.0
141,R40,3955476.0
141,R41,6542.0
141,R42,196254.0
141,R43,2472172.0
141,R44,28.0
141,R45,708.0
141,R46,10.0
141,R47,1099.0
141,R48,65924.0
141,R49,78502.0
141,R50,5933214.0
141,R51,1812926.0
141,R52,659246.0
141,R53,18.0
141,R54,82406.0
141,R55,733.0
141,R56,1498.0
142,R1,20995026.0
142,R2,7348259.0
142,R3,6298508.0
142,R4,1679602.0
142,R5,104975130.0
142,R6,314925390.0
142,R7,41990052.0
142,R8,105755.0
142,R9,141006.0
142,R10,8048093.0
142,R11,6648425.0
142,R12,1200.0
142,R13,840.0
142,R14,6998.0
142,R15,917.0
142,R16,2800.0
142,R17,209950.0
142,R18,279934.0
142,R19,1749586.0
142,R20,139967.0
142,R21,4665.0
142,R22,1750.0
142,R23,5598.0
142,R24,2450.0
142,R25,6998.0
142,R26,560.0
142,R27,28.0
142,R28,14.0
142,R29,1515.0
142,R30,2339.0
142,R31,253.0
142,R32,244.0
142,R33,8.0
142,R34,700.0
142,R35,124.0
142,R36,207.0
142,R37,2.0
142,R38,10.0
142,R39,13996684.0
142,R40,8398010.0
142,R41,11751.0
142,R42,352517.0
142,R43,5248756.0
142,R44,58.0
142,R45,1407.0
142,R46,42.0
142,R47,2332.0
142,R48,139967.0
142,R49,141006.0
142,R50,12597016.0
142,R51,3849088.0
142,R52,1399668.0
142,R53,39.0
142,R54,174959.0
142,R55,1556.0
142,R56,3188.0
143,R1,22043334.0
143,R2,7715167.0
143,R3,6613000.0
143,R4,1763467.0
143,R5,110216670.0
143,R6,330650010.0
143,R7,44086668.0
143,R8,110046.0
143,R9,146729.0
143,R10,8449945.0
143,R11,6980389.0
143,R12,1200.0
143,R13,840.0
143,R14,7348.0
143,R15,932.0
143,R16,2940.0
143,R17,220434.0
143,R18,293912.0
143,R19,1836944.0
143,R20,146956.0
143,R21,4898.0
143,R22,1836.0
143,R23,5878.0
143,R24,2572.0
143,R25,7348.0
143,R26,588.0
143,R27,42.0
143,R28,14.0
143,R29,1483.0
143,R30,2450.0
143,R31,61.0
143,R32,74.0
143,R33,10.0
143,R34,735.0
143,R35,40.0
143,R36,73.0
143,R37,2.0
143,R38,20.0
143,R39,14695556.0
143,R40,8817334.0
143,R41,12227.0
143,R42,366822.0
143,R43,5510834.0
143,R44,61.0
143,R45,1471.0
143,R46,40.0
143,R47,2450.0
143,R48,146956.0
143,R49,146729.0
143,R50,13226000.0
143,R51,4041278.0
143,R52,1469556.0
143,R53,73.0
143,R54,183694.0
143,R55,1632.0
143,R56,3340.0
144,R1,9388248.0
144,R2,3285887.0
144,R3,2816475.0
144,R4,751060.0
144,R5,46941240.0
144,R6,140823720.0
144,R7,18776496.0
144,R8,46954.0
144,R9,62606.0
144,R10,3598828.0
144,R11,2972945.0
144,R12,1200.0
144,R13,840.0
144,R14,3130.0
144,R15,392.0
144,R16,1252.0
144,R17,93882.0
144,R18,125177.0
144,R19,782354.0
144,R20,62588.0
144,R21,2086.0
144,R22,782.0
144,R23,2504.0
144,R24,1116.0
144,R25,3130.0
144,R26,251.0
144,R27,19.0
144,R28,6.0
144,R29,704.0
144,R30,1044.0
144,R31,26.0
144,R32,31.0
144,R33,4.0
144,R34,312.0
144,R35,17.0
144,R36,37.0
144,R37,1.0
144,R38,8.0
144,R39,6258832.0
144,R40,3755300.0
144,R41,5217.0
144,R42,156516.0
144,R43,2347062.0
144,R44,26.0
144,R45,646.0
144,R46,9.0
144,R47,1044.0
144,R48,62588.0
144,R49,62606.0
144,R50,5632948.0
144,R51,1721178.0
144,R52,625884.0
144,R53,18.0
144,R54,78235.0
144,R55,696.0
144,R56,1422.0
145,R1,15283104.0
145,R2,5349087.0
145,R3,4584932.0
145,R4,1222648.0
145,R5,76415520.0
145,R6,229246560.0
145,R7,30566208.0
145,R8,76162.0
145,R9,101550.0
145,R10,5858524.0
145,R11,4839649.0
145,R12,1200.0
145,R13,840.0
145,R14,5094.0
145,R15,642.0
145,R16,2043.0
145,R17,152832.0
145,R18,203775.0
145,R19,1273592.0
145,R20,101888.0
145,R21,3396.0
145,R22,1274.0
145,R23,4076.0
145,R24,1784.0
145,R25,5094.0
145,R26,527.0
145,R27,51.0
145,R28,11.0
145,R29,1018.0
145,R30,1702.0
145,R31,74.0
145,R32,357.0
145,R33,42.0
145,R34,606.0
145,R35,20.0
145,R36,28.0
145,R37,2.0
145,R38,6.0
145,R39,10188736.0
145,R40,6113242.0
145,R41,8462.0
145,R42,253875.0
145,R43,3820776.0
145,R44,42.0
145,R45,1025.0
145,R46,24.0
145,R47,1698.0
145,R48,101888.0
145,R49,101550.0
145,R50,9169862.0
145,R51,2801902.0
145,R52,1018874.0
145,R53,28.0
145,R54,127360.0
145,R55,1132.0
145,R56,2316.0
146,R1,26512782.0
146,R2,9279474.0
146,R3,7953835.0
146,R4,2121022.0
146,R5,132563910.0
146,R6,397691730.0
146,R7,53025564.0
146,R8,127902.0
146,R9,170536.0
146,R10,10163233.0
146,R11,8395714.0
146,R12,1200.0
146,R13,840.0
146,R14,8838.0
146,R15,1104.0
146,R16,3536.0
146,R17,265128.0
146,R18,353504.0
146,R19,2209398.0
146,R20,176752.0
146,R21,5891.0
146,R22,2200.0
146,R23,7070.0
146,R24,3093.0
146,R25,8838.0
146,R26,708.0
146,R27,135.0
146,R28,18.0
146,R29,1768.0
146,R30,2946.0
146,R31,74.0
146,R32,88.0
146,R33,12.0
146,R34,883.0
146,R35,52.0
146,R36,49.0
146,R37,4.0
146,R38,60.0
146,R39,17675188.0
146,R40,10605112.0
146,R41,14212.0
146,R42,426339.0
146,R43,6628196.0
146,R44,74.0
146,R45,1768.0
146,R46,26.0
146,R47,2946.0
146,R48,176752.0
146,R49,170536.0
146,R50,15907670.0
146,R51,4860676.0
146,R52,1767518.0
146,R53,49.0
146,R54,220940.0
146,R55,1964.0
146,R56,4017.0
147,R1,14988936.0
147,R2,5246127.0
147,R3,4496680.0
147,R4,1199115.0
147,R5,74944680.0
147,R6,224834040.0
147,R7,29977872.0
147,R8,74568.0
147,R9,99424.0
147,R10,5745758.0
147,R11,4746497.0
147,R12,1200.0
147,R13,840.0
147,R14,4996.0
147,R15,624.0
147,R16,1998.0
147,R17,149890.0
147,R18,199852.0
147,R19,1249078.0
147,R20,99926.0
147,R21,3330.0
147,R22,1249.0
147,R23,3998.0
147,R24,1749.0
147,R25,4996.0
147,R26,400.0
147,R27,20.0
147,R28,10.0
147,R29,1000.0
147,R30,1666.0
147,R31,42.0
147,R32,50.0
147,R33,6.0
147,R34,499.0
147,R35,20.0
147,R36,28.0
147,R37,2.0
147,R38,6.0
147,R39,9992624.0
147,R40,5995574.0
147,R41,8286.0
147,R42,248560.0
147,R43,3747234.0
147,R44,122.0
147,R45,1000.0
147,R46,14.0
147,R47,1666.0
147,R48,99926.0
147,R49,99424.0
147,R50,8993362.0
147,R51,2747972.0
147,R52,999262.0
147,R53,28.0
147,R54,124908.0
147,R55,1110.0
147,R56,2272.0
148,R1,11211174.0
148,R2,3923910.0
148,R3,3363352.0
148,R4,896894.0
148,R5,56055870.0
148,R6,168167610.0
148,R7,22422348.0
148,R8,56464.0
148,R9,75285.0
148,R10,4297616.0
148,R11,3550206.0
148,R12,1200.0
148,R13,840.0
148,R14,3737.0
148,R15,486.0
148,R16,1494.0
148,R17,112112.0
148,R18,149482.0
148,R19,934264.0
148,R20,74742.0
148,R21,2491.0
148,R22,934.0
148,R23,2990.0
148,R24,1308.0
148,R25,3737.0
148,R26,298.0
148,R27,14.0
148,R28,8.0
148,R29,768.0
148,R30,1246.0
148,R31,142.0
148,R32,38.0
148,R33,4.0
148,R34,374.0
148,R35,347.0
148,R36,63.0
148,R37,2.0
148,R38,12.0
148,R39,7474116.0
148,R40,4484469.0
148,R41,6274.0
148,R42,188214.0
148,R43,2802794.0
148,R44,31.0
148,R45,769.0
148,R46,22.0
148,R47,1246.0
148,R48,74742.0
148,R49,75285.0
148,R50,6726705.0
148,R51,2055382.0
148,R52,747411.0
148,R53,38.0
148,R54,93426.0
148,R55,830.0
148,R56,1698.0
149,R1,22091376.0
149,R2,7731982.0
149,R3,6627413.0
149,R4,1767310.0
149,R5,110456880.0
149,R6,331370640.0
149,R7,44182752.0
149,R8,110840.0
149,R9,147786.0
149,R10,8468360.0
149,R11,6995602.0
149,R12,1200.0
149,R13,840.0
149,R14,7364.0
149,R15,921.0
149,R16,2946.0
149,R17,220914.0
149,R18,294552.0
149,R19,1840948.0
149,R20,147276.0
149,R21,4910.0
149,R22,1840.0
149,R23,5892.0
149,R24,2578.0
149,R25,7364.0
149,R26,590.0
149,R27,30.0
149,R28,14.0
149,R29,1472.0
149,R30,2454.0
149,R31,61.0
149,R32,73.0
149,R33,10.0
149,R34,736.0
149,R35,30.0
149,R36,78.0
149,R37,2.0
149,R38,20.0
149,R39,14727584.0
149,R40,8836550.0
149,R41,12316.0
149,R42,369466.0
149,R43,5522844.0
149,R44,61.0
149,R45,1493.0
149,R46,22.0
149,R47,2454.0
149,R48,147276.0
149,R49,147786.0
149,R50,13254826.0
149,R51,4050086.0
149,R52,1472758.0
149,R53,41.0
149,R54,184095.0
149,R55,1636.0
149,R56,3348.0
15,R1,2546898.0
15,R2,891414.0
15,R3,764070.0
15,R4,203752.0
15,R5,12734490.0
15,R6,38203470.0
15,R7,5093796.0
15,R8,13272.0
15,R9,17695.0
15,R10,976310.0
15,R11,806517.0
15,R12,1020.88
15,R13,670.48
15,R14,849.0
15,R15,106.0
15,R16,340.0
15,R17,25468.0
15,R18,33959.0
15,R19,212242.0
15,R20,16979.0
15,R21,566.0
15,R22,212.0
15,R23,679.0
15,R24,297.0
15,R25,849.0
15,R26,68.0
15,R27,6.0
15,R28,4.0
15,R29,196.0
15,R30,309.0
15,R31,14.0
15,R32,8.0
15,R33,1.0
15,R34,84.0
15,R35,3.0
15,R36,4.0
15,R37,0.0
15,R38,1.0
15,R39,1697932.0
15,R40,1018760.0
15,R41,1474.0
15,R42,44237.0
15,R43,636724.0
15,R44,8.0
15,R45,192.0
15,R46,4.0
15,R47,297.0
15,R48,16979.0
15,R49,17695.0
15,R50,1528138.0
15,R51,466932.0
15,R52,169794.0
15,R53,8.0
15,R54,21224.0
15,R55,188.0
15,R56,398.0
150,R1,26690154.0
150,R2,9341553.0
150,R3,8007046.0
150,R4,2135212.0
150,R5,133450770.0
150,R6,400352310.0
150,R7,53380308.0
150,R8,136222.0
150,R9,181628.0
150,R10,10231225.0
150,R11,8451882.0
150,R12,1200.0
150,R13,840.0
150,R14,8896.0
150,R15,1148.0
150,R16,3558.0
150,R17,266901.0
150,R18,355868.0
150,R19,2224180.0
150,R20,177934.0
150,R21,5932.0
150,R22,2200.0
150,R23,7118.0
150,R24,3114.0
150,R25,8896.0
150,R26,711.0
150,R27,36.0
150,R28,18.0
150,R29,1780.0
150,R30,2966.0
150,R31,236.0
150,R32,209.0
150,R33,12.0
150,R34,890.0
150,R35,150.0
150,R36,224.0
150,R37,4.0
150,R38,12.0
150,R39,17793436.0
150,R40,10676062.0
150,R41,15135.0
150,R42,454071.0
150,R43,6672538.0
150,R44,74.0
150,R45,1780.0
150,R46,25.0
150,R47,2966.0
150,R48,177934.0
150,R49,181628.0
150,R50,16014092.0
150,R51,4893195.0
150,R52,1779344.0
150,R53,50.0
150,R54,222418.0
150,R55,1978.0
150,R56,4044.0
151,R1,12186042.0
151,R2,4265115.0
151,R3,3655813.0
151,R4,974884.0
151,R5,60930210.0
151,R6,182790630.0
151,R7,24372084.0
151,R8,65263.0
151,R9,87018.0
151,R10,4671316.0
151,R11,3858913.0
151,R12,1200.0
151,R13,840.0
151,R14,4062.0
151,R15,508.0
151,R16,1627.0
151,R17,121860.0
151,R18,162481.0
151,R19,1015504.0
151,R20,81240.0
151,R21,2708.0
151,R22,1016.0
151,R23,3250.0
151,R24,1422.0
151,R25,4062.0
151,R26,324.0
151,R27,16.0
151,R28,8.0
151,R29,841.0
151,R30,1354.0
151,R31,34.0
151,R32,41.0
151,R33,5.0
151,R34,406.0
151,R35,16.0
151,R36,22.0
151,R37,2.0
151,R38,35.0
151,R39,8124028.0
151,R40,4874416.0
151,R41,7251.0
151,R42,217544.0
151,R43,3046510.0
151,R44,34.0
151,R45,812.0
151,R46,12.0
151,R47,1372.0
151,R48,81240.0
151,R49,87018.0
151,R50,7311626.0
151,R51,2234108.0
151,R52,812402.0
151,R53,22.0
151,R54,101550.0
151,R55,902.0
151,R56,1846.0
152,R1,18039228.0
152,R2,6313730.0
152,R3,5411768.0
152,R4,1443138.0
152,R5,90196140.0
152,R6,270588420.0
152,R7,36078456.0
152,R8,94950.0
152,R9,126600.0
152,R10,6915038.0
152,R11,5712422.0
152,R12,1200.0
152,R13,840.0
152,R14,6013.0
152,R15,756.0
152,R16,2406.0
152,R17,180392.0
152,R18,240524.0
152,R19,1503269.0
152,R20,120262.0
152,R21,4008.0
152,R22,1504.0
152,R23,4810.0
152,R24,2104.0
152,R25,6013.0
152,R26,482.0
152,R27,24.0
152,R28,12.0
152,R29,1202.0
152,R30,2010.0
152,R31,75.0
152,R32,60.0
152,R33,8.0
152,R34,601.0
152,R35,24.0
152,R36,67.0
152,R37,2.0
152,R38,16.0
152,R39,12026152.0
152,R40,7215691.0
152,R41,10550.0
152,R42,316500.0
152,R43,4509807.0
152,R44,50.0
152,R45,1225.0
152,R46,37.0
152,R47,2004.0
152,R48,120262.0
152,R49,126600.0
152,R50,10823537.0
152,R51,3307192.0
152,R52,1202615.0
152,R53,33.0
152,R54,150326.0
152,R55,1336.0
152,R56,2734.0
153,R1,24127458.0
153,R2,8444610.0
153,R3,7238238.0
153,R4,1930196.0
153,R5,120637290.0
153,R6,361911870.0
153,R7,48254916.0
153,R8,134114.0
153,R9,178818.0
153,R10,9248858.0
153,R11,7642085.0
153,R12,1200.0
153,R13,840.0
153,R14,8042.0
153,R15,1006.0
153,R16,3216.0
153,R17,241274.0
153,R18,321699.0
153,R19,2010992.0
153,R20,160850.0
153,R21,5361.0
153,R22,2010.0
153,R23,6434.0
153,R24,2814.0
153,R25,8042.0
153,R26,644.0
153,R27,32.0
153,R28,16.0
153,R29,1608.0
153,R30,2681.0
153,R31,68.0
153,R32,162.0
153,R33,121.0
153,R34,804.0
153,R35,32.0
153,R36,45.0
153,R37,3.0
153,R38,11.0
153,R39,16084972.0
153,R40,9650984.0
153,R41,14901.0
153,R42,447471.0
153,R43,6031864.0
153,R44,136.0
153,R45,1608.0
153,R46,22.0
153,R47,2681.0
153,R48,160850.0
153,R49,179213.0
153,R50,14476474.0
153,R51,4423367.0
153,R52,1608498.0
153,R53,90.0
153,R54,201062.0
153,R55,1791.0
153,R56,3656.0
154,R1,26903952.0
154,R2,9416383.0
154,R3,8071186.0
154,R4,2152316.0
154,R5,134519760.0
154,R6,403559280.0
154,R7,53807904.0
154,R8,144318.0
154,R9,192424.0
154,R10,10313182.0
154,R11,8519585.0
154,R12,1200.0
154,R13,840.0
154,R14,8968.0
154,R15,1120.0
154,R16,3587.0
154,R17,269040.0
154,R18,358719.0
154,R19,2241996.0
154,R20,179360.0
154,R21,5978.0
154,R22,2200.0
154,R23,7175.0
154,R24,3139.0
154,R25,8968.0
154,R26,717.0
154,R27,43.0
154,R28,18.0
154,R29,1794.0
154,R30,2990.0
154,R31,74.0
154,R32,90.0
154,R33,12.0
154,R34,896.0
154,R35,42.0
154,R36,50.0
154,R37,4.0
154,R38,12.0
154,R39,17935968.0
154,R40,10761581.0
154,R41,16036.0
154,R42,481058.0
154,R43,6725988.0
154,R44,74.0
154,R45,1796.0
154,R46,26.0
154,R47,2990.0
154,R48,179360.0
154,R49,192424.0
154,R50,16142371.0
154,R51,4932391.0
154,R52,1793597.0
154,R53,50.0
154,R54,224200.0
154,R55,1992.0
154,R56,4076.0
155,R1,24557070.0
155,R2,8594974.0
155,R3,7367120.0
155,R4,1964565.0
155,R5,122785350.0
155,R6,368356050.0
155,R7,49114140.0
155,R8,131479.0
155,R9,175306.0
155,R10,9413544.0
155,R11,7776406.0
155,R12,1200.0
155,R13,840.0
155,R14,8186.0
155,R15,1024.0
155,R16,3274.0
155,R17,245570.0
155,R18,327428.0
155,R19,2046423.0
155,R20,163714.0
155,R21,5457.0
155,R22,2046.0
155,R23,6548.0
155,R24,2865.0
155,R25,8186.0
155,R26,654.0
155,R27,32.0
155,R28,128.0
155,R29,1637.0
155,R30,2883.0
155,R31,69.0
155,R32,82.0
155,R33,80.0
155,R34,1035.0
155,R35,101.0
155,R36,235.0
155,R37,3.0
155,R38,88.0
155,R39,16371380.0
155,R40,9822828.0
155,R41,14608.0
155,R42,438265.0
155,R43,6139267.0
155,R44,69.0
155,R45,1784.0
155,R46,143.0
155,R47,2729.0
155,R48,163714.0
155,R49,175306.0
155,R50,14734242.0
155,R51,4502129.0
155,R52,1637138.0
155,R53,46.0
155,R54,204642.0
155,R55,1864.0
155,R56,3720.0
156,R1,18650202.0
156,R2,6527570.0
156,R3,5595060.0
156,R4,1492016.0
156,R5,93251010.0
156,R6,279753030.0
156,R7,37300404.0
156,R8,105936.0
156,R9,141248.0
156,R10,7149244.0
156,R11,5905898.0
156,R12,1200.0
156,R13,840.0
156,R14,6217.0
156,R15,777.0
156,R16,2487.0
156,R17,186502.0
156,R18,248670.0
156,R19,1554184.0
156,R20,124334.0
156,R21,4144.0
156,R22,1554.0
156,R23,4973.0
156,R24,2182.0
156,R25,6217.0
156,R26,498.0
156,R27,24.0
156,R28,12.0
156,R29,1243.0
156,R30,2077.0
156,R31,51.0
156,R32,62.0
156,R33,8.0
156,R34,622.0
156,R35,24.0
156,R36,34.0
156,R37,2.0
156,R38,8.0
156,R39,12433468.0
156,R40,7460080.0
156,R41,11770.0
156,R42,353120.0
156,R43,4662550.0
156,R44,104.0
156,R45,1243.0
156,R46,18.0
156,R47,2072.0
156,R48,124334.0
156,R49,141248.0
156,R50,11190122.0
156,R51,3419204.0
156,R52,1243346.0
156,R53,34.0
156,R54,155418.0
156,R55,1382.0
156,R56,2826.0
157,R1,27539028.0
157,R2,9638660.0
157,R3,8261708.0
157,R4,2203122.0
157,R5,137695140.0
157,R6,413085420.0
157,R7,55078056.0
157,R8,154926.0
157,R9,206568.0
157,R10,10556627.0
157,R11,8720692.0
157,R12,1200.0
157,R13,840.0
157,R14,9180.0
157,R15,1163.0
157,R16,3672.0
157,R17,275390.0
157,R18,367188.0
157,R19,2294919.0
157,R20,183594.0
157,R21,6120.0
157,R22,2200.0
157,R23,7344.0
157,R24,3213.0
157,R25,9180.0
157,R26,734.0
157,R27,50.0
157,R28,18.0
157,R29,1849.0
157,R30,3060.0
157,R31,76.0
157,R32,92.0
157,R33,12.0
157,R34,918.0
157,R35,43.0
157,R36,98.0
157,R37,4.0
157,R38,24.0
157,R39,18359352.0
157,R40,11015611.0
157,R41,17214.0
157,R42,516422.0
157,R43,6884757.0
157,R44,76.0
157,R45,1840.0
157,R46,44.0
157,R47,3060.0
157,R48,183594.0
157,R49,206568.0
157,R50,16523417.0
157,R51,5048822.0
157,R52,1835935.0
157,R53,82.0
157,R54,229492.0
157,R55,2040.0
157,R56,4172.0
158,R1,20433354.0
158,R2,7151674.0
158,R3,6130007.0
158,R4,1634668.0
158,R5,102166770.0
158,R6,306500310.0
158,R7,40866708.0
158,R8,111548.0
158,R9,148730.0
158,R10,7832786.0
158,R11,6470562.0
158,R12,1200.0
158,R13,840.0
158,R14,6812.0
158,R15,1019.0
158,R16,2724.0
158,R17,204334.0
158,R18,272445.0
158,R19,1702780.0
158,R20,136222.0
158,R21,4540.0
158,R22,1702.0
158,R23,5448.0
158,R24,2384.0
158,R25,6995.0
158,R26,545.0
158,R27,32.0
158,R28,14.0
158,R29,1369.0
158,R30,2739.0
158,R31,146.0
158,R32,136.0
158,R33,16.0
158,R34,682.0
158,R35,39.0
158,R36,38.0
158,R37,2.0
158,R38,9.0
158,R39,13622236.0
158,R40,8173342.0
158,R41,12394.0
158,R42,371824.0
158,R43,5108338.0
158,R44,140.0
158,R45,1651.0
158,R46,41.0
158,R47,2271.0
158,R48,136222.0
158,R49,148730.0
158,R50,12260012.0
158,R51,3746114.0
158,R52,1362224.0
158,R53,38.0
158,R54,170623.0
158,R55,1608.0
158,R56,3096.0
159,R1,11311224.0
159,R2,3958928.0
159,R3,3393367.0
159,R4,904898.0
159,R5,56556120.0
159,R6,169668360.0
159,R7,22622448.0
159,R8,56546.0
159,R9,75394.0
159,R10,4335970.0
159,R11,3581888.0
159,R12,1200.0
159,R13,840.0
159,R14,3770.0
159,R15,472.0
159,R16,1508.0
159,R17,113113.0
159,R18,150816.0
159,R19,942602.0
159,R20,75408.0
159,R21,2513.0
159,R22,942.0
159,R23,3016.0
159,R24,1320.0
159,R25,3770.0
159,R26,302.0
159,R27,16.0
159,R28,8.0
159,R29,754.0
159,R30,1257.0
159,R31,31.0
159,R32,38.0
159,R33,5.0
159,R34,378.0
159,R35,16.0
159,R36,20.0
159,R37,2.0
159,R38,6.0
159,R39,7540816.0
159,R40,4524490.0
159,R41,6282.0
159,R42,188487.0
159,R43,2827806.0
159,R44,31.0
159,R45,754.0
159,R46,10.0
159,R47,1257.0
159,R48,75408.0
159,R49,75394.0
159,R50,6786734.0
159,R51,2073724.0
159,R52,754082.0
159,R53,20.0
159,R54,94260.0
159,R55,837.0
159,R56,1714.0
16,R1,2459616.0
16,R2,860865.0
16,R3,737884.0
16,R4,196769.0
16,R5,12298080.0
16,R6,36894240.0
16,R7,4919232.0
16,R8,14335.0
16,R9,19112.0
16,R10,942852.0
16,R11,778879.0
16,R12,907.52
16,R13,613.76
16,R14,820.0
16,R15,102.0
16,R16,328.0
16,R17,24596.0
16,R18,32795.0
16,R19,204968.0
16,R20,16398.0
16,R21,546.0
16,R22,204.0
16,R23,656.0
16,R24,286.0
16,R25,820.0
16,R26,66.0
16,R27,8.0
16,R28,4.0
16,R29,198.0
16,R30,304.0
16,R31,12.0
16,R32,8.0
16,R33,1.0
16,R34,82.0
16,R35,4.0
16,R36,93.0
16,R37,26.0
16,R38,2.0
16,R39,1639744.0
16,R40,983846.0
16,R41,1592.0
16,R42,47782.0
16,R43,614904.0
16,R44,6.0
16,R45,199.0
16,R46,4.0
16,R47,288.0
16,R48,16398.0
16,R49,19112.0
16,R50,1475770.0
16,R51,450930.0
16,R52,163974.0
16,R53,8.0
16,R54,20496.0
16,R55,186.0
16,R56,386.0
160,R1,9939696.0
160,R2,3478894.0
160,R3,2981909.0
160,R4,795176.0
160,R5,49698480.0
160,R6,149095440.0
160,R7,19879392.0
160,R8,50567.0
160,R9,67423.0
160,R10,3810216.0
160,R11,3147570.0
160,R12,1200.0
160,R13,840.0
160,R14,3314.0
160,R15,424.0
160,R16,1325.0
160,R17,99396.0
160,R18,132530.0
160,R19,828308.0
160,R20,66265.0
160,R21,2208.0
160,R22,828.0
160,R23,2651.0
160,R24,1160.0
160,R25,3314.0
160,R26,265.0
160,R27,14.0
160,R28,7.0
160,R29,662.0
160,R30,1105.0
160,R31,56.0
160,R32,69.0
160,R33,8.0
160,R34,332.0
160,R35,14.0
160,R36,19.0
160,R37,2.0
160,R38,4.0
160,R39,6626464.0
160,R40,3975878.0
160,R41,5618.0
160,R42,168557.0
160,R43,2484924.0
160,R44,27.0
160,R45,662.0
160,R46,10.0
160,R47,1113.0
160,R48,66265.0
160,R49,67423.0
160,R50,5963818.0
160,R51,1822278.0
160,R52,662646.0
160,R53,19.0
160,R54,82830.0
160,R55,736.0
160,R56,1506.0
161,R1,9490860.0
161,R2,3321801.0
161,R3,2847258.0
161,R4,759269.0
161,R5,47454300.0
161,R6,142362900.0
161,R7,18981720.0
161,R8,49954.0
161,R9,66606.0
161,R10,3638163.0
161,R11,3005439.0
161,R12,1200.0
161,R13,840.0
161,R14,3164.0
161,R15,396.0
161,R16,1266.0
161,R17,94908.0
161,R18,126544.0
161,R19,790905.0
161,R20,63272.0
161,R21,2109.0
161,R22,791.0
161,R23,2530.0
161,R24,1107.0
161,R25,3164.0
161,R26,349.0
161,R27,12.0
161,R28,6.0
161,R29,632.0
161,R30,1054.0
161,R31,26.0
161,R32,230.0
161,R33,28.0
161,R34,377.0
161,R35,12.0
161,R36,37.0
161,R37,1.0
161,R38,8.0
161,R39,6327240.0
161,R40,3796344.0
161,R41,5550.0
161,R42,166516.0
161,R43,2372715.0
161,R44,26.0
161,R45,648.0
161,R46,9.0
161,R47,1061.0
161,R48,63272.0
161,R49,66606.0
161,R50,5694516.0
161,R51,1739991.0
161,R52,632724.0
161,R53,18.0
161,R54,79090.0
161,R55,703.0
161,R56,1438.0
162,R1,8277270.0
162,R2,2897044.0
162,R3,2483181.0
162,R4,662182.0
162,R5,41386350.0
162,R6,124159050.0
162,R7,16554540.0
162,R8,44676.0
162,R9,59568.0
162,R10,3172953.0
162,R11,2621136.0
162,R12,1200.0
162,R13,840.0
162,R14,2759.0
162,R15,359.0
162,R16,1104.0
162,R17,82773.0
162,R18,110364.0
162,R19,689773.0
162,R20,55181.0
162,R21,1840.0
162,R22,690.0
162,R23,2207.0
162,R24,966.0
162,R25,2759.0
162,R26,221.0
162,R27,21.0
162,R28,5.0
162,R29,552.0
162,R30,924.0
162,R31,54.0
162,R32,55.0
162,R33,6.0
162,R34,276.0
162,R35,17.0
162,R36,15.0
162,R37,1.0
162,R38,4.0
162,R39,5518180.0
162,R40,3310908.0
162,R41,4964.0
162,R42,148918.0
162,R43,2069317.0
162,R44,23.0
162,R45,557.0
162,R46,16.0
162,R47,922.0
162,R48,55181.0
162,R49,59568.0
162,R50,4966362.0
162,R51,1517500.0
162,R52,551818.0
162,R53,15.0
162,R54,68978.0
162,R55,614.0
162,R56,1254.0
163,R1,10777104.0
163,R2,3771986.0
163,R3,3233132.0
163,R4,862169.0
163,R5,53885520.0
163,R6,161656560.0
163,R7,21554208.0
163,R8,59368.0
163,R9,79156.0
163,R10,4131223.0
163,R11,3412750.0
163,R12,1200.0
163,R13,807.84
163,R14,3592.0
163,R15,456.0
163,R16,1436.0
163,R17,107772.0
163,R18,143694.0
163,R19,898092.0
163,R20,71847.0
163,R21,2395.0
163,R22,898.0
163,R23,2874.0
163,R24,1258.0
163,R25,3592.0
163,R26,288.0
163,R27,14.0
163,R28,7.0
163,R29,719.0
163,R30,1198.0
163,R31,53.0
163,R32,65.0
163,R33,8.0
163,R34,359.0
163,R35,14.0
163,R36,20.0
163,R37,2.0
163,R38,28.0
163,R39,7184736.0
163,R40,4310842.0
163,R41,6596.0
163,R42,197890.0
163,R43,2694276.0
163,R44,30.0
163,R45,719.0
163,R46,10.0
163,R47,1198.0
163,R48,71847.0
163,R49,79156.0
163,R50,6466262.0
163,R51,1975803.0
163,R52,718474.0
163,R53,20.0
163,R54,89810.0
163,R55,799.0
163,R56,1636.0
164,R1,27487608.0
164,R2,9620662.0
164,R3,8246282.0
164,R4,2199009.0
164,R5,137438040.0
164,R6,412314120.0
164,R7,54975216.0
164,R8,155401.0
164,R9,207201.0
164,R10,10536916.0
164,R11,8704410.0
164,R12,1200.0
164,R13,840.0
164,R14,9163.0
164,R15,1146.0
164,R16,3665.0
164,R17,274876.0
164,R18,366502.0
164,R19,2290634.0
164,R20,183250.0
164,R21,6108.0
164,R22,2200.0
164,R23,7330.0
164,R24,3206.0
164,R25,9163.0
164,R26,817.0
164,R27,36.0
164,R28,18.0
164,R29,1832.0
164,R30,3054.0
164,R31,150.0
164,R32,308.0
164,R33,84.0
164,R34,989.0
164,R35,36.0
164,R36,51.0
164,R37,4.0
164,R38,12.0
164,R39,18325072.0
164,R40,10995044.0
164,R41,17267.0
164,R42,518003.0
164,R43,6871902.0
164,R44,76.0
164,R45,1832.0
164,R46,26.0
164,R47,3054.0
164,R48,183250.0
164,R49,207201.0
164,R50,16492564.0
164,R51,5039395.0
164,R52,1832508.0
164,R53,51.0
164,R54,229064.0
164,R55,2036.0
164,R56,4165.0
165,R1,10139844.0
165,R2,3548946.0
165,R3,3041954.0
165,R4,811188.0
165,R5,50699220.0
165,R6,152097660.0
165,R7,20279688.0
165,R8,51900.0
165,R9,69201.0
165,R10,3886940.0
165,R11,3210950.0
165,R12,1200.0
165,R13,840.0
165,R14,3380.0
165,R15,422.0
165,R16,1352.0
165,R17,101398.0
165,R18,135198.0
165,R19,844987.0
165,R20,67598.0
165,R21,2253.0
165,R22,845.0
165,R23,2704.0
165,R24,1183.0
165,R25,3380.0
165,R26,271.0
165,R27,14.0
165,R28,7.0
165,R29,676.0
165,R30,1127.0
165,R31,28.0
165,R32,34.0
165,R33,5.0
165,R34,338.0
165,R35,14.0
165,R36,18.0
165,R37,2.0
165,R38,35.0
165,R39,6759896.0
165,R40,4055938.0
165,R41,5767.0
165,R42,173002.0
165,R43,2534961.0
165,R44,28.0
165,R45,676.0
165,R46,10.0
165,R47,1127.0
165,R48,67598.0
165,R49,69201.0
165,R50,6083906.0
165,R51,1858972.0
165,R52,675990.0
165,R53,18.0
165,R54,84498.0
165,R55,751.0
165,R56,1536.0
166,R1,11991618.0
166,R2,4197066.0
166,R3,3597486.0
166,R4,959330.0
166,R5,59958090.0
166,R6,179874270.0
166,R7,23983236.0
166,R8,66200.0
166,R9,88266.0
166,R10,4596787.0
166,R11,3797346.0
166,R12,1200.0
166,R13,840.0
166,R14,3997.0
166,R15,500.0
166,R16,1598.0
166,R17,119917.0
166,R18,159888.0
166,R19,999302.0
166,R20,79944.0
166,R21,2665.0
166,R22,999.0
166,R23,3198.0
166,R24,1400.0
166,R25,3997.0
166,R26,320.0
166,R27,16.0
166,R28,8.0
166,R29,800.0
166,R30,1332.0
166,R31,34.0
166,R32,40.0
166,R33,4.0
166,R34,400.0
166,R35,16.0
166,R36,22.0
166,R37,1.0
166,R38,42.0
166,R39,7994412.0
166,R40,4796648.0
166,R41,7355.0
166,R42,220668.0
166,R43,2997904.0
166,R44,34.0
166,R45,800.0
166,R46,11.0
166,R47,1332.0
166,R48,79944.0
166,R49,88266.0
166,R50,7194970.0
166,R51,2198463.0
166,R52,799442.0
166,R53,22.0
166,R54,99930.0
166,R55,888.0
166,R56,1817.0
167,R1,7329552.0
167,R2,2565344.0
167,R3,2198866.0
167,R4,586364.0
167,R5,36647760.0
167,R6,109943280.0
167,R7,14659104.0
167,R8,39977.0
167,R9,53302.0
167,R10,2809662.0
167,R11,2321024.0
167,R12,1200.0
167,R13,820.4
167,R14,2443.0
167,R15,315.0
167,R16,977.0
167,R17,73295.0
167,R18,97728.0
167,R19,610796.0
167,R20,48864.0
167,R21,1628.0
167,R22,611.0
167,R23,1954.0
167,R24,855.0
167,R25,2443.0
167,R26,196.0
167,R27,10.0
167,R28,4.0
167,R29,488.0
167,R30,814.0
167,R31,41.0
167,R32,49.0
167,R33,6.0
167,R34,245.0
167,R35,10.0
167,R36,14.0
167,R37,0.0
167,R38,3.0
167,R39,4886368.0
167,R40,2931821.0
167,R41,4442.0
167,R42,133256.0
167,R43,1832388.0
167,R44,20.0
167,R45,488.0
167,R46,7.0
167,R47,820.0
167,R48,48864.0
167,R49,53302.0
167,R50,4397731.0
167,R51,1343752.0
167,R52,488637.0
167,R53,14.0
167,R54,61079.0
167,R55,542.0
167,R56,1111.0
168,R1,6625710.0
168,R2,2318998.0
168,R3,1987712.0
168,R4,530057.0
168,R5,33128550.0
168,R6,99385650.0
168,R7,13251420.0
168,R8,36876.0
168,R9,49168.0
168,R10,2539856.0
168,R11,2098142.0
168,R12,1200.0
168,R13,840.0
168,R14,2208.0
168,R15,276.0
168,R16,884.0
168,R17,66257.0
168,R18,88342.0
168,R19,552142.0
168,R20,44172.0
168,R21,1472.0
168,R22,552.0
168,R23,1767.0
168,R24,772.0
168,R25,2208.0
168,R26,297.0
168,R27,17.0
168,R28,4.0
168,R29,442.0
168,R30,736.0
168,R31,18.0
168,R32,166.0
168,R33,14.0
168,R34,316.0
168,R35,16.0
168,R36,12.0
168,R37,0.0
168,R38,14.0
168,R39,4417140.0
168,R40,2650284.0
168,R41,4098.0
168,R42,122918.0
168,R43,1656428.0
168,R44,18.0
168,R45,446.0
168,R46,7.0
168,R47,736.0
168,R48,44172.0
168,R49,49168.0
168,R50,3975426.0
168,R51,1214713.0
168,R52,441714.0
168,R53,102.0
168,R54,55214.0
168,R55,491.0
168,R56,1004.0
169,R1,5255748.0
169,R2,1839512.0
169,R3,1576724.0
169,R4,420459.0
169,R5,26278740.0
169,R6,78836220.0
169,R7,10511496.0
169,R8,28518.0
169,R9,38024.0
169,R10,2014704.0
169,R11,1664320.0
169,R12,1200.0
169,R13,830.08
169,R14,1752.0
169,R15,218.0
169,R16,700.0
169,R17,52557.0
169,R18,70076.0
169,R19,437979.0
169,R20,35039.0
169,R21,1168.0
169,R22,438.0
169,R23,1401.0
169,R24,614.0
169,R25,1752.0
169,R26,140.0
169,R27,8.0
169,R28,3.0
169,R29,350.0
169,R30,584.0
169,R31,15.0
169,R32,18.0
169,R33,2.0
169,R34,176.0
169,R35,8.0
169,R36,57.0
169,R37,0.0
169,R38,2.0
169,R39,3503832.0
169,R40,2102299.0
169,R41,3169.0
169,R42,95060.0
169,R43,1313937.0
169,R44,15.0
169,R45,350.0
169,R46,6.0
169,R47,584.0
169,R48,35039.0
169,R49,38024.0
169,R50,3153449.0
169,R51,963554.0
169,R52,350383.0
169,R53,10.0
169,R54,43798.0
169,R55,389.0
169,R56,796.0
17,R1,1702278.0
17,R2,595798.0
17,R3,510684.0
17,R4,136182.0
17,R5,8511390.0
17,R6,25534170.0
17,R7,3404556.0
17,R8,9989.0
17,R9,13317.0
17,R10,652540.0
17,R11,539054.0
17,R12,834.5600000000001
17,R13,577.28
17,R14,568.0
17,R15,70.0
17,R16,227.0
17,R17,17022.0
17,R18,22697.0
17,R19,141857.0
17,R20,11348.0
17,R21,378.0
17,R22,142.0
17,R23,454.0
17,R24,198.0
17,R25,568.0
17,R26,46.0
17,R27,4.0
17,R28,37.0
17,R29,140.0
17,R30,221.0
17,R31,21.0
17,R32,21.0
17,R33,0.0
17,R34,56.0
17,R35,4.0
17,R36,4.0
17,R37,0.0
17,R38,0.0
17,R39,1134852.0
17,R40,680911.0
17,R41,1110.0
17,R42,33294.0
17,R43,425569.0
17,R44,4.0
17,R45,136.0
17,R46,4.0
17,R47,209.0
17,R48,11348.0
17,R49,13317.0
17,R50,1021367.0
17,R51,312084.0
17,R52,113485.0
17,R53,18.0
17,R54,14186.0
17,R55,128.0
17,R56,272.0
170,R1,10796460.0
170,R2,3778761.0
170,R3,3238939.0
170,R4,863716.0
170,R5,53982300.0
170,R6,161946900.0
170,R7,21592920.0
170,R8,57594.0
170,R9,76791.0
170,R10,4138642.0
170,R11,3418879.0
170,R12,1200.0
170,R13,840.0
170,R14,3599.0
170,R15,449.0
170,R16,1439.0
170,R17,107965.0
170,R18,143952.0
170,R19,899705.0
170,R20,71976.0
170,R21,2400.0
170,R22,900.0
170,R23,2880.0
170,R24,1260.0
170,R25,3599.0
170,R26,288.0
170,R27,14.0
170,R28,8.0
170,R29,720.0
170,R30,1200.0
170,R31,30.0
170,R32,36.0
170,R33,4.0
170,R34,360.0
170,R35,14.0
170,R36,20.0
170,R37,2.0
170,R38,4.0
170,R39,7197640.0
170,R40,4318584.0
170,R41,6409.0
170,R42,191978.0
170,R43,2699115.0
170,R44,30.0
170,R45,720.0
170,R46,10.0
170,R47,1200.0
170,R48,71976.0
170,R49,76791.0
170,R50,6477876.0
170,R51,1979351.0
170,R52,719764.0
170,R53,20.0
170,R54,89970.0
170,R55,800.0
170,R56,1636.0
171,R1,5950380.0
171,R2,2082633.0
171,R3,1785114.0
171,R4,476031.0
171,R5,29751900.0
171,R6,89255700.0
171,R7,11900760.0
171,R8,30282.0
171,R9,40375.0
171,R10,2280980.0
171,R11,1884287.0
171,R12,1071.28
171,R13,695.6
171,R14,1983.0
171,R15,260.0
171,R16,794.0
171,R17,59504.0
171,R18,79338.0
171,R19,495865.0
171,R20,39670.0
171,R21,1322.0
171,R22,496.0
171,R23,1586.0
171,R24,694.0
171,R25,1983.0
171,R26,231.0
171,R27,8.0
171,R28,4.0
171,R29,414.0
171,R30,661.0
171,R31,16.0
171,R32,176.0
171,R33,14.0
171,R34,277.0
171,R35,8.0
171,R36,41.0
171,R37,0.0
171,R38,6.0
171,R39,3966920.0
171,R40,2380152.0
171,R41,3365.0
171,R42,100939.0
171,R43,1487595.0
171,R44,16.0
171,R45,412.0
171,R46,12.0
171,R47,661.0
171,R48,39670.0
171,R49,40375.0
171,R50,3570228.0
171,R51,1090904.0
171,R52,396692.0
171,R53,28.0
171,R54,49586.0
171,R55,440.0
171,R56,902.0
172,R1,15796398.0
172,R2,5528740.0
172,R3,4738920.0
172,R4,1263712.0
172,R5,78981990.0
172,R6,236945970.0
172,R7,31592796.0
172,R8,85002.0
172,R9,113337.0
172,R10,6055286.0
172,R11,5002192.0
172,R12,1200.0
172,R13,840.0
172,R14,5266.0
172,R15,658.0
172,R16,2110.0
172,R17,157964.0
172,R18,210619.0
172,R19,1316622.0
172,R20,105310.0
172,R21,3510.0
172,R22,1316.0
172,R23,4213.0
172,R24,1843.0
172,R25,5266.0
172,R26,422.0
172,R27,27.0
172,R28,11.0
172,R29,1053.0
172,R30,1755.0
172,R31,44.0
172,R32,104.0
172,R33,6.0
172,R34,526.0
172,R35,34.0
172,R36,30.0
172,R37,2.0
172,R38,7.0
172,R39,10530932.0
172,R40,6318560.0
172,R41,9445.0
172,R42,283626.0
172,R43,3949100.0
172,R44,88.0
172,R45,1055.0
172,R46,16.0
172,R47,1755.0
172,R48,105310.0
172,R49,113601.0
172,R50,9477838.0
172,R51,2896006.0
172,R52,1053094.0
172,R53,60.0
172,R54,131636.0
172,R55,1170.0
172,R56,2393.0
173,R1,19254846.0
173,R2,6739196.0
173,R3,5776454.0
173,R4,1540388.0
173,R5,96274230.0
173,R6,288822690.0
173,R7,38509692.0
173,R8,96039.0
173,R9,128051.0
173,R10,7381024.0
173,R11,6097368.0
173,R12,1200.0
173,R13,787.36
173,R14,6418.0
173,R15,802.0
173,R16,2568.0
173,R17,192548.0
173,R18,256732.0
173,R19,1604570.0
173,R20,128366.0
173,R21,4279.0
173,R22,1604.0
173,R23,5134.0
173,R24,2246.0
173,R25,6418.0
173,R26,514.0
173,R27,38.0
173,R28,96.0
173,R29,1284.0
173,R30,2230.0
173,R31,53.0
173,R32,64.0
173,R33,64.0
173,R34,747.0
173,R35,34.0
173,R36,281.0
173,R37,2.0
173,R38,64.0
173,R39,12836564.0
173,R40,7701938.0
173,R41,10670.0
173,R42,320128.0
173,R43,4813712.0
173,R44,53.0
173,R45,1403.0
173,R46,124.0
173,R47,2139.0
173,R48,128366.0
173,R49,128051.0
173,R50,11552908.0
173,R51,3530055.0
173,R52,1283656.0
173,R53,36.0
173,R54,160457.0
173,R55,1426.0
173,R56,2918.0
174,R1,9597576.0
174,R2,3359152.0
174,R3,2879272.0
174,R4,767806.0
174,R5,47987880.0
174,R6,143963640.0
174,R7,19195152.0
174,R8,50014.0
174,R9,66841.0
174,R10,3679070.0
174,R11,3039232.0
174,R12,1146.48
174,R13,733.2
174,R14,3230.0
174,R15,580.0
174,R16,1280.0
174,R17,95976.0
174,R18,127968.0
174,R19,799798.0
174,R20,63984.0
174,R21,2132.0
174,R22,852.0
174,R23,2560.0
174,R24,1120.0
174,R25,3199.0
174,R26,256.0
174,R27,24.0
174,R28,6.0
174,R29,640.0
174,R30,1066.0
174,R31,78.0
174,R32,96.0
174,R33,8.0
174,R34,320.0
174,R35,84.0
174,R36,132.0
174,R37,2.0
174,R38,4.0
174,R39,6398384.0
174,R40,3839030.0
174,R41,5558.0
174,R42,166884.0
174,R43,2399394.0
174,R44,52.0
174,R45,794.0
174,R46,9.0
174,R47,1066.0
174,R48,63984.0
174,R49,66684.0
174,R50,5758546.0
174,R51,1759556.0
174,R52,639838.0
174,R53,18.0
174,R54,80169.0
174,R55,763.0
174,R56,1503.0
175,R1,35726346.0
175,R2,12504222.0
175,R3,10717904.0
175,R4,2858108.0
175,R5,178631730.0
175,R6,535895190.0
175,R7,71452692.0
175,R8,175812.0
175,R9,234416.0
175,R10,13695100.0
175,R11,11313342.0
175,R12,1200.0
175,R13,840.0
175,R14,11909.0
175,R15,1504.0
175,R16,4764.0
175,R17,357264.0
175,R18,476352.0
175,R19,2977196.0
175,R20,238175.0
175,R21,7940.0
175,R22,2200.0
175,R23,9527.0
175,R24,4169.0
175,R25,11909.0
175,R26,953.0
175,R27,48.0
175,R28,24.0
175,R29,2382.0
175,R30,3970.0
175,R31,99.0
175,R32,120.0
175,R33,15.0
175,R34,1190.0
175,R35,142.0
175,R36,66.0
175,R37,5.0
175,R38,106.0
175,R39,23817564.0
175,R40,14290539.0
175,R41,19534.0
175,R42,586040.0
175,R43,8931586.0
175,R44,99.0
175,R45,2382.0
175,R46,34.0
175,R47,3970.0
175,R48,238175.0
175,R49,234416.0
175,R50,21435807.0
175,R51,6549830.0
175,R52,2381757.0
175,R53,66.0
175,R54,297720.0
175,R55,2646.0
175,R56,5421.0
176,R1,19564194.0
176,R2,6847468.0
176,R3,5869258.0
176,R4,1565136.0
176,R5,97820970.0
176,R6,293462910.0
176,R7,39128388.0
176,R8,104230.0
176,R9,138974.0
176,R10,7499607.0
176,R11,6195328.0
176,R12,1200.0
176,R13,840.0
176,R14,6522.0
176,R15,824.0
176,R16,2608.0
176,R17,195642.0
176,R18,260856.0
176,R19,1630350.0
176,R20,130428.0
176,R21,4348.0
176,R22,1630.0
176,R23,5218.0
176,R24,2282.0
176,R25,6522.0
176,R26,521.0
176,R27,26.0
176,R28,14.0
176,R29,1304.0
176,R30,2174.0
176,R31,159.0
176,R32,104.0
176,R33,16.0
176,R34,652.0
176,R35,26.0
176,R36,36.0
176,R37,2.0
176,R38,8.0
176,R39,13042796.0
176,R40,7825678.0
176,R41,11582.0
176,R42,347434.0
176,R43,4891048.0
176,R44,54.0
176,R45,1304.0
176,R46,18.0
176,R47,2178.0
176,R48,130428.0
176,R49,138974.0
176,R50,11738516.0
176,R51,3586769.0
176,R52,1304280.0
176,R53,36.0
176,R54,163034.0
176,R55,1450.0
176,R56,2964.0
177,R1,14825976.0
177,R2,5189092.0
177,R3,4447793.0
177,R4,1186078.0
177,R5,74129880.0
177,R6,222389640.0
177,R7,29651952.0
177,R8,76208.0
177,R9,101610.0
177,R10,5683290.0
177,R11,4694892.0
177,R12,1200.0
177,R13,840.0
177,R14,4942.0
177,R15,634.0
177,R16,1976.0
177,R17,148260.0
177,R18,197680.0
177,R19,1235498.0
177,R20,98840.0
177,R21,3294.0
177,R22,1236.0
177,R23,3954.0
177,R24,1730.0
177,R25,4942.0
177,R26,395.0
177,R27,31.0
177,R28,10.0
177,R29,1003.0
177,R30,1647.0
177,R31,42.0
177,R32,49.0
177,R33,6.0
177,R34,494.0
177,R35,27.0
177,R36,42.0
177,R37,2.0
177,R38,12.0
177,R39,9883984.0
177,R40,5930391.0
177,R41,8468.0
177,R42,254024.0
177,R43,3706494.0
177,R44,42.0
177,R45,992.0
177,R46,77.0
177,R47,1647.0
177,R48,98840.0
177,R49,101610.0
177,R50,8895585.0
177,R51,2718096.0
177,R52,988399.0
177,R53,57.0
177,R54,123550.0
177,R55,1098.0
177,R56,2247.0
178,R1,14387328.0
178,R2,5035564.0
178,R3,4316198.0
178,R4,1150986.0
178,R5,71936640.0
178,R6,215809920.0
178,R7,28774656.0
178,R8,66371.0
178,R9,88494.0
178,R10,5515143.0
178,R11,4555988.0
178,R12,1200.0
178,R13,840.0
178,R14,4796.0
178,R15,619.0
178,R16,1918.0
178,R17,143874.0
178,R18,191831.0
178,R19,1198944.0
178,R20,95916.0
178,R21,3197.0
178,R22,1198.0
178,R23,3837.0
178,R24,1678.0
178,R25,4796.0
178,R26,383.0
178,R27,19.0
178,R28,10.0
178,R29,976.0
178,R30,1605.0
178,R31,61.0
178,R32,48.0
178,R33,6.0
178,R34,480.0
178,R35,19.0
178,R36,55.0
178,R37,2.0
178,R38,12.0
178,R39,9591552.0
178,R40,5754932.0
178,R41,7374.0
178,R42,221236.0
178,R43,3596832.0
178,R44,40.0
178,R45,965.0
178,R46,43.0
178,R47,1599.0
178,R48,95916.0
178,R49,88494.0
178,R50,8632396.0
178,R51,2637677.0
178,R52,959156.0
178,R53,42.0
178,R54,119894.0
178,R55,1065.0
178,R56,2180.0
179,R1,22782702.0
179,R2,7973946.0
179,R3,6834810.0
179,R4,1822616.0
179,R5,113913510.0
179,R6,341740530.0
179,R7,45565404.0
179,R8,112234.0
179,R9,149646.0
179,R10,8733369.0
179,R11,7214522.0
179,R12,1200.0
179,R13,824.64
179,R14,7594.0
179,R15,950.0
179,R16,3038.0
179,R17,227827.0
179,R18,303770.0
179,R19,1898558.0
179,R20,151884.0
179,R21,5062.0
179,R22,1898.0
179,R23,6076.0
179,R24,2658.0
179,R25,7594.0
179,R26,608.0
179,R27,30.0
179,R28,15.0
179,R29,1518.0
179,R30,2532.0
179,R31,64.0
179,R32,76.0
179,R33,9.0
179,R34,760.0
179,R35,30.0
179,R36,42.0
179,R37,3.0
179,R38,10.0
179,R39,15188468.0
179,R40,9113080.0
179,R41,12470.0
179,R42,374114.0
179,R43,5695676.0
179,R44,64.0
179,R45,1518.0
179,R46,22.0
179,R47,2532.0
179,R48,151884.0
179,R49,149646.0
179,R50,13669622.0
179,R51,4176829.0
179,R52,1518846.0
179,R53,42.0
179,R54,189856.0
179,R55,1687.0
179,R56,3452.0
18,R1,1384176.0
18,R2,484462.0
18,R3,415252.0
18,R4,110734.0
18,R5,6920880.0
18,R6,20762640.0
18,R7,2768352.0
18,R8,8138.0
18,R9,10850.0
18,R10,530601.0
18,R11,438322.0
18,R12,843.36
18,R13,1729.0
18,R14,462.0
18,R15,58.0
18,R16,184.0
18,R17,13842.0
18,R18,18456.0
18,R19,115348.0
18,R20,9228.0
18,R21,308.0
18,R22,120.0
18,R23,370.0
18,R24,162.0
18,R25,462.0
18,R26,36.0
18,R27,4.0
18,R28,0.0
18,R29,122.0
18,R30,188.0
18,R31,19.0
18,R32,19.0
18,R33,0.0
18,R34,46.0
18,R35,4.0
18,R36,2.0
18,R37,0.0
18,R38,0.0
18,R39,922784.0
18,R40,553670.0
18,R41,904.0
18,R42,27126.0
18,R43,346044.0
18,R44,4.0
18,R45,122.0
18,R46,4.0
18,R47,173.0
18,R48,9228.0
18,R49,10850.0
18,R50,830506.0
18,R51,253766.0
18,R52,92278.0
18,R53,16.0
18,R54,11535.0
18,R55,108.0
18,R56,229.0
180,R1,20926386.0
180,R2,7324235.0
180,R3,6277916.0
180,R4,1674111.0
180,R5,104631930.0
180,R6,313895790.0
180,R7,41852772.0
180,R8,108675.0
180,R9,144900.0
180,R10,8021782.0
180,R11,6626689.0
180,R12,1200.0
180,R13,840.0
180,R14,6976.0
180,R15,884.0
180,R16,2790.0
180,R17,209264.0
180,R18,279018.0
180,R19,1743866.0
180,R20,139510.0
180,R21,4653.0
180,R22,1744.0
180,R23,5580.0
180,R24,2441.0
180,R25,6976.0
180,R26,558.0
180,R27,28.0
180,R28,14.0
180,R29,1411.0
180,R30,2326.0
180,R31,58.0
180,R32,70.0
180,R33,8.0
180,R34,697.0
180,R35,28.0
180,R36,68.0
180,R37,2.0
180,R38,18.0
180,R39,13950924.0
180,R40,8370554.0
180,R41,12076.0
180,R42,362252.0
180,R43,5231596.0
180,R44,58.0
180,R45,1396.0
180,R46,31.0
180,R47,2326.0
180,R48,139510.0
180,R49,144900.0
180,R50,12555832.0
180,R51,3836504.0
180,R52,1395092.0
180,R53,73.0
180,R54,174386.0
180,R55,1550.0
180,R56,3170.0
181,R1,6704166.0
181,R2,2346458.0
181,R3,2011250.0
181,R4,536334.0
181,R5,33520830.0
181,R6,100562490.0
181,R7,13408332.0
181,R8,33892.0
181,R9,45190.0
181,R10,2569930.0
181,R11,2122986.0
181,R12,895.36
181,R13,607.6800000000001
181,R14,2235.0
181,R15,280.0
181,R16,893.0
181,R17,67041.0
181,R18,89388.0
181,R19,558680.0
181,R20,44694.0
181,R21,1490.0
181,R22,559.0
181,R23,1788.0
181,R24,783.0
181,R25,2235.0
181,R26,178.0
181,R27,8.0
181,R28,4.0
181,R29,447.0
181,R30,745.0
181,R31,18.0
181,R32,22.0
181,R33,2.0
181,R34,224.0
181,R35,8.0
181,R36,12.0
181,R37,0.0
181,R38,2.0
181,R39,4469444.0
181,R40,2681666.0
181,R41,3766.0
181,R42,112973.0
181,R43,1676042.0
181,R44,18.0
181,R45,447.0
181,R46,6.0
181,R47,745.0
181,R48,44694.0
181,R49,45190.0
181,R50,4022500.0
181,R51,1229098.0
181,R52,446944.0
181,R53,12.0
181,R54,55868.0
181,R55,497.0
181,R56,1016.0
182,R1,12891990.0
182,R2,4512197.0
182,R3,3867597.0
182,R4,1031360.0
182,R5,64459950.0
182,R6,193379850.0
182,R7,25783980.0
182,R8,58298.0
182,R9,77732.0
182,R10,4941930.0
182,R11,4082463.0
182,R12,1200.0
182,R13,764.08
182,R14,4297.0
182,R15,544.0
182,R16,1719.0
182,R17,128920.0
182,R18,171894.0
182,R19,1074332.0
182,R20,85946.0
182,R21,2865.0
182,R22,1075.0
182,R23,3438.0
182,R24,1504.0
182,R25,4297.0
182,R26,344.0
182,R27,33.0
182,R28,8.0
182,R29,859.0
182,R30,1438.0
182,R31,63.0
182,R32,43.0
182,R33,5.0
182,R34,450.0
182,R35,24.0
182,R36,24.0
182,R37,2.0
182,R38,6.0
182,R39,8594660.0
182,R40,5156796.0
182,R41,6478.0
182,R42,194328.0
182,R43,3222998.0
182,R44,36.0
182,R45,863.0
182,R46,25.0
182,R47,1432.0
182,R48,85946.0
182,R49,77732.0
182,R50,7735194.0
182,R51,2363532.0
182,R52,859466.0
182,R53,24.0
182,R54,107434.0
182,R55,955.0
182,R56,1954.0
183,R1,20603514.0
183,R2,7211229.0
183,R3,6181054.0
183,R4,1648282.0
183,R5,103017570.0
183,R6,309052710.0
183,R7,41207028.0
183,R8,97424.0
183,R9,129899.0
183,R10,7898013.0
183,R11,6524447.0
183,R12,1200.0
183,R13,840.0
183,R14,6868.0
183,R15,1023.0
183,R16,2748.0
183,R17,206036.0
183,R18,274714.0
183,R19,1716959.0
183,R20,137357.0
183,R21,4578.0
183,R22,1716.0
183,R23,5494.0
183,R24,2404.0
183,R25,7053.0
183,R26,550.0
183,R27,28.0
183,R28,13.0
183,R29,1377.0
183,R30,2756.0
183,R31,116.0
183,R32,68.0
183,R33,16.0
183,R34,687.0
183,R35,28.0
183,R36,38.0
183,R37,2.0
183,R38,9.0
183,R39,13735676.0
183,R40,8241406.0
183,R41,10825.0
183,R42,325037.0
183,R43,5150879.0
183,R44,70.0
183,R45,1656.0
183,R46,20.0
183,R47,2290.0
183,R48,137357.0
183,R49,129899.0
183,R50,12362108.0
183,R51,3777311.0
183,R52,1373568.0
183,R53,38.0
183,R54,172044.0
183,R55,1622.0
183,R56,3122.0
184,R1,15355782.0
184,R2,5374524.0
184,R3,4606734.0
184,R4,1228462.0
184,R5,76778910.0
184,R6,230336730.0
184,R7,30711564.0
184,R8,68283.0
184,R9,91044.0
184,R10,5886384.0
184,R11,4862664.0
184,R12,1182.24
184,R13,751.12
184,R14,5119.0
184,R15,640.0
184,R16,2047.0
184,R17,153558.0
184,R18,204744.0
184,R19,1279649.0
184,R20,102372.0
184,R21,3412.0
184,R22,1280.0
184,R23,4095.0
184,R24,1792.0
184,R25,5119.0
184,R26,410.0
184,R27,30.0
184,R28,10.0
184,R29,1024.0
184,R30,1707.0
184,R31,42.0
184,R32,52.0
184,R33,6.0
184,R34,512.0
184,R35,26.0
184,R36,28.0
184,R37,2.0
184,R38,6.0
184,R39,10237188.0
184,R40,6142312.0
184,R41,7588.0
184,R42,227610.0
184,R43,3838945.0
184,R44,42.0
184,R45,1026.0
184,R46,14.0
184,R47,1707.0
184,R48,102372.0
184,R49,91044.0
184,R50,9213470.0
184,R51,2815226.0
184,R52,1023718.0
184,R53,28.0
184,R54,127964.0
184,R55,1138.0
184,R56,2326.0
185,R1,14786784.0
185,R2,5175374.0
185,R3,4436035.0
185,R4,1182942.0
185,R5,73933920.0
185,R6,221801760.0
185,R7,29573568.0
185,R8,68798.0
185,R9,91730.0
185,R10,5668268.0
185,R11,4682482.0
185,R12,1145.2
185,R13,732.64
185,R14,4928.0
185,R15,616.0
185,R16,1972.0
185,R17,147868.0
185,R18,197158.0
185,R19,1232232.0
185,R20,98578.0
185,R21,3286.0
185,R22,1233.0
185,R23,3943.0
185,R24,1725.0
185,R25,4928.0
185,R26,394.0
185,R27,20.0
185,R28,10.0
185,R29,986.0
185,R30,1642.0
185,R31,41.0
185,R32,49.0
185,R33,6.0
185,R34,493.0
185,R35,20.0
185,R36,28.0
185,R37,2.0
185,R38,6.0
185,R39,9857856.0
185,R40,5914713.0
185,R41,7644.0
185,R42,229327.0
185,R43,3696696.0
185,R44,41.0
185,R45,986.0
185,R46,14.0
185,R47,1642.0
185,R48,98578.0
185,R49,91730.0
185,R50,8872071.0
185,R51,2710910.0
185,R52,985785.0
185,R53,28.0
185,R54,123223.0
185,R55,1096.0
185,R56,2240.0
186,R1,10291098.0
186,R2,3601885.0
186,R3,3087330.0
186,R4,823287.0
186,R5,51455490.0
186,R6,154366470.0
186,R7,20582196.0
186,R8,46196.0
186,R9,61595.0
186,R10,3944921.0
186,R11,3258847.0
186,R12,1099.6000000000001
186,R13,709.76
186,R14,3431.0
186,R15,428.0
186,R16,1372.0
186,R17,102911.0
186,R18,137214.0
186,R19,857592.0
186,R20,68608.0
186,R21,2287.0
186,R22,858.0
186,R23,2744.0
186,R24,1200.0
186,R25,3431.0
186,R26,274.0
186,R27,14.0
186,R28,6.0
186,R29,686.0
186,R30,1144.0
186,R31,28.0
186,R32,34.0
186,R33,4.0
186,R34,344.0
186,R35,14.0
186,R36,20.0
186,R37,2.0
186,R38,4.0
186,R39,6860732.0
186,R40,4116439.0
186,R41,5132.0
186,R42,153987.0
186,R43,2572774.0
186,R44,28.0
186,R45,686.0
186,R46,10.0
186,R47,1144.0
186,R48,68608.0
186,R49,61595.0
186,R50,6174659.0
186,R51,1886702.0
186,R52,686073.0
186,R53,20.0
186,R54,85759.0
186,R55,763.0
186,R56,1559.0
187,R1,16108218.0
187,R2,5637876.0
187,R3,4832466.0
187,R4,1288658.0
187,R5,80541090.0
187,R6,241623270.0
187,R7,32216436.0
187,R8,76782.0
187,R9,102376.0
187,R10,6174817.0
187,R11,5100936.0
187,R12,1148.4
187,R13,734.24
187,R14,5370.0
187,R15,672.0
187,R16,2148.0
187,R17,161082.0
187,R18,214776.0
187,R19,1342351.0
187,R20,107388.0
187,R21,3580.0
187,R22,1342.0
187,R23,4296.0
187,R24,1879.0
187,R25,5370.0
187,R26,430.0
187,R27,22.0
187,R28,10.0
187,R29,1074.0
187,R30,1790.0
187,R31,44.0
187,R32,53.0
187,R33,6.0
187,R34,536.0
187,R35,22.0
187,R36,30.0
187,R37,2.0
187,R38,7.0
187,R39,10738812.0
187,R40,6443288.0
187,R41,8532.0
187,R42,255939.0
187,R43,4027055.0
187,R44,44.0
187,R45,1074.0
187,R46,15.0
187,R47,1790.0
187,R48,107388.0
187,R49,102376.0
187,R50,9664930.0
187,R51,2953174.0
187,R52,1073882.0
187,R53,30.0
187,R54,134235.0
187,R55,1194.0
187,R56,2440.0
188,R1,26645370.0
188,R2,9325879.0
188,R3,7993611.0
188,R4,2131630.0
188,R5,133226850.0
188,R6,399680550.0
188,R7,53290740.0
188,R8,124732.0
188,R9,166310.0
188,R10,10214058.0
188,R11,8437701.0
188,R12,1200.0
188,R13,840.0
188,R14,8882.0
188,R15,1126.0
188,R16,3552.0
188,R17,266454.0
188,R18,355272.0
188,R19,2220448.0
188,R20,177636.0
188,R21,5921.0
188,R22,2200.0
188,R23,7106.0
188,R24,3109.0
188,R25,8882.0
188,R26,710.0
188,R27,35.0
188,R28,18.0
188,R29,1795.0
188,R30,2961.0
188,R31,74.0
188,R32,88.0
188,R33,12.0
188,R34,888.0
188,R35,35.0
188,R36,97.0
188,R37,3.0
188,R38,24.0
188,R39,17763580.0
188,R40,10658148.0
188,R41,13860.0
188,R42,415776.0
188,R43,6661342.0
188,R44,74.0
188,R45,1776.0
188,R46,51.0
188,R47,2961.0
188,R48,177636.0
188,R49,166310.0
188,R50,15987222.0
188,R51,4884984.0
188,R52,1776358.0
188,R53,90.0
188,R54,222044.0
188,R55,1974.0
188,R56,4038.0
189,R1,21387264.0
189,R2,7485542.0
189,R3,6416179.0
189,R4,1710982.0
189,R5,106936320.0
189,R6,320808960.0
189,R7,42774528.0
189,R8,100992.0
189,R9,134654.0
189,R10,8198452.0
189,R11,6772634.0
189,R12,1200.0
189,R13,777.84
189,R14,7129.0
189,R15,892.0
189,R16,2852.0
189,R17,213872.0
189,R18,285163.0
189,R19,1782272.0
189,R20,142582.0
189,R21,4752.0
189,R22,1782.0
189,R23,5703.0
189,R24,2700.0
189,R25,7129.0
189,R26,570.0
189,R27,29.0
189,R28,14.0
189,R29,1426.0
189,R30,2376.0
189,R31,59.0
189,R32,72.0
189,R33,8.0
189,R34,921.0
189,R35,29.0
189,R36,40.0
189,R37,14.0
189,R38,10.0
189,R39,14258176.0
189,R40,8554905.0
189,R41,11221.0
189,R42,336637.0
189,R43,5346816.0
189,R44,59.0
189,R45,1426.0
189,R46,20.0
189,R47,2376.0
189,R48,142582.0
189,R49,134654.0
189,R50,12832359.0
189,R51,3920998.0
189,R52,1427559.0
189,R53,40.0
189,R54,178228.0
189,R55,1584.0
189,R56,3240.0
19,R1,3329910.0
19,R2,1165468.0
19,R3,998972.0
19,R4,266392.0
19,R5,16649550.0
19,R6,49948650.0
19,R7,6659820.0
19,R8,17864.0
19,R9,23817.0
19,R10,1276466.0
19,R11,1054472.0
19,R12,1125.68
19,R13,722.8000000000001
19,R14,1110.0
19,R15,139.0
19,R16,444.0
19,R17,33299.0
19,R18,44398.0
19,R19,277492.0
19,R20,22200.0
19,R21,740.0
19,R22,278.0
19,R23,888.0
19,R24,388.0
19,R25,1110.0
19,R26,89.0
19,R27,8.0
19,R28,2.0
19,R29,222.0
19,R30,370.0
19,R31,20.0
19,R32,33.0
19,R33,70.0
19,R34,111.0
19,R35,8.0
19,R36,6.0
19,R37,0.0
19,R38,2.0
19,R39,2219940.0
19,R40,1331964.0
19,R41,1985.0
19,R42,59544.0
19,R43,832478.0
19,R44,10.0
19,R45,222.0
19,R46,3.0
19,R47,370.0
19,R48,22200.0
19,R49,23817.0
19,R50,1997946.0
19,R51,610483.0
19,R52,221994.0
19,R53,12.0
19,R54,27749.0
19,R55,246.0
19,R56,504.0
190,R1,18605676.0
190,R2,6511986.0
190,R3,5581703.0
190,R4,1488454.0
190,R5,93028380.0
190,R6,279085140.0
190,R7,37211352.0
190,R8,84302.0
190,R9,112404.0
190,R10,7132175.0
190,R11,5891798.0
190,R12,1200.0
190,R13,840.0
190,R14,6202.0
190,R15,776.0
190,R16,2481.0
190,R17,186056.0
190,R18,248076.0
190,R19,1550473.0
190,R20,124038.0
190,R21,4134.0
190,R22,1550.0
190,R23,4961.0
190,R24,2170.0
190,R25,6202.0
190,R26,496.0
190,R27,24.0
190,R28,13.0
190,R29,1240.0
190,R30,2068.0
190,R31,52.0
190,R32,62.0
190,R33,7.0
190,R34,620.0
190,R35,24.0
190,R36,34.0
190,R37,2.0
190,R38,8.0
190,R39,12403784.0
190,R40,7442271.0
190,R41,9366.0
190,R42,281008.0
190,R43,4651419.0
190,R44,52.0
190,R45,1240.0
190,R46,18.0
190,R47,2068.0
190,R48,124038.0
190,R49,112404.0
190,R50,11163405.0
190,R51,3411041.0
190,R52,1240379.0
190,R53,34.0
190,R54,155048.0
190,R55,1378.0
190,R56,2820.0
191,R1,27683478.0
191,R2,9689218.0
191,R3,8305044.0
191,R4,2214678.0
191,R5,138417390.0
191,R6,415252170.0
191,R7,55366956.0
191,R8,119742.0
191,R9,159656.0
191,R10,10612000.0
191,R11,8766434.0
191,R12,1200.0
191,R13,840.0
191,R14,9228.0
191,R15,1154.0
191,R16,3691.0
191,R17,276834.0
191,R18,369113.0
191,R19,2306956.0
191,R20,184556.0
191,R21,6152.0
191,R22,2200.0
191,R23,7382.0
191,R24,3230.0
191,R25,9228.0
191,R26,738.0
191,R27,37.0
191,R28,18.0
191,R29,1846.0
191,R30,3076.0
191,R31,76.0
191,R32,92.0
191,R33,11.0
191,R34,922.0
191,R35,37.0
191,R36,51.0
191,R37,4.0
191,R38,13.0
191,R39,18455652.0
191,R40,11073391.0
191,R41,13304.0
191,R42,399139.0
191,R43,6920870.0
191,R44,76.0
191,R45,1846.0
191,R46,26.0
191,R47,3076.0
191,R48,184556.0
191,R49,159656.0
191,R50,16610087.0
191,R51,5075305.0
191,R52,1845565.0
191,R53,51.0
191,R54,230696.0
191,R55,2050.0
191,R56,4194.0
192,R1,13235808.0
192,R2,4632532.0
192,R3,3970742.0
192,R4,1058864.0
192,R5,66179040.0
192,R6,198537120.0
192,R7,26471616.0
192,R8,58396.0
192,R9,77861.0
192,R10,5073726.0
192,R11,4191340.0
192,R12,1200.0
192,R13,840.0
192,R14,4412.0
192,R15,576.0
192,R16,1765.0
192,R17,132611.0
192,R18,176477.0
192,R19,1102984.0
192,R20,88238.0
192,R21,2942.0
192,R22,1159.0
192,R23,3529.0
192,R24,1544.0
192,R25,4520.0
192,R26,461.0
192,R27,18.0
192,R28,8.0
192,R29,899.0
192,R30,1474.0
192,R31,100.0
192,R32,82.0
192,R33,12.0
192,R34,552.0
192,R35,36.0
192,R36,68.0
192,R37,2.0
192,R38,12.0
192,R39,8823872.0
192,R40,5294324.0
192,R41,6488.0
192,R42,194655.0
192,R43,3308952.0
192,R44,36.0
192,R45,888.0
192,R46,37.0
192,R47,1474.0
192,R48,88238.0
192,R49,77861.0
192,R50,7941484.0
192,R51,2426564.0
192,R52,882388.0
192,R53,49.0
192,R54,110501.0
192,R55,1036.0
192,R56,2006.0
193,R1,19438644.0
193,R2,6803525.0
193,R3,5831593.0
193,R4,1555092.0
193,R5,97193220.0
193,R6,291579660.0
193,R7,38877288.0
193,R8,86449.0
193,R9,115264.0
193,R10,7451480.0
193,R11,6155571.0
193,R12,1200.0
193,R13,840.0
193,R14,6480.0
193,R15,816.0
193,R16,2592.0
193,R17,194386.0
193,R18,259182.0
193,R19,1619887.0
193,R20,129590.0
193,R21,4320.0
193,R22,1620.0
193,R23,5184.0
193,R24,2267.0
193,R25,6480.0
193,R26,518.0
193,R27,38.0
193,R28,13.0
193,R29,1308.0
193,R30,2166.0
193,R31,84.0
193,R32,64.0
193,R33,8.0
193,R34,648.0
193,R35,38.0
193,R36,36.0
193,R37,2.0
193,R38,8.0
193,R39,12959096.0
193,R40,7775458.0
193,R41,9606.0
193,R42,288160.0
193,R43,4859661.0
193,R44,54.0
193,R45,1304.0
193,R46,37.0
193,R47,2160.0
193,R48,129590.0
193,R49,115264.0
193,R50,11663186.0
193,R51,3563752.0
193,R52,1295910.0
193,R53,36.0
193,R54,161989.0
193,R55,1440.0
193,R56,2945.0
194,R1,26965224.0
194,R2,9437828.0
194,R3,8089568.0
194,R4,2157218.0
194,R5,134826120.0
194,R6,404478360.0
194,R7,53930448.0
194,R8,119432.0
194,R9,159243.0
194,R10,10336670.0
194,R11,8538988.0
194,R12,1200.0
194,R13,840.0
194,R14,8989.0
194,R15,1123.0
194,R16,3596.0
194,R17,269652.0
194,R18,359536.0
194,R19,2247102.0
194,R20,179768.0
194,R21,5992.0
194,R22,2200.0
194,R23,7190.0
194,R24,3146.0
194,R25,8989.0
194,R26,720.0
194,R27,36.0
194,R28,18.0
194,R29,1798.0
194,R30,2997.0
194,R31,75.0
194,R32,89.0
194,R33,11.0
194,R34,899.0
194,R35,36.0
194,R36,50.0
194,R37,4.0
194,R38,60.0
194,R39,17976816.0
194,R40,10786090.0
194,R41,13270.0
194,R42,398108.0
194,R43,6741306.0
194,R44,75.0
194,R45,1798.0
194,R46,26.0
194,R47,2997.0
194,R48,179768.0
194,R49,159243.0
194,R50,16179134.0
194,R51,4943624.0
194,R52,1797682.0
194,R53,50.0
194,R54,224710.0
194,R55,1998.0
194,R56,4086.0
195,R1,21721608.0
195,R2,7602562.0
195,R3,6516482.0
195,R4,1737728.0
195,R5,108608040.0
195,R6,325824120.0
195,R7,43443216.0
195,R8,98400.0
195,R9,131199.0
195,R10,8326616.0
195,R11,6878510.0
195,R12,1200.0
195,R13,840.0
195,R14,7240.0
195,R15,905.0
195,R16,2896.0
195,R17,217216.0
195,R18,289621.0
195,R19,1810134.0
195,R20,144810.0
195,R21,4828.0
195,R22,1810.0
195,R23,5792.0
195,R24,2534.0
195,R25,7240.0
195,R26,580.0
195,R27,28.0
195,R28,15.0
195,R29,1448.0
195,R30,2413.0
195,R31,60.0
195,R32,72.0
195,R33,9.0
195,R34,724.0
195,R35,28.0
195,R36,41.0
195,R37,2.0
195,R38,9.0
195,R39,14481072.0
195,R40,8688644.0
195,R41,10934.0
195,R42,327998.0
195,R43,5430402.0
195,R44,60.0
195,R45,1448.0
195,R46,21.0
195,R47,2413.0
195,R48,144810.0
195,R49,131199.0
195,R50,13032964.0
195,R51,3982294.0
195,R52,1448108.0
195,R53,41.0
195,R54,181014.0
195,R55,1610.0
195,R56,3292.0
196,R1,11716536.0
196,R2,4100788.0
196,R3,3514961.0
196,R4,937323.0
196,R5,58582680.0
196,R6,175748040.0
196,R7,23433072.0
196,R8,53425.0
196,R9,71232.0
196,R10,4491338.0
196,R11,3710236.0
196,R12,1200.0
196,R13,840.0
196,R14,3906.0
196,R15,488.0
196,R16,1562.0
196,R17,117166.0
196,R18,156220.0
196,R19,976378.0
196,R20,78110.0
196,R21,2604.0
196,R22,977.0
196,R23,3124.0
196,R24,1367.0
196,R25,3906.0
196,R26,312.0
196,R27,16.0
196,R28,7.0
196,R29,782.0
196,R30,1302.0
196,R31,32.0
196,R32,39.0
196,R33,4.0
196,R34,390.0
196,R35,112.0
196,R36,159.0
196,R37,2.0
196,R38,10.0
196,R39,7811024.0
196,R40,4686615.0
196,R41,5936.0
196,R42,178082.0
196,R43,2929134.0
196,R44,32.0
196,R45,795.0
196,R46,12.0
196,R47,1302.0
196,R48,78110.0
196,R49,71232.0
196,R50,7029921.0
196,R51,2148032.0
196,R52,781103.0
196,R53,22.0
196,R54,97638.0
196,R55,868.0
196,R56,1823.0
197,R1,22061046.0
197,R2,7721367.0
197,R3,6618314.0
197,R4,1764884.0
197,R5,110305230.0
197,R6,330915690.0
197,R7,44122092.0
197,R8,100830.0
197,R9,134438.0
197,R10,8456734.0
197,R11,6985997.0
197,R12,1200.0
197,R13,840.0
197,R14,7354.0
197,R15,920.0
197,R16,2942.0
197,R17,220611.0
197,R18,294148.0
197,R19,1838421.0
197,R20,147074.0
197,R21,4903.0
197,R22,1838.0
197,R23,5883.0
197,R24,2574.0
197,R25,7354.0
197,R26,588.0
197,R27,29.0
197,R28,14.0
197,R29,1470.0
197,R30,2451.0
197,R31,61.0
197,R32,74.0
197,R33,10.0
197,R34,736.0
197,R35,29.0
197,R36,41.0
197,R37,3.0
197,R38,10.0
197,R39,14707364.0
197,R40,8824418.0
197,R41,11204.0
197,R42,336097.0
197,R43,5515261.0
197,R44,61.0
197,R45,1470.0
197,R46,22.0
197,R47,2451.0
197,R48,147074.0
197,R49,134438.0
197,R50,13236628.0
197,R51,4044525.0
197,R52,1470736.0
197,R53,41.0
197,R54,183842.0
197,R55,1634.0
197,R56,3342.0
198,R1,9469278.0
198,R2,3314248.0
198,R3,2840784.0
198,R4,757542.0
198,R5,47346390.0
198,R6,142039170.0
198,R7,18938556.0
198,R8,40032.0
198,R9,53376.0
198,R10,3629890.0
198,R11,2998604.0
198,R12,1200.0
198,R13,821.28
198,R14,3156.0
198,R15,395.0
198,R16,1263.0
198,R17,94692.0
198,R18,126257.0
198,R19,789107.0
198,R20,63128.0
198,R21,2104.0
198,R22,789.0
198,R23,2525.0
198,R24,1104.0
198,R25,3156.0
198,R26,252.0
198,R27,12.0
198,R28,6.0
198,R29,632.0
198,R30,1052.0
198,R31,26.0
198,R32,31.0
198,R33,4.0
198,R34,316.0
198,R35,12.0
198,R36,17.0
198,R37,2.0
198,R38,4.0
198,R39,6312852.0
198,R40,3787711.0
198,R41,4448.0
198,R42,133442.0
198,R43,2367319.0
198,R44,26.0
198,R45,632.0
198,R46,10.0
198,R47,1052.0
198,R48,63128.0
198,R49,53376.0
198,R50,5681567.0
198,R51,1736034.0
198,R52,631285.0
198,R53,27.0
198,R54,78911.0
198,R55,702.0
198,R56,1434.0
199,R1,14981820.0
199,R2,5243636.0
199,R3,4494546.0
199,R4,1198546.0
199,R5,74909100.0
199,R6,224727300.0
199,R7,29963640.0
199,R8,71086.0
199,R9,94782.0
199,R10,5743031.0
199,R11,4744244.0
199,R12,1200.0
199,R13,840.0
199,R14,4994.0
199,R15,635.0
199,R16,1998.0
199,R17,149818.0
199,R18,199758.0
199,R19,1248485.0
199,R20,99878.0
199,R21,3330.0
199,R22,1248.0
199,R23,3996.0
199,R24,1748.0
199,R25,4994.0
199,R26,400.0
199,R27,20.0
199,R28,10.0
199,R29,1017.0
199,R30,1664.0
199,R31,42.0
199,R32,49.0
199,R33,6.0
199,R34,500.0
199,R35,20.0
199,R36,41.0
199,R37,2.0
199,R38,48.0
199,R39,9987880.0
199,R40,5992728.0
199,R41,7898.0
199,R42,236956.0
199,R43,3745455.0
199,R44,42.0
199,R45,999.0
199,R46,28.0
199,R47,1664.0
199,R48,99878.0
199,R49,94782.0
199,R50,8989092.0
199,R51,2746668.0
199,R52,998788.0
199,R53,56.0
199,R54,124848.0
199,R55,1110.0
199,R56,2270.0
2,R1,4522768.0
2,R2,1583181.0
2,R3,1357405.0
2,R4,362446.0
2,R5,22612687.0
2,R6,67837050.0
2,R7,9044940.0
2,R8,18606.0
2,R9,24808.0
2,R10,1733614.0
2,R11,1432115.0
2,R12,1023.12
2,R13,671.6
2,R14,1508.0
2,R15,203.0
2,R16,602.0
2,R17,45224.0
2,R18,60299.0
2,R19,376872.0
2,R20,30150.0
2,R21,1004.0
2,R22,376.0
2,R23,1206.0
2,R24,528.0
2,R25,1508.0
2,R26,140.0
2,R27,11.0
2,R28,6.0
2,R29,302.0
2,R30,503.0
2,R31,24.0
2,R32,16.0
2,R33,4.0
2,R34,170.0
2,R35,6.0
2,R36,9.0
2,R37,0.0
2,R38,4.0
2,R39,3014980.0
2,R40,1808988.0
2,R41,2067.0
2,R42,62018.0
2,R43,1130618.0
2,R44,12.0
2,R45,302.0
2,R46,8.0
2,R47,503.0
2,R48,30150.0
2,R49,24808.0
2,R50,2713482.0
2,R51,829120.0
2,R52,301498.0
2,R53,18.0
2,R54,37688.0
2,R55,335.0
2,R56,686.0
20,R1,1888002.0
20,R2,660801.0
20,R3,566400.0
20,R4,151040.0
20,R5,9440010.0
20,R6,28320030.0
20,R7,3776004.0
20,R8,10204.0
20,R9,13606.0
20,R10,723734.0
20,R11,597867.0
20,R12,880.48
20,R13,600.24
20,R14,630.0
20,R15,88.0
20,R16,252.0
20,R17,18880.0
20,R18,25174.0
20,R19,157334.0
20,R20,12586.0
20,R21,420.0
20,R22,158.0
20,R23,504.0
20,R24,220.0
20,R25,630.0
20,R26,63.0
20,R27,4.0
20,R28,4.0
20,R29,149.0
20,R30,237.0
20,R31,15.0
20,R32,6.0
20,R33,0.0
20,R34,79.0
20,R35,2.0
20,R36,4.0
20,R37,0.0
20,R38,0.0
20,R39,1258668.0
20,R40,755200.0
20,R41,1134.0
20,R42,34014.0
20,R43,472000.0
20,R44,5.0
20,R45,148.0
20,R46,6.0
20,R47,228.0
20,R48,12586.0
20,R49,13606.0
20,R50,1132802.0
20,R51,346134.0
20,R52,125866.0
20,R53,12.0
20,R54,15734.0
20,R55,140.0
20,R56,298.0
200,R1,11175354.0
200,R2,3911374.0
200,R3,3352606.0
200,R4,894028.0
200,R5,55876770.0
200,R6,167630310.0
200,R7,22350708.0
200,R8,59972.0
200,R9,79962.0
200,R10,4283886.0
200,R11,3538862.0
200,R12,1200.0
200,R13,840.0
200,R14,3725.0
200,R15,482.0
200,R16,1490.0
200,R17,111754.0
200,R18,149005.0
200,R19,931280.0
200,R20,74502.0
200,R21,2484.0
200,R22,932.0
200,R23,2980.0
200,R24,1304.0
200,R25,3725.0
200,R26,298.0
200,R27,14.0
200,R28,8.0
200,R29,761.0
200,R30,1242.0
200,R31,32.0
200,R32,37.0
200,R33,4.0
200,R34,372.0
200,R35,14.0
200,R36,37.0
200,R37,2.0
200,R38,8.0
200,R39,7450236.0
200,R40,4470141.0
200,R41,6664.0
200,R42,199905.0
200,R43,2793838.0
200,R44,32.0
200,R45,746.0
200,R46,20.0
200,R47,1242.0
200,R48,74502.0
200,R49,79962.0
200,R50,6705213.0
200,R51,2048814.0
200,R52,745023.0
200,R53,38.0
200,R54,93128.0
200,R55,828.0
200,R56,1694.0
201,R1,10646880.0
201,R2,3726408.0
201,R3,3194064.0
201,R4,851750.0
201,R5,53234400.0
201,R6,159703200.0
201,R7,21293760.0
201,R8,52323.0
201,R9,69764.0
201,R10,4081304.0
201,R11,3371512.0
201,R12,1200.0
201,R13,840.0
201,R14,3548.0
201,R15,444.0
201,R16,1420.0
201,R17,106468.0
201,R18,141959.0
201,R19,887240.0
201,R20,70980.0
201,R21,2366.0
201,R22,888.0
201,R23,2840.0
201,R24,1242.0
201,R25,3548.0
201,R26,284.0
201,R27,26.0
201,R28,8.0
201,R29,710.0
201,R30,1182.0
201,R31,30.0
201,R32,36.0
201,R33,4.0
201,R34,355.0
201,R35,27.0
201,R36,19.0
201,R37,2.0
201,R38,4.0
201,R39,7097920.0
201,R40,4258752.0
201,R41,5814.0
201,R42,174409.0
201,R43,2661720.0
201,R44,30.0
201,R45,712.0
201,R46,10.0
201,R47,1182.0
201,R48,70980.0
201,R49,69764.0
201,R50,6388128.0
201,R51,1951928.0
201,R52,709792.0
201,R53,19.0
201,R54,88724.0
201,R55,789.0
201,R56,1614.0
202,R1,8620314.0
202,R2,3017110.0
202,R3,2586094.0
202,R4,689626.0
202,R5,43101570.0
202,R6,129304710.0
202,R7,17240628.0
202,R8,42823.0
202,R9,57097.0
202,R10,3304454.0
202,R11,2729766.0
202,R12,1200.0
202,R13,840.0
202,R14,2874.0
202,R15,376.0
202,R16,1149.0
202,R17,86203.0
202,R18,114937.0
202,R19,718360.0
202,R20,57468.0
202,R21,1916.0
202,R22,718.0
202,R23,2299.0
202,R24,1006.0
202,R25,2874.0
202,R26,230.0
202,R27,12.0
202,R28,6.0
202,R29,589.0
202,R30,958.0
202,R31,24.0
202,R32,28.0
202,R33,3.0
202,R34,288.0
202,R35,12.0
202,R36,34.0
202,R37,1.0
202,R38,8.0
202,R39,5746876.0
202,R40,3448125.0
202,R41,4758.0
202,R42,142742.0
202,R43,2155078.0
202,R44,24.0
202,R45,575.0
202,R46,16.0
202,R47,958.0
202,R48,57468.0
202,R49,57097.0
202,R50,5172189.0
202,R51,1580391.0
202,R52,574687.0
202,R53,29.0
202,R54,71836.0
202,R55,642.0
202,R56,1306.0
203,R1,23610252.0
203,R2,8263588.0
203,R3,7083075.0
203,R4,1888820.0
203,R5,118051260.0
203,R6,354153780.0
203,R7,47220504.0
203,R8,127883.0
203,R9,170510.0
203,R10,9050597.0
203,R11,7476580.0
203,R12,1200.0
203,R13,840.0
203,R14,7870.0
203,R15,1243.0
203,R16,3160.0
203,R17,236102.0
203,R18,314804.0
203,R19,1967520.0
203,R20,157402.0
203,R21,5246.0
203,R22,2023.0
203,R23,6297.0
203,R24,2846.0
203,R25,7870.0
203,R26,1105.0
203,R27,32.0
203,R28,128.0
203,R29,1574.0
203,R30,2974.0
203,R31,66.0
203,R32,428.0
203,R33,72.0
203,R34,976.0
203,R35,32.0
203,R36,611.0
203,R37,45.0
203,R38,165.0
203,R39,15740168.0
203,R40,9444100.0
203,R41,14210.0
203,R42,426276.0
203,R43,5902564.0
203,R44,66.0
203,R45,1952.0
203,R46,183.0
203,R47,2624.0
203,R48,157402.0
203,R49,170510.0
203,R50,14166152.0
203,R51,4328546.0
203,R52,1574016.0
203,R53,44.0
203,R54,196752.0
203,R55,1818.0
203,R56,3578.0
204,R1,30596226.0
204,R2,10708679.0
204,R3,9178868.0
204,R4,2447698.0
204,R5,152981130.0
204,R6,458943390.0
204,R7,61192452.0
204,R8,176672.0
204,R9,235564.0
204,R10,11728553.0
204,R11,9688805.0
204,R12,1200.0
204,R13,840.0
204,R14,10198.0
204,R15,1286.0
204,R16,4080.0
204,R17,305962.0
204,R18,407950.0
204,R19,2549686.0
204,R20,203975.0
204,R21,6800.0
204,R22,2200.0
204,R23,8158.0
204,R24,3569.0
204,R25,10198.0
204,R26,816.0
204,R27,41.0
204,R28,20.0
204,R29,2040.0
204,R30,3400.0
204,R31,84.0
204,R32,102.0
204,R33,13.0
204,R34,1020.0
204,R35,117.0
204,R36,56.0
204,R37,4.0
204,R38,14.0
204,R39,20397484.0
204,R40,12238491.0
204,R41,19630.0
204,R42,588910.0
204,R43,7649056.0
204,R44,84.0
204,R45,2040.0
204,R46,29.0
204,R47,3400.0
204,R48,203975.0
204,R49,235564.0
204,R50,18357735.0
204,R51,5609308.0
204,R52,2039749.0
204,R53,56.0
204,R54,254969.0
204,R55,2266.0
204,R56,4635.0
205,R1,3937476.0
205,R2,1378116.0
205,R3,1181242.0
205,R4,314998.0
205,R5,19687380.0
205,R6,59062140.0
205,R7,7874952.0
205,R8,27026.0
205,R9,36034.0
205,R10,1509366.0
205,R11,1246868.0
205,R12,893.76
205,R13,606.88
205,R14,1312.0
205,R15,349.0
205,R16,524.0
205,R17,39374.0
205,R18,52500.0
205,R19,328123.0
205,R20,26250.0
205,R21,875.0
205,R22,328.0
205,R23,1050.0
205,R24,516.0
205,R25,1312.0
205,R26,427.0
205,R27,6.0
205,R28,2.0
205,R29,263.0
205,R30,633.0
205,R31,22.0
205,R32,283.0
205,R33,16.0
205,R34,186.0
205,R35,6.0
205,R36,110.0
205,R37,0.0
205,R38,28.0
205,R39,2624984.0
205,R40,1574990.0
205,R41,3003.0
205,R42,90086.0
205,R43,984369.0
205,R44,10.0
205,R45,494.0
205,R46,4.0
205,R47,439.0
205,R48,26250.0
205,R49,36034.0
205,R50,2362486.0
205,R51,721871.0
205,R52,262498.0
205,R53,7.0
205,R54,32812.0
205,R55,320.0
205,R56,597.0
206,R1,20541444.0
206,R2,7189506.0
206,R3,6162433.0
206,R4,1643316.0
206,R5,102707220.0
206,R6,308121660.0
206,R7,41082888.0
206,R8,132538.0
206,R9,176718.0
206,R10,7874220.0
206,R11,6504790.0
206,R12,1200.0
206,R13,840.0
206,R14,6847.0
206,R15,856.0
206,R16,2738.0
206,R17,205414.0
206,R18,273886.0
206,R19,1711787.0
206,R20,136943.0
206,R21,4564.0
206,R22,1712.0
206,R23,5477.0
206,R24,2397.0
206,R25,6847.0
206,R26,638.0
206,R27,28.0
206,R28,13.0
206,R29,1370.0
206,R30,2282.0
206,R31,58.0
206,R32,374.0
206,R33,56.0
206,R34,756.0
206,R35,28.0
206,R36,73.0
206,R37,2.0
206,R38,78.0
206,R39,13694296.0
206,R40,8216578.0
206,R41,14726.0
206,R42,441793.0
206,R43,5135361.0
206,R44,58.0
206,R45,1385.0
206,R46,20.0
206,R47,2282.0
206,R48,136943.0
206,R49,176718.0
206,R50,12324866.0
206,R51,3765932.0
206,R52,1369430.0
206,R53,38.0
206,R54,171178.0
206,R55,1521.0
206,R56,3113.0
207,R1,26924274.0
207,R2,9423496.0
207,R3,8077283.0
207,R4,2153942.0
207,R5,134621370.0
207,R6,403864110.0
207,R7,53848548.0
207,R8,161732.0
207,R9,215644.0
207,R10,10320972.0
207,R11,8526020.0
207,R12,1200.0
207,R13,799.9200000000001
207,R14,8974.0
207,R15,1122.0
207,R16,3590.0
207,R17,269243.0
207,R18,358990.0
207,R19,2243690.0
207,R20,179496.0
207,R21,5994.0
207,R22,2200.0
207,R23,7180.0
207,R24,3142.0
207,R25,8974.0
207,R26,763.0
207,R27,36.0
207,R28,18.0
207,R29,1794.0
207,R30,3584.0
207,R31,125.0
207,R32,131.0
207,R33,22.0
207,R34,898.0
207,R35,36.0
207,R36,86.0
207,R37,8.0
207,R38,24.0
207,R39,17949516.0
207,R40,10769710.0
207,R41,17970.0
207,R42,539108.0
207,R43,6731068.0
207,R44,125.0
207,R45,1829.0
207,R46,25.0
207,R47,2992.0
207,R48,179496.0
207,R49,215644.0
207,R50,16154564.0
207,R51,4936116.0
207,R52,1794952.0
207,R53,50.0
207,R54,224368.0
207,R55,2120.0
207,R56,4079.0
208,R1,13374456.0
208,R2,4681060.0
208,R3,4012336.0
208,R4,1069956.0
208,R5,66872280.0
208,R6,200616840.0
208,R7,26748912.0
208,R8,79753.0
208,R9,106338.0
208,R10,5126875.0
208,R11,4235244.0
208,R12,1127.92
208,R13,723.92
208,R14,4459.0
208,R15,732.0
208,R16,1783.0
208,R17,133745.0
208,R18,178326.0
208,R19,1114539.0
208,R20,89163.0
208,R21,2982.0
208,R22,1114.0
208,R23,3566.0
208,R24,1630.0
208,R25,4459.0
208,R26,764.0
208,R27,17.0
208,R28,8.0
208,R29,892.0
208,R30,1689.0
208,R31,77.0
208,R32,377.0
208,R33,12.0
208,R34,446.0
208,R35,17.0
208,R36,225.0
208,R37,18.0
208,R38,90.0
208,R39,8916304.0
208,R40,5349783.0
208,R41,8862.0
208,R42,265844.0
208,R43,3343613.0
208,R44,77.0
208,R45,1178.0
208,R46,12.0
208,R47,1486.0
208,R48,89163.0
208,R49,106338.0
208,R50,8024673.0
208,R51,2451984.0
208,R52,891631.0
208,R53,25.0
208,R54,111454.0
208,R55,1022.0
208,R56,2026.0
209,R1,16869414.0
209,R2,5904295.0
209,R3,5060824.0
209,R4,1349553.0
209,R5,84347070.0
209,R6,253041210.0
209,R7,33738828.0
209,R8,102265.0
209,R9,136354.0
209,R10,6466609.0
209,R11,5341981.0
209,R12,1200.0
209,R13,822.24
209,R14,5624.0
209,R15,702.0
209,R16,2250.0
209,R17,168694.0
209,R18,224926.0
209,R19,1405784.0
209,R20,112463.0
209,R21,3749.0
209,R22,1406.0
209,R23,4498.0
209,R24,1968.0
209,R25,5624.0
209,R26,479.0
209,R27,23.0
209,R28,11.0
209,R29,1125.0
209,R30,1874.0
209,R31,80.0
209,R32,97.0
209,R33,12.0
209,R34,562.0
209,R35,23.0
209,R36,56.0
209,R37,4.0
209,R38,14.0
209,R39,11246276.0
209,R40,6747765.0
209,R41,11363.0
209,R42,340885.0
209,R43,4217354.0
209,R44,72.0
209,R45,1147.0
209,R46,16.0
209,R47,1874.0
209,R48,112463.0
209,R49,136354.0
209,R50,10121649.0
209,R51,3092726.0
209,R52,1124627.0
209,R53,32.0
209,R54,140578.0
209,R55,1250.0
209,R56,2556.0
21,R1,9179748.0
21,R2,3212912.0
21,R3,2753924.0
21,R4,734380.0
21,R5,45898740.0
21,R6,137696220.0
21,R7,18359496.0
21,R8,56556.0
21,R9,75408.0
21,R10,3518904.0
21,R11,2906920.0
21,R12,1200.0
21,R13,840.0
21,R14,3060.0
21,R15,470.0
21,R16,1224.0
21,R17,91797.0
21,R18,122397.0
21,R19,764979.0
21,R20,61198.0
21,R21,2040.0
21,R22,764.0
21,R23,2448.0
21,R24,1071.0
21,R25,3157.0
21,R26,244.0
21,R27,25.0
21,R28,7.0
21,R29,612.0
21,R30,1266.0
21,R31,103.0
21,R32,62.0
21,R33,8.0
21,R34,306.0
21,R35,12.0
21,R36,32.0
21,R37,1.0
21,R38,24.0
21,R39,6119832.0
21,R40,3672416.0
21,R41,6284.0
21,R42,188519.0
21,R43,2294937.0
21,R44,50.0
21,R45,760.0
21,R46,8.0
21,R47,1020.0
21,R48,61198.0
21,R49,75408.0
21,R50,5507848.0
21,R51,1683254.0
21,R52,611984.0
21,R53,16.0
21,R54,77408.0
21,R55,730.0
21,R56,1539.0
210,R1,10142400.0
210,R2,3549840.0
210,R3,3042720.0
210,R4,811392.0
210,R5,50712000.0
210,R6,152136000.0
210,R7,20284800.0
210,R8,60920.0
210,R9,81227.0
210,R10,3887920.0
210,R11,3211760.0
210,R12,1200.0
210,R13,815.6
210,R14,3380.0
210,R15,442.0
210,R16,1352.0
210,R17,101424.0
210,R18,135232.0
210,R19,845200.0
210,R20,67616.0
210,R21,2257.0
210,R22,845.0
210,R23,2704.0
210,R24,1183.0
210,R25,3380.0
210,R26,270.0
210,R27,14.0
210,R28,6.0
210,R29,676.0
210,R30,1127.0
210,R31,28.0
210,R32,34.0
210,R33,4.0
210,R34,338.0
210,R35,14.0
210,R36,18.0
210,R37,2.0
210,R38,28.0
210,R39,6761600.0
210,R40,4056960.0
210,R41,6768.0
210,R42,203067.0
210,R43,2535600.0
210,R44,28.0
210,R45,676.0
210,R46,9.0
210,R47,1127.0
210,R48,67616.0
210,R49,81227.0
210,R50,6085440.0
210,R51,1859440.0
210,R52,676160.0
210,R53,18.0
210,R54,84520.0
210,R55,752.0
210,R56,1536.0
211,R1,19587714.0
211,R2,6855700.0
211,R3,5876314.0
211,R4,1567017.0
211,R5,97938570.0
211,R6,293815710.0
211,R7,39175428.0
211,R8,116600.0
211,R9,155467.0
211,R10,7508624.0
211,R11,6202776.0
211,R12,1200.0
211,R13,840.0
211,R14,6530.0
211,R15,816.0
211,R16,2612.0
211,R17,195877.0
211,R18,261170.0
211,R19,1632310.0
211,R20,130584.0
211,R21,4353.0
211,R22,1632.0
211,R23,5223.0
211,R24,2286.0
211,R25,6530.0
211,R26,522.0
211,R27,26.0
211,R28,14.0
211,R29,1306.0
211,R30,2176.0
211,R31,54.0
211,R32,65.0
211,R33,8.0
211,R34,652.0
211,R35,26.0
211,R36,36.0
211,R37,2.0
211,R38,8.0
211,R39,13058476.0
211,R40,7835086.0
211,R41,12956.0
211,R42,388666.0
211,R43,4896928.0
211,R44,54.0
211,R45,1306.0
211,R46,18.0
211,R47,2176.0
211,R48,130584.0
211,R49,155467.0
211,R50,11752628.0
211,R51,3591081.0
211,R52,1305848.0
211,R53,36.0
211,R54,163230.0
211,R55,1450.0
211,R56,2968.0
212,R1,18426174.0
212,R2,6449160.0
212,R3,5527852.0
212,R4,1474094.0
212,R5,92130870.0
212,R6,276392610.0
212,R7,36852348.0
212,R8,111434.0
212,R9,148578.0
212,R10,7063366.0
212,R11,5834956.0
212,R12,1200.0
212,R13,840.0
212,R14,6142.0
212,R15,768.0
212,R16,2457.0
212,R17,184262.0
212,R18,245682.0
212,R19,1535515.0
212,R20,122841.0
212,R21,4095.0
212,R22,1535.0
212,R23,4914.0
212,R24,2150.0
212,R25,6142.0
212,R26,492.0
212,R27,24.0
212,R28,13.0
212,R29,1228.0
212,R30,2047.0
212,R31,51.0
212,R32,62.0
212,R33,7.0
212,R34,614.0
212,R35,24.0
212,R36,35.0
212,R37,2.0
212,R38,8.0
212,R39,12284116.0
212,R40,7370469.0
212,R41,12382.0
212,R42,371446.0
212,R43,4606543.0
212,R44,51.0
212,R45,1228.0
212,R46,18.0
212,R47,2047.0
212,R48,122841.0
212,R49,148578.0
212,R50,11055705.0
212,R51,3378132.0
212,R52,1228411.0
212,R53,35.0
212,R54,153552.0
212,R55,1365.0
212,R56,2791.0
213,R1,12010572.0
213,R2,4203700.0
213,R3,3603172.0
213,R4,960846.0
213,R5,60052860.0
213,R6,180158580.0
213,R7,24021144.0
213,R8,72232.0
213,R9,96310.0
213,R10,4604052.0
213,R11,3803348.0
213,R12,1078.96
213,R13,699.44
213,R14,4003.0
213,R15,500.0
213,R16,1601.0
213,R17,120106.0
213,R18,160140.0
213,R19,1000880.0
213,R20,80070.0
213,R21,2676.0
213,R22,1002.0
213,R23,3203.0
213,R24,1402.0
213,R25,4003.0
213,R26,382.0
213,R27,16.0
213,R28,8.0
213,R29,801.0
213,R30,1334.0
213,R31,62.0
213,R32,80.0
213,R33,10.0
213,R34,400.0
213,R35,16.0
213,R36,42.0
213,R37,4.0
213,R38,48.0
213,R39,8007048.0
213,R40,4804228.0
213,R41,8026.0
213,R42,240774.0
213,R43,3002644.0
213,R44,59.0
213,R45,831.0
213,R46,11.0
213,R47,1334.0
213,R48,80070.0
213,R49,96310.0
213,R50,7206344.0
213,R51,2201939.0
213,R52,800704.0
213,R53,22.0
213,R54,100089.0
213,R55,900.0
213,R56,1820.0
214,R1,11403966.0
214,R2,3991388.0
214,R3,3421190.0
214,R4,912318.0
214,R5,57019830.0
214,R6,171059490.0
214,R7,22807932.0
214,R8,66417.0
214,R9,88554.0
214,R10,4371520.0
214,R11,3611256.0
214,R12,1200.0
214,R13,790.88
214,R14,3802.0
214,R15,480.0
214,R16,1521.0
214,R17,114040.0
214,R18,152053.0
214,R19,950330.0
214,R20,76026.0
214,R21,2534.0
214,R22,950.0
214,R23,3041.0
214,R24,1330.0
214,R25,3802.0
214,R26,305.0
214,R27,16.0
214,R28,7.0
214,R29,760.0
214,R30,1271.0
214,R31,59.0
214,R32,38.0
214,R33,4.0
214,R34,380.0
214,R35,16.0
214,R36,22.0
214,R37,2.0
214,R38,5.0
214,R39,7602644.0
214,R40,4561586.0
214,R41,7380.0
214,R42,221388.0
214,R43,2850992.0
214,R44,32.0
214,R45,766.0
214,R46,21.0
214,R47,1267.0
214,R48,76026.0
214,R49,88554.0
214,R50,6842380.0
214,R51,2090728.0
214,R52,760264.0
214,R53,22.0
214,R54,95034.0
214,R55,845.0
214,R56,1728.0
215,R1,23624310.0
215,R2,8268508.0
215,R3,7087292.0
215,R4,1889945.0
215,R5,118121550.0
215,R6,354364650.0
215,R7,47248620.0
215,R8,144542.0
215,R9,192722.0
215,R10,9055986.0
215,R11,7481032.0
215,R12,1200.0
215,R13,840.0
215,R14,7874.0
215,R15,1008.0
215,R16,3150.0
215,R17,236244.0
215,R18,314990.0
215,R19,1968692.0
215,R20,157496.0
215,R21,5250.0
215,R22,1969.0
215,R23,6300.0
215,R24,2756.0
215,R25,7874.0
215,R26,630.0
215,R27,32.0
215,R28,16.0
215,R29,1575.0
215,R30,2625.0
215,R31,180.0
215,R32,271.0
215,R33,9.0
215,R34,798.0
215,R35,170.0
215,R36,146.0
215,R37,3.0
215,R38,11.0
215,R39,15749540.0
215,R40,9449724.0
215,R41,16060.0
215,R42,481808.0
215,R43,5906078.0
215,R44,66.0
215,R45,1575.0
215,R46,22.0
215,R47,2625.0
215,R48,157496.0
215,R49,192722.0
215,R50,14174586.0
215,R51,4331123.0
215,R52,1574954.0
215,R53,44.0
215,R54,196869.0
215,R55,1750.0
215,R56,3579.0
216,R1,28806372.0
216,R2,10082230.0
216,R3,8641911.0
216,R4,2304510.0
216,R5,144031860.0
216,R6,432095580.0
216,R7,57612744.0
216,R8,170226.0
216,R9,226968.0
216,R10,11042443.0
216,R11,9122018.0
216,R12,1200.0
216,R13,840.0
216,R14,9602.0
216,R15,1204.0
216,R16,3840.0
216,R17,288064.0
216,R18,384084.0
216,R19,2400531.0
216,R20,192042.0
216,R21,6402.0
216,R22,2200.0
216,R23,7682.0
216,R24,3361.0
216,R25,9602.0
216,R26,768.0
216,R27,38.0
216,R28,20.0
216,R29,1921.0
216,R30,3205.0
216,R31,109.0
216,R32,96.0
216,R33,12.0
216,R34,960.0
216,R35,104.0
216,R36,54.0
216,R37,4.0
216,R38,13.0
216,R39,19204248.0
216,R40,11522548.0
216,R41,18914.0
216,R42,567422.0
216,R43,7201593.0
216,R44,80.0
216,R45,1925.0
216,R46,46.0
216,R47,3201.0
216,R48,192042.0
216,R49,226968.0
216,R50,17283824.0
216,R51,5281168.0
216,R52,1920424.0
216,R53,54.0
216,R54,240054.0
216,R55,2134.0
216,R56,4364.0
217,R1,15372072.0
217,R2,5380225.0
217,R3,4611621.0
217,R4,1229766.0
217,R5,76860360.0
217,R6,230581080.0
217,R7,30891009.0
217,R8,74348.0
217,R9,99131.0
217,R10,5892628.0
217,R11,4867823.0
217,R12,1200.0
217,R13,764.96
217,R14,5124.0
217,R15,843.0
217,R16,2050.0
217,R17,154035.0
217,R18,204960.0
217,R19,1281006.0
217,R20,102480.0
217,R21,3424.0
217,R22,1366.0
217,R23,4099.0
217,R24,1850.0
217,R25,5258.0
217,R26,977.0
217,R27,21.0
217,R28,80.0
217,R29,1025.0
217,R30,2044.0
217,R31,85.0
217,R32,729.0
217,R33,90.0
217,R34,887.0
217,R35,42.0
217,R36,458.0
217,R37,102.0
217,R38,96.0
217,R39,10248048.0
217,R40,6148828.0
217,R41,8260.0
217,R42,247826.0
217,R43,3843018.0
217,R44,83.0
217,R45,1368.0
217,R46,112.0
217,R47,1708.0
217,R48,102480.0
217,R49,99131.0
217,R50,9223244.0
217,R51,2818214.0
217,R52,1024804.0
217,R53,28.0
217,R54,128353.0
217,R55,1267.0
217,R56,2330.0
218,R1,19982784.0
218,R2,6993975.0
218,R3,5994836.0
218,R4,1598622.0
218,R5,99913920.0
218,R6,299741760.0
218,R7,39965568.0
218,R8,96419.0
218,R9,128559.0
218,R10,7660068.0
218,R11,6327881.0
218,R12,1200.0
218,R13,788.88
218,R14,6661.0
218,R15,832.0
218,R16,2664.0
218,R17,199828.0
218,R18,266438.0
218,R19,1665232.0
218,R20,133218.0
218,R21,4446.0
218,R22,1666.0
218,R23,5328.0
218,R24,2332.0
218,R25,6661.0
218,R26,583.0
218,R27,27.0
218,R28,13.0
218,R29,1333.0
218,R30,2220.0
218,R31,100.0
218,R32,111.0
218,R33,16.0
218,R34,666.0
218,R35,27.0
218,R36,75.0
218,R37,4.0
218,R38,64.0
218,R39,13321856.0
218,R40,7993114.0
218,R41,10714.0
218,R42,321396.0
218,R43,4995696.0
218,R44,107.0
218,R45,1362.0
218,R46,20.0
218,R47,2220.0
218,R48,133218.0
218,R49,128559.0
218,R50,11989670.0
218,R51,3663510.0
218,R52,1332186.0
218,R53,37.0
218,R54,166524.0
218,R55,1482.0
218,R56,3028.0
219,R1,23711172.0
219,R2,8298910.0
219,R3,7113352.0
219,R4,1896893.0
219,R5,118555860.0
219,R6,355667580.0
219,R7,47422344.0
219,R8,113598.0
219,R9,151464.0
219,R10,9089282.0
219,R11,7508538.0
219,R12,1200.0
219,R13,840.0
219,R14,7904.0
219,R15,988.0
219,R16,3161.0
219,R17,237112.0
219,R18,316148.0
219,R19,1975931.0
219,R20,158074.0
219,R21,5269.0
219,R22,1976.0
219,R23,6323.0
219,R24,2767.0
219,R25,7904.0
219,R26,632.0
219,R27,31.0
219,R28,107.0
219,R29,1581.0
219,R30,2695.0
219,R31,89.0
219,R32,80.0
219,R33,58.0
219,R34,888.0
219,R35,31.0
219,R36,226.0
219,R37,85.0
219,R38,66.0
219,R39,15807448.0
219,R40,9484468.0
219,R41,12622.0
219,R42,378658.0
219,R43,5927793.0
219,R44,66.0
219,R45,1658.0
219,R46,156.0
219,R47,2635.0
219,R48,158074.0
219,R49,151464.0
219,R50,14226704.0
219,R51,4347048.0
219,R52,1580744.0
219,R53,44.0
219,R54,197593.0
219,R55,1756.0
219,R56,3593.0
22,R1,1913388.0
22,R2,669686.0
22,R3,574017.0
22,R4,153072.0
22,R5,9566940.0
22,R6,28700820.0
22,R7,3826776.0
22,R8,11770.0
22,R9,15692.0
22,R10,733465.0
22,R11,605906.0
22,R12,970.64
22,R13,645.36
22,R14,638.0
22,R15,90.0
22,R16,255.0
22,R17,19133.0
22,R18,25512.0
22,R19,159449.0
22,R20,12756.0
22,R21,426.0
22,R22,159.0
22,R23,510.0
22,R24,224.0
22,R25,638.0
22,R26,61.0
22,R27,4.0
22,R28,2.0
22,R29,128.0
22,R30,212.0
22,R31,22.0
22,R32,14.0
22,R33,0.0
22,R34,74.0
22,R35,4.0
22,R36,3.0
22,R37,0.0
22,R38,0.0
22,R39,1275592.0
22,R40,765356.0
22,R41,1308.0
22,R42,39231.0
22,R43,478347.0
22,R44,5.0
22,R45,128.0
22,R46,4.0
22,R47,212.0
22,R48,12756.0
22,R49,15692.0
22,R50,1148032.0
22,R51,350788.0
22,R52,127560.0
22,R53,5.0
22,R54,15944.0
22,R55,142.0
22,R56,290.0
220,R1,20970126.0
220,R2,7339544.0
220,R3,6291038.0
220,R4,1677610.0
220,R5,104850630.0
220,R6,314551890.0
220,R7,41940252.0
220,R8,112696.0
220,R9,150261.0
220,R10,8038548.0
220,R11,6640540.0
220,R12,1200.0
220,R13,840.0
220,R14,6990.0
220,R15,880.0
220,R16,2796.0
220,R17,209701.0
220,R18,279602.0
220,R19,1747511.0
220,R20,139801.0
220,R21,4660.0
220,R22,1747.0
220,R23,5592.0
220,R24,2447.0
220,R25,6990.0
220,R26,560.0
220,R27,28.0
220,R28,14.0
220,R29,1398.0
220,R30,2336.0
220,R31,74.0
220,R32,70.0
220,R33,8.0
220,R34,699.0
220,R35,28.0
220,R36,38.0
220,R37,2.0
220,R38,9.0
220,R39,13980084.0
220,R40,8388050.0
220,R41,12522.0
220,R42,375652.0
220,R43,5242531.0
220,R44,58.0
220,R45,1404.0
220,R46,41.0
220,R47,2330.0
220,R48,139801.0
220,R49,150261.0
220,R50,12582076.0
220,R51,3844523.0
220,R52,1398008.0
220,R53,38.0
220,R54,174752.0
220,R55,1554.0
220,R56,3178.0
221,R1,25569396.0
221,R2,8949288.0
221,R3,7670818.0
221,R4,2045552.0
221,R5,127846980.0
221,R6,383540940.0
221,R7,51138792.0
221,R8,150388.0
221,R9,200518.0
221,R10,9801602.0
221,R11,8096976.0
221,R12,1200.0
221,R13,784.72
221,R14,8524.0
221,R15,1065.0
221,R16,3410.0
221,R17,255694.0
221,R18,340926.0
221,R19,2130783.0
221,R20,170462.0
221,R21,5683.0
221,R22,2130.0
221,R23,6818.0
221,R24,2984.0
221,R25,8524.0
221,R26,682.0
221,R27,34.0
221,R28,17.0
221,R29,1705.0
221,R30,2844.0
221,R31,71.0
221,R32,170.0
221,R33,10.0
221,R34,852.0
221,R35,34.0
221,R36,48.0
221,R37,4.0
221,R38,11.0
221,R39,17046264.0
221,R40,10227758.0
221,R41,16710.0
221,R42,501296.0
221,R43,6392349.0
221,R44,71.0
221,R45,1705.0
221,R46,24.0
221,R47,2841.0
221,R48,170462.0
221,R49,200518.0
221,R50,15341638.0
221,R51,4687722.0
221,R52,1704626.0
221,R53,48.0
221,R54,213078.0
221,R55,1894.0
221,R56,3874.0
222,R1,17823246.0
222,R2,6238136.0
222,R3,5346974.0
222,R4,1425860.0
222,R5,89116230.0
222,R6,267348690.0
222,R7,35646492.0
222,R8,106140.0
222,R9,141520.0
222,R10,6832244.0
222,R11,5644028.0
222,R12,1200.0
222,R13,840.0
222,R14,5942.0
222,R15,896.0
222,R16,2376.0
222,R17,178233.0
222,R18,237644.0
222,R19,1485271.0
222,R20,118821.0
222,R21,3960.0
222,R22,1499.0
222,R23,4753.0
222,R24,2149.0
222,R25,5942.0
222,R26,847.0
222,R27,24.0
222,R28,12.0
222,R29,1188.0
222,R30,2183.0
222,R31,50.0
222,R32,382.0
222,R33,8.0
222,R34,594.0
222,R35,24.0
222,R36,208.0
222,R37,16.0
222,R38,118.0
222,R39,11882164.0
222,R40,7129299.0
222,R41,11794.0
222,R42,353800.0
222,R43,4455811.0
222,R44,50.0
222,R45,1405.0
222,R46,17.0
222,R47,1980.0
222,R48,118821.0
222,R49,141520.0
222,R50,10693947.0
222,R51,3267596.0
222,R52,1188217.0
222,R53,33.0
222,R54,148528.0
222,R55,1362.0
222,R56,2700.0
223,R1,10001316.0
223,R2,3500460.0
223,R3,3000394.0
223,R4,800105.0
223,R5,50006580.0
223,R6,150019740.0
223,R7,20002632.0
223,R8,59189.0
223,R9,78918.0
223,R10,3833838.0
223,R11,3167084.0
223,R12,1057.68
223,R13,688.88
223,R14,3334.0
223,R15,416.0
223,R16,1334.0
223,R17,100014.0
223,R18,133350.0
223,R19,833444.0
223,R20,66676.0
223,R21,2222.0
223,R22,834.0
223,R23,2668.0
223,R24,1167.0
223,R25,3334.0
223,R26,266.0
223,R27,13.0
223,R28,6.0
223,R29,666.0
223,R30,1112.0
223,R31,28.0
223,R32,34.0
223,R33,4.0
223,R34,334.0
223,R35,13.0
223,R36,18.0
223,R37,2.0
223,R38,4.0
223,R39,6667544.0
223,R40,4000526.0
223,R41,6576.0
223,R42,197294.0
223,R43,2500328.0
223,R44,28.0
223,R45,666.0
223,R46,10.0
223,R47,1112.0
223,R48,66676.0
223,R49,78918.0
223,R50,6000790.0
223,R51,1833574.0
223,R52,666754.0
223,R53,18.0
223,R54,83344.0
223,R55,740.0
223,R56,1516.0
224,R1,18226596.0
224,R2,6379309.0
224,R3,5467979.0
224,R4,1458128.0
224,R5,91132980.0
224,R6,273398940.0
224,R7,36453192.0
224,R8,101648.0
224,R9,135530.0
224,R10,6986862.0
224,R11,5771755.0
224,R12,1200.0
224,R13,840.0
224,R14,6076.0
224,R15,759.0
224,R16,2430.0
224,R17,182266.0
224,R18,243021.0
224,R19,1518883.0
224,R20,121511.0
224,R21,4050.0
224,R22,1519.0
224,R23,4860.0
224,R24,2126.0
224,R25,6076.0
224,R26,486.0
224,R27,24.0
224,R28,12.0
224,R29,1216.0
224,R30,2026.0
224,R31,50.0
224,R32,160.0
224,R33,8.0
224,R34,608.0
224,R35,24.0
224,R36,34.0
224,R37,2.0
224,R38,8.0
224,R39,12151064.0
224,R40,7290638.0
224,R41,11294.0
224,R42,338826.0
224,R43,4556649.0
224,R44,50.0
224,R45,1216.0
224,R46,18.0
224,R47,2026.0
224,R48,121511.0
224,R49,135530.0
224,R50,10935958.0
224,R51,3341543.0
224,R52,1215106.0
224,R53,34.0
224,R54,151888.0
224,R55,1350.0
224,R56,2769.0
225,R1,12208578.0
225,R2,4273002.0
225,R3,3662574.0
225,R4,976686.0
225,R5,61042890.0
225,R6,183128670.0
225,R7,24417156.0
225,R8,68688.0
225,R9,91584.0
225,R10,4679955.0
225,R11,3866050.0
225,R12,1017.6800000000001
225,R13,668.8000000000001
225,R14,4069.0
225,R15,517.0
225,R16,1628.0
225,R17,122086.0
225,R18,162782.0
225,R19,1017381.0
225,R20,81390.0
225,R21,2714.0
225,R22,1018.0
225,R23,3256.0
225,R24,1424.0
225,R25,4069.0
225,R26,326.0
225,R27,16.0
225,R28,8.0
225,R29,814.0
225,R30,1356.0
225,R31,68.0
225,R32,74.0
225,R33,10.0
225,R34,406.0
225,R35,16.0
225,R36,45.0
225,R37,2.0
225,R38,12.0
225,R39,8139052.0
225,R40,4883432.0
225,R41,7632.0
225,R42,228960.0
225,R43,3052145.0
225,R44,439.0
225,R45,833.0
225,R46,12.0
225,R47,1362.0
225,R48,81390.0
225,R49,91584.0
225,R50,7325146.0
225,R51,2238240.0
225,R52,813906.0
225,R53,22.0
225,R54,101738.0
225,R55,904.0
225,R56,1849.0
226,R1,8206590.0
226,R2,2872306.0
226,R3,2461976.0
226,R4,656528.0
226,R5,41032950.0
226,R6,123098850.0
226,R7,16413180.0
226,R8,47370.0
226,R9,63161.0
226,R10,3145860.0
226,R11,2598754.0
226,R12,1200.0
226,R13,840.0
226,R14,2736.0
226,R15,366.0
226,R16,1094.0
226,R17,82066.0
226,R18,109422.0
226,R19,683882.0
226,R20,54710.0
226,R21,1823.0
226,R22,684.0
226,R23,2188.0
226,R24,958.0
226,R25,2736.0
226,R26,320.0
226,R27,11.0
226,R28,6.0
226,R29,548.0
226,R30,912.0
226,R31,130.0
226,R32,370.0
226,R33,21.0
226,R34,322.0
226,R35,71.0
226,R36,99.0
226,R37,1.0
226,R38,8.0
226,R39,5471060.0
226,R40,3282636.0
226,R41,5264.0
226,R42,157902.0
226,R43,2051648.0
226,R44,22.0
226,R45,561.0
226,R46,8.0
226,R47,912.0
226,R48,54710.0
226,R49,63161.0
226,R50,4923954.0
226,R51,1504542.0
226,R52,547106.0
226,R53,15.0
226,R54,68388.0
226,R55,607.0
226,R56,1244.0
227,R1,6005472.0
227,R2,2101916.0
227,R3,1801642.0
227,R4,480438.0
227,R5,30027360.0
227,R6,90082080.0
227,R7,12010944.0
227,R8,29404.0
227,R9,39206.0
227,R10,2302098.0
227,R11,1901732.0
227,R12,1185.68
227,R13,752.88
227,R14,2002.0
227,R15,250.0
227,R16,800.0
227,R17,60054.0
227,R18,80072.0
227,R19,500456.0
227,R20,40036.0
227,R21,1336.0
227,R22,500.0
227,R23,1601.0
227,R24,700.0
227,R25,2002.0
227,R26,203.0
227,R27,8.0
227,R28,4.0
227,R29,401.0
227,R30,668.0
227,R31,40.0
227,R32,44.0
227,R33,4.0
227,R34,200.0
227,R35,8.0
227,R36,24.0
227,R37,0.0
227,R38,4.0
227,R39,4003648.0
227,R40,2402188.0
227,R41,3267.0
227,R42,98012.0
227,R43,1501368.0
227,R44,32.0
227,R45,431.0
227,R46,5.0
227,R47,668.0
227,R48,40036.0
227,R49,39206.0
227,R50,3603284.0
227,R51,1101004.0
227,R52,400364.0
227,R53,12.0
227,R54,50046.0
227,R55,455.0
227,R56,910.0
228,R1,3818052.0
228,R2,1336318.0
228,R3,1145416.0
228,R4,305444.0
228,R5,19090260.0
228,R6,57270780.0
228,R7,7636104.0
228,R8,18126.0
228,R9,24169.0
228,R10,1463586.0
228,R11,1209050.0
228,R12,1084.72
228,R13,702.4
228,R14,1272.0
228,R15,202.0
228,R16,510.0
228,R17,38180.0
228,R18,50908.0
228,R19,318171.0
228,R20,25454.0
228,R21,849.0
228,R22,318.0
228,R23,1018.0
228,R24,446.0
228,R25,1272.0
228,R26,102.0
228,R27,5.0
228,R28,16.0
228,R29,254.0
228,R30,638.0
228,R31,84.0
228,R32,90.0
228,R33,16.0
228,R34,303.0
228,R35,65.0
228,R36,130.0
228,R37,0.0
228,R38,28.0
228,R39,2545368.0
228,R40,1527220.0
228,R41,2014.0
228,R42,60421.0
228,R43,954513.0
228,R44,20.0
228,R45,379.0
228,R46,42.0
228,R47,430.0
228,R48,25454.0
228,R49,24169.0
228,R50,2290832.0
228,R51,699976.0
228,R52,254536.0
228,R53,8.0
228,R54,31818.0
228,R55,303.0
228,R56,579.0
229,R1,17265918.0
229,R2,6043072.0
229,R3,5179776.0
229,R4,1381274.0
229,R5,86329590.0
229,R6,258988770.0
229,R7,34531836.0
229,R8,85956.0
229,R9,114606.0
229,R10,6618602.0
229,R11,5467540.0
229,R12,1200.0
229,R13,840.0
229,R14,5756.0
229,R15,719.0
229,R16,2302.0
229,R17,172660.0
229,R18,230212.0
229,R19,1438827.0
229,R20,115106.0
229,R21,3836.0
229,R22,1438.0
229,R23,4604.0
229,R24,2014.0
229,R25,5756.0
229,R26,461.0
229,R27,24.0
229,R28,12.0
229,R29,1152.0
229,R30,1919.0
229,R31,48.0
229,R32,58.0
229,R33,8.0
229,R34,576.0
229,R35,24.0
229,R36,32.0
229,R37,2.0
229,R38,8.0
229,R39,11510612.0
229,R40,6906368.0
229,R41,9551.0
229,R42,286518.0
229,R43,4316479.0
229,R44,48.0
229,R45,1152.0
229,R46,16.0
229,R47,1919.0
229,R48,115106.0
229,R49,114606.0
229,R50,10359550.0
229,R51,3165418.0
229,R52,1151062.0
229,R53,164.0
229,R54,143882.0
229,R55,1279.0
229,R56,2616.0
23,R1,3114480.0
23,R2,1090068.0
23,R3,934344.0
23,R4,249158.0
23,R5,15572400.0
23,R6,46717200.0
23,R7,6228960.0
23,R8,18443.0
23,R9,24591.0
23,R10,1193884.0
23,R11,986252.0
23,R12,925.84
23,R13,622.88
23,R14,1038.0
23,R15,130.0
23,R16,415.0
23,R17,31144.0
23,R18,41526.0
23,R19,259540.0
23,R20,20763.0
23,R21,692.0
23,R22,260.0
23,R23,830.0
23,R24,364.0
23,R25,1038.0
23,R26,84.0
23,R27,12.0
23,R28,4.0
23,R29,243.0
23,R30,380.0
23,R31,16.0
23,R32,10.0
23,R33,4.0
23,R34,104.0
23,R35,4.0
23,R36,12.0
23,R37,0.0
23,R38,4.0
23,R39,2076320.0
23,R40,1245792.0
23,R41,2050.0
23,R42,61476.0
23,R43,778620.0
23,R44,17.0
23,R45,246.0
23,R46,8.0
23,R47,363.0
23,R48,20763.0
23,R49,24591.0
23,R50,1868688.0
23,R51,570988.0
23,R52,207632.0
23,R53,12.0
23,R54,25954.0
23,R55,238.0
23,R56,490.0
230,R1,35030790.0
230,R2,12260777.0
230,R3,10509237.0
230,R4,2802464.0
230,R5,175153950.0
230,R6,525461850.0
230,R7,70061580.0
230,R8,175604.0
230,R9,234138.0
230,R10,13428469.0
230,R11,11093083.0
230,R12,1200.0
230,R13,840.0
230,R14,11677.0
230,R15,1459.0
230,R16,4671.0
230,R17,350308.0
230,R18,467078.0
230,R19,2919233.0
230,R20,233539.0
230,R21,7784.0
230,R22,2200.0
230,R23,9342.0
230,R24,4086.0
230,R25,11677.0
230,R26,934.0
230,R27,46.0
230,R28,24.0
230,R29,2336.0
230,R30,3892.0
230,R31,98.0
230,R32,116.0
230,R33,14.0
230,R34,1167.0
230,R35,153.0
230,R36,64.0
230,R37,4.0
230,R38,15.0
230,R39,23353860.0
230,R40,14012316.0
230,R41,19512.0
230,R42,585346.0
230,R43,8757697.0
230,R44,98.0
230,R45,2336.0
230,R46,33.0
230,R47,3892.0
230,R48,233539.0
230,R49,234138.0
230,R50,21018474.0
230,R51,6422311.0
230,R52,2335386.0
230,R53,64.0
230,R54,291924.0
230,R55,2595.0
230,R56,5308.0
231,R1,16370442.0
231,R2,5729654.0
231,R3,4911132.0
231,R4,1309636.0
231,R5,81852210.0
231,R6,245556630.0
231,R7,32740884.0
231,R8,74896.0
231,R9,99862.0
231,R10,6275336.0
231,R11,5183974.0
231,R12,1200.0
231,R13,840.0
231,R14,5457.0
231,R15,878.0
231,R16,2182.0
231,R17,163704.0
231,R18,218272.0
231,R19,1364203.0
231,R20,109136.0
231,R21,3638.0
231,R22,1364.0
231,R23,4366.0
231,R24,1993.0
231,R25,5457.0
231,R26,779.0
231,R27,22.0
231,R28,11.0
231,R29,1092.0
231,R30,2022.0
231,R31,45.0
231,R32,425.0
231,R33,6.0
231,R34,546.0
231,R35,22.0
231,R36,191.0
231,R37,16.0
231,R38,64.0
231,R39,10913628.0
231,R40,6548176.0
231,R41,8322.0
231,R42,249654.0
231,R43,4092611.0
231,R44,45.0
231,R45,1288.0
231,R46,16.0
231,R47,1819.0
231,R48,109136.0
231,R49,99862.0
231,R50,9822266.0
231,R51,3001248.0
231,R52,1091362.0
231,R53,30.0
231,R54,136421.0
231,R55,1255.0
231,R56,2480.0
232,R1,10238112.0
232,R2,3583340.0
232,R3,3071434.0
232,R4,819049.0
232,R5,51190560.0
232,R6,153571680.0
232,R7,20476224.0
232,R8,47098.0
232,R9,62798.0
232,R10,3924610.0
232,R11,3242068.0
232,R12,1200.0
232,R13,771.84
232,R14,3412.0
232,R15,427.0
232,R16,1366.0
232,R17,102382.0
232,R18,136508.0
232,R19,853176.0
232,R20,68254.0
232,R21,2276.0
232,R22,853.0
232,R23,2730.0
232,R24,1195.0
232,R25,3412.0
232,R26,273.0
232,R27,14.0
232,R28,6.0
232,R29,682.0
232,R30,1138.0
232,R31,28.0
232,R32,34.0
232,R33,4.0
232,R34,341.0
232,R35,14.0
232,R36,19.0
232,R37,2.0
232,R38,28.0
232,R39,6825408.0
232,R40,4095245.0
232,R41,5234.0
232,R42,156996.0
232,R43,2559528.0
232,R44,28.0
232,R45,682.0
232,R46,9.0
232,R47,1138.0
232,R48,68254.0
232,R49,62798.0
232,R50,6142867.0
232,R51,1876987.0
232,R52,682541.0
232,R53,19.0
232,R54,85317.0
232,R55,759.0
232,R56,1552.0
233,R1,9758304.0
233,R2,3415407.0
233,R3,2927492.0
233,R4,780664.0
233,R5,48791520.0
233,R6,146374560.0
233,R7,19516608.0
233,R8,45160.0
233,R9,60212.0
233,R10,3740684.0
233,R11,3090129.0
233,R12,963.04
233,R13,641.52
233,R14,3253.0
233,R15,408.0
233,R16,1301.0
233,R17,97583.0
233,R18,130111.0
233,R19,813192.0
233,R20,65055.0
233,R21,2169.0
233,R22,813.0
233,R23,2602.0
233,R24,1138.0
233,R25,3253.0
233,R26,260.0
233,R27,13.0
233,R28,6.0
233,R29,650.0
233,R30,1086.0
233,R31,47.0
233,R32,33.0
233,R33,4.0
233,R34,326.0
233,R35,13.0
233,R36,37.0
233,R37,2.0
233,R38,8.0
233,R39,6505536.0
233,R40,3903322.0
233,R41,5018.0
233,R42,150530.0
233,R43,2439576.0
233,R44,28.0
233,R45,669.0
233,R46,19.0
233,R47,1084.0
233,R48,65055.0
233,R49,60212.0
233,R50,5854982.0
233,R51,1789022.0
233,R52,650554.0
233,R53,18.0
233,R54,81319.0
233,R55,723.0
233,R56,1478.0
234,R1,17759508.0
234,R2,6215828.0
234,R3,5327852.0
234,R4,1420761.0
234,R5,88797540.0
234,R6,266392620.0
234,R7,35519016.0
234,R8,82862.0
234,R9,110482.0
234,R10,6807812.0
234,R11,5623844.0
234,R12,1200.0
234,R13,840.0
234,R14,5920.0
234,R15,746.0
234,R16,2368.0
234,R17,177596.0
234,R18,236794.0
234,R19,1480263.0
234,R20,118396.0
234,R21,3946.0
234,R22,1480.0
234,R23,4736.0
234,R24,2072.0
234,R25,5920.0
234,R26,474.0
234,R27,24.0
234,R28,129.0
234,R29,1184.0
234,R30,1979.0
234,R31,68.0
234,R32,118.0
234,R33,8.0
234,R34,592.0
234,R35,24.0
234,R36,32.0
234,R37,2.0
234,R38,8.0
234,R39,11839672.0
234,R40,7103804.0
234,R41,9207.0
234,R42,276500.0
234,R43,4439877.0
234,R44,100.0
234,R45,1192.0
234,R46,24.0
234,R47,1974.0
234,R48,118396.0
234,R49,110754.0
234,R50,10655704.0
234,R51,3255910.0
234,R52,1183968.0
234,R53,64.0
234,R54,147996.0
234,R55,1316.0
234,R56,2690.0
235,R1,15240438.0
235,R2,5334154.0
235,R3,4572132.0
235,R4,1219236.0
235,R5,76202190.0
235,R6,228606570.0
235,R7,30480876.0
235,R8,70542.0
235,R9,94055.0
235,R10,5842168.0
235,R11,4826138.0
235,R12,1200.0
235,R13,840.0
235,R14,5080.0
235,R15,636.0
235,R16,2032.0
235,R17,152706.0
235,R18,203206.0
235,R19,1270037.0
235,R20,101602.0
235,R21,3386.0
235,R22,1336.0
235,R23,4064.0
235,R24,1778.0
235,R25,5208.0
235,R26,534.0
235,R27,20.0
235,R28,10.0
235,R29,1016.0
235,R30,1694.0
235,R31,42.0
235,R32,50.0
235,R33,6.0
235,R34,639.0
235,R35,40.0
235,R36,56.0
235,R37,2.0
235,R38,6.0
235,R39,10160292.0
235,R40,6096176.0
235,R41,7838.0
235,R42,235139.0
235,R43,3810109.0
235,R44,42.0
235,R45,1016.0
235,R46,15.0
235,R47,1694.0
235,R48,101602.0
235,R49,94055.0
235,R50,9144262.0
235,R51,2794080.0
235,R52,1016030.0
235,R53,28.0
235,R54,127244.0
235,R55,1195.0
235,R56,2310.0
236,R1,26348508.0
236,R2,9221978.0
236,R3,7904552.0
236,R4,2107880.0
236,R5,131742540.0
236,R6,395227620.0
236,R7,52697016.0
236,R8,123916.0
236,R9,165222.0
236,R10,10100262.0
236,R11,8343694.0
236,R12,1200.0
236,R13,840.0
236,R14,8783.0
236,R15,1098.0
236,R16,3514.0
236,R17,263486.0
236,R18,351314.0
236,R19,2195708.0
236,R20,175656.0
236,R21,5858.0
236,R22,2195.0
236,R23,7026.0
236,R24,3074.0
236,R25,8783.0
236,R26,820.0
236,R27,35.0
236,R28,18.0
236,R29,1756.0
236,R30,2928.0
236,R31,124.0
236,R32,427.0
236,R33,88.0
236,R34,950.0
236,R35,35.0
236,R36,94.0
236,R37,8.0
236,R38,24.0
236,R39,17565672.0
236,R40,10539403.0
236,R41,13768.0
236,R42,413056.0
236,R43,6587128.0
236,R44,126.0
236,R45,1786.0
236,R46,26.0
236,R47,2928.0
236,R48,175656.0
236,R49,165222.0
236,R50,15809105.0
236,R51,4830560.0
236,R52,1756567.0
236,R53,48.0
236,R54,219570.0
236,R55,1954.0
236,R56,3992.0
237,R1,13314876.0
237,R2,4660206.0
237,R3,3994462.0
237,R4,1065190.0
237,R5,66574380.0
237,R6,199723140.0
237,R7,26629752.0
237,R8,60884.0
237,R9,81179.0
237,R10,5104036.0
237,R11,4216378.0
237,R12,1200.0
237,R13,826.72
237,R14,4439.0
237,R15,687.0
237,R16,1775.0
237,R17,133148.0
237,R18,177532.0
237,R19,1109573.0
237,R20,88766.0
237,R21,2959.0
237,R22,1110.0
237,R23,3550.0
237,R24,1553.0
237,R25,4439.0
237,R26,649.0
237,R27,18.0
237,R28,8.0
237,R29,888.0
237,R30,1648.0
237,R31,59.0
237,R32,268.0
237,R33,6.0
237,R34,444.0
237,R35,18.0
237,R36,164.0
237,R37,16.0
237,R38,34.0
237,R39,8876584.0
237,R40,5325950.0
237,R41,6764.0
237,R42,202948.0
237,R43,3328719.0
237,R44,37.0
237,R45,1044.0
237,R46,23.0
237,R47,1480.0
237,R48,88766.0
237,R49,81179.0
237,R50,7988926.0
237,R51,2441060.0
237,R52,887658.0
237,R53,24.0
237,R54,110957.0
237,R55,986.0
237,R56,2018.0
238,R1,10562430.0
238,R2,3696851.0
238,R3,3168729.0
238,R4,844994.0
238,R5,52812150.0
238,R6,158436450.0
238,R7,21124860.0
238,R8,55274.0
238,R9,73700.0
238,R10,4048932.0
238,R11,3344769.0
238,R12,1198.0
238,R13,759.04
238,R14,3520.0
238,R15,442.0
238,R16,1408.0
238,R17,105624.0
238,R18,140832.0
238,R19,880202.0
238,R20,70416.0
238,R21,2350.0
238,R22,880.0
238,R23,2816.0
238,R24,1232.0
238,R25,3520.0
238,R26,325.0
238,R27,14.0
238,R28,7.0
238,R29,704.0
238,R30,1179.0
238,R31,85.0
238,R32,59.0
238,R33,8.0
238,R34,353.0
238,R35,14.0
238,R36,38.0
238,R37,4.0
238,R38,32.0
238,R39,7041620.0
238,R40,4224972.0
238,R41,6142.0
238,R42,184250.0
238,R43,2640608.0
238,R44,57.0
238,R45,738.0
238,R46,20.0
238,R47,1173.0
238,R48,70416.0
238,R49,73700.0
238,R50,6337458.0
238,R51,1936446.0
238,R52,704162.0
238,R53,20.0
238,R54,88020.0
238,R55,782.0
238,R56,1600.0
239,R1,6751878.0
239,R2,2363158.0
239,R3,2025563.0
239,R4,540150.0
239,R5,33759390.0
239,R6,101278170.0
239,R7,13503756.0
239,R8,32714.0
239,R9,43617.0
239,R10,2588220.0
239,R11,2138094.0
239,R12,1149.1200000000001
239,R13,734.5600000000001
239,R14,2250.0
239,R15,282.0
239,R16,900.0
239,R17,67519.0
239,R18,90026.0
239,R19,562656.0
239,R20,45012.0
239,R21,1500.0
239,R22,563.0
239,R23,1800.0
239,R24,788.0
239,R25,2250.0
239,R26,180.0
239,R27,10.0
239,R28,4.0
239,R29,450.0
239,R30,750.0
239,R31,18.0
239,R32,22.0
239,R33,2.0
239,R34,226.0
239,R35,10.0
239,R36,13.0
239,R37,0.0
239,R38,3.0
239,R39,4501252.0
239,R40,2700751.0
239,R41,3634.0
239,R42,109044.0
239,R43,1687970.0
239,R44,18.0
239,R45,450.0
239,R46,6.0
239,R47,750.0
239,R48,45012.0
239,R49,43617.0
239,R50,4051127.0
239,R51,1237844.0
239,R52,450125.0
239,R53,13.0
239,R54,56266.0
239,R55,500.0
239,R56,1023.0
24,R1,9060450.0
24,R2,3171158.0
24,R3,2718136.0
24,R4,724836.0
24,R5,45302250.0
24,R6,135906750.0
24,R7,18120900.0
24,R8,61000.0
24,R9,81332.0
24,R10,3473172.0
24,R11,2869142.0
24,R12,1128.16
24,R13,724.08
24,R14,3020.0
24,R15,389.0
24,R16,1209.0
24,R17,90604.0
24,R18,120806.0
24,R19,755037.0
24,R20,60404.0
24,R21,2014.0
24,R22,756.0
24,R23,2416.0
24,R24,1057.0
24,R25,3020.0
24,R26,258.0
24,R27,18.0
24,R28,6.0
24,R29,604.0
24,R30,1019.0
24,R31,45.0
24,R32,30.0
24,R33,7.0
24,R34,314.0
24,R35,12.0
24,R36,16.0
24,R37,2.0
24,R38,7.0
24,R39,6040300.0
24,R40,3624180.0
24,R41,6778.0
24,R42,203332.0
24,R43,2265113.0
24,R44,26.0
24,R45,604.0
24,R46,14.0
24,R47,1007.0
24,R48,60404.0
24,R49,81332.0
24,R50,5436270.0
24,R51,1661240.0
24,R52,604030.0
24,R53,28.0
24,R54,75504.0
24,R55,671.0
24,R56,1449.0
240,R1,4205058.0
240,R2,1471770.0
240,R3,1261518.0
240,R4,336405.0
240,R5,21025290.0
240,R6,63075870.0
240,R7,8410116.0
240,R8,21280.0
240,R9,28373.0
240,R10,1611938.0
240,R11,1331602.0
240,R12,935.28
240,R13,627.6
240,R14,1402.0
240,R15,199.0
240,R16,561.0
240,R17,42050.0
240,R18,56068.0
240,R19,350421.0
240,R20,28034.0
240,R21,935.0
240,R22,350.0
240,R23,1121.0
240,R24,490.0
240,R25,1402.0
240,R26,112.0
240,R27,6.0
240,R28,2.0
240,R29,280.0
240,R30,467.0
240,R31,83.0
240,R32,104.0
240,R33,2.0
240,R34,140.0
240,R35,66.0
240,R36,62.0
240,R37,0.0
240,R38,14.0
240,R39,2803372.0
240,R40,1682024.0
240,R41,2365.0
240,R42,70934.0
240,R43,1051265.0
240,R44,11.0
240,R45,280.0
240,R46,4.0
240,R47,467.0
240,R48,28034.0
240,R49,28373.0
240,R50,2523034.0
240,R51,770928.0
240,R52,280338.0
240,R53,8.0
240,R54,35042.0
240,R55,312.0
240,R56,638.0
241,R1,262254.0
241,R2,91788.0
241,R3,78676.0
241,R4,20981.0
241,R5,1311270.0
241,R6,3933810.0
241,R7,526817.0
241,R8,1598.0
241,R9,2129.0
241,R10,100552.0
241,R11,83048.0
241,R12,3550.0
241,R13,1774.0
241,R14,88.0
241,R15,51.0
241,R16,35.0
241,R17,2627.0
241,R18,3497.0
241,R19,21854.0
241,R20,1748.0
241,R21,61.0
241,R22,22.0
241,R23,70.0
241,R24,31.0
241,R25,88.0
241,R26,6.0
241,R27,0.0
241,R28,0.0
241,R29,26.0
241,R30,93.0
241,R31,0.0
241,R32,0.0
241,R33,0.0
241,R34,99.0
241,R35,0.0
241,R36,112.0
241,R37,32.0
241,R38,0.0
241,R39,174857.0
241,R40,104902.0
241,R41,178.0
241,R42,5324.0
241,R43,65564.0
241,R44,0.0
241,R45,88.0
241,R46,0.0
241,R47,30.0
241,R48,1759.0
241,R49,2129.0
241,R50,157352.0
241,R51,48080.0
241,R52,17484.0
241,R53,0.0
241,R54,2186.0
241,R55,20.0
241,R56,40.0
242,R1,818610.0
242,R2,286513.0
242,R3,245583.0
242,R4,65489.0
242,R5,4093050.0
242,R6,12279150.0
242,R7,1637220.0
242,R8,5044.0
242,R9,6726.0
242,R10,313851.0
242,R11,259265.0
242,R12,4017.0
242,R13,3500.0
242,R14,272.0
242,R15,34.0
242,R16,112.0
242,R17,8198.0
242,R18,10914.0
242,R19,68218.0
242,R20,5466.0
242,R21,181.0
242,R22,68.0
242,R23,218.0
242,R24,96.0
242,R25,272.0
242,R26,21.0
242,R27,2.0
242,R28,0.0
242,R29,54.0
242,R30,91.0
242,R31,2.0
242,R32,2.0
242,R33,0.0
242,R34,28.0
242,R35,2.0
242,R36,2.0
242,R37,0.0
242,R38,0.0
242,R39,545740.0
242,R40,327444.0
242,R41,560.0
242,R42,16814.0
242,R43,204652.0
242,R44,2.0
242,R45,54.0
242,R46,0.0
242,R47,91.0
242,R48,5484.0
242,R49,6726.0
242,R50,491166.0
242,R51,150078.0
242,R52,54574.0
242,R53,2.0
242,R54,6822.0
242,R55,60.0
242,R56,124.0
243,R1,881120.0
243,R2,308385.0
243,R3,264330.0
243,R4,70488.0
243,R5,4405500.0
243,R6,13216500.0
243,R7,1762200.0
243,R8,5498.0
243,R9,7330.0
243,R10,337756.0
243,R11,279056.0
243,R12,3750.0
243,R13,3500.0
243,R14,294.0
243,R15,163.0
243,R16,120.0
243,R17,8825.0
243,R18,11748.0
243,R19,73425.0
243,R20,5882.0
243,R21,196.0
243,R22,73.0
243,R23,235.0
243,R24,102.0
243,R25,294.0
243,R26,258.0
243,R27,2.0
243,R28,0.0
243,R29,58.0
243,R30,196.0
243,R31,4.0
243,R32,32.0
243,R33,0.0
243,R34,30.0
243,R35,2.0
243,R36,18.0
243,R37,0.0
243,R38,0.0
243,R39,587400.0
243,R40,352440.0
243,R41,610.0
243,R42,18326.0
243,R43,220275.0
243,R44,12.0
243,R45,202.0
243,R46,0.0
243,R47,98.0
243,R48,5902.0
243,R49,7330.0
243,R50,528660.0
243,R51,161535.0
243,R52,58740.0
243,R53,6.0
243,R54,7342.0
243,R55,66.0
243,R56,134.0
244,R1,1701498.0
244,R2,595524.0
244,R3,510449.0
244,R4,136120.0
244,R5,8507490.0
244,R6,25522470.0
244,R7,3402996.0
244,R8,11082.0
244,R9,14776.0
244,R10,652316.0
244,R11,538808.0
244,R12,1200.0
244,R13,843.0
244,R14,567.0
244,R15,154.0
244,R16,231.0
244,R17,17033.0
244,R18,22686.0
244,R19,141792.0
244,R20,11356.0
244,R21,378.0
244,R22,142.0
244,R23,454.0
244,R24,198.0
244,R25,567.0
244,R26,193.0
244,R27,2.0
244,R28,1.0
244,R29,113.0
244,R30,358.0
244,R31,4.0
244,R32,34.0
244,R33,0.0
244,R34,98.0
244,R35,2.0
244,R36,46.0
244,R37,0.0
244,R38,0.0
244,R39,1134332.0
244,R40,680599.0
244,R41,1232.0
244,R42,36940.0
244,R43,425374.0
244,R44,4.0
244,R45,274.0
244,R46,1.0
244,R47,190.0
244,R48,11383.0
244,R49,14776.0
244,R50,1020954.0
244,R51,311942.0
244,R52,113433.0
244,R53,4.0
244,R54,14179.0
244,R55,126.0
244,R56,258.0
245,R1,299862.0
245,R2,104952.0
245,R3,89959.0
245,R4,23988.0
245,R5,1499310.0
245,R6,4497930.0
245,R7,599724.0
245,R8,1835.0
245,R9,2414.0
245,R10,114947.0
245,R11,94956.0
245,R12,4024.0
245,R13,2014.0
245,R14,100.0
245,R15,12.0
245,R16,40.0
245,R17,2998.0
245,R18,3998.0
245,R19,24988.0
245,R20,2000.0
245,R21,66.0
245,R22,25.0
245,R23,80.0
245,R24,35.0
245,R25,100.0
245,R26,16.0
245,R27,0.0
245,R28,0.0
245,R29,20.0
245,R30,34.0
245,R31,0.0
245,R32,0.0
245,R33,0.0
245,R34,10.0
245,R35,0.0
245,R36,0.0
245,R37,0.0
245,R38,0.0
245,R39,199908.0
245,R40,119944.0
245,R41,202.0
245,R42,6038.0
245,R43,74966.0
245,R44,0.0
245,R45,23.0
245,R46,0.0
245,R47,34.0
245,R48,2000.0
245,R49,2414.0
245,R50,179918.0
245,R51,54980.0
245,R52,19990.0
245,R53,0.0
245,R54,2498.0
245,R55,22.0
245,R56,46.0
246,R1,503682.0
246,R2,176289.0
246,R3,151105.0
246,R4,40295.0
246,R5,2518410.0
246,R6,7555230.0
246,R7,1007364.0
246,R8,3268.0
246,R9,4358.0
246,R10,193078.0
246,R11,159499.0
246,R12,5000.0
246,R13,3500.0
246,R14,168.0
246,R15,126.0
246,R16,67.0
246,R17,5036.0
246,R18,6716.0
246,R19,41974.0
246,R20,3358.0
246,R21,112.0
246,R22,42.0
246,R23,134.0
246,R24,59.0
246,R25,168.0
246,R26,210.0
246,R27,0.0
246,R28,0.0
246,R29,34.0
246,R30,176.0
246,R31,2.0
246,R32,23.0
246,R33,0.0
246,R34,25.0
246,R35,0.0
246,R36,0.0
246,R37,0.0
246,R38,0.0
246,R39,335788.0
246,R40,201472.0
246,R41,364.0
246,R42,10896.0
246,R43,125920.0
246,R44,10.0
246,R45,153.0
246,R46,0.0
246,R47,56.0
246,R48,3358.0
246,R49,4358.0
246,R50,302210.0
246,R51,92342.0
246,R52,33578.0
246,R53,0.0
246,R54,4197.0
246,R55,38.0
246,R56,76.0
247,R1,472140.0
247,R2,165249.0
247,R3,141642.0
247,R4,37772.0
247,R5,2360700.0
247,R6,7082100.0
247,R7,944280.0
247,R8,2662.0
247,R9,3482.0
247,R10,180987.0
247,R11,149511.0
247,R12,5000.0
247,R13,2907.0
247,R14,157.0
247,R15,20.0
247,R16,62.0
247,R17,4721.0
247,R18,6296.0
247,R19,39345.0
247,R20,3148.0
247,R21,104.0
247,R22,40.0
247,R23,126.0
247,R24,55.0
247,R25,157.0
247,R26,24.0
247,R27,0.0
247,R28,0.0
247,R29,40.0
247,R30,76.0
247,R31,4.0
247,R32,2.0
247,R33,0.0
247,R34,32.0
247,R35,0.0
247,R36,0.0
247,R37,0.0
247,R38,0.0
247,R39,314760.0
247,R40,188856.0
247,R41,290.0
247,R42,8704.0
247,R43,118035.0
247,R44,10.0
247,R45,39.0
247,R46,228.0
247,R47,52.0
247,R48,3148.0
247,R49,3482.0
247,R50,283284.0
247,R51,86559.0
247,R52,31476.0
247,R53,0.0
247,R54,3934.0
247,R55,34.0
247,R56,71.0
248,R1,1059438.0
248,R2,370825.0
248,R3,317832.0
248,R4,84755.0
248,R5,5297190.0
248,R6,15891570.0
248,R7,2118876.0
248,R8,6432.0
248,R9,8575.0
248,R10,406118.0
248,R11,335489.0
248,R12,2854.0
248,R13,3427.0
248,R14,354.0
248,R15,228.0
248,R16,142.0
248,R17,10594.0
248,R18,14126.0
248,R19,88286.0
248,R20,7062.0
248,R21,236.0
248,R22,116.0
248,R23,283.0
248,R24,201.0
248,R25,354.0
248,R26,376.0
248,R27,1.0
248,R28,0.0
248,R29,86.0
248,R30,442.0
248,R31,15.0
248,R32,193.0
248,R33,94.0
248,R34,166.0
248,R35,1.0
248,R36,34.0
248,R37,0.0
248,R38,0.0
248,R39,706394.0
248,R40,423832.0
248,R41,714.0
248,R42,21439.0
248,R43,264860.0
248,R44,15.0
248,R45,406.0
248,R46,1.0
248,R47,166.0
248,R48,7062.0
248,R49,8575.0
248,R50,635662.0
248,R51,194231.0
248,R52,70630.0
248,R53,4.0
248,R54,8828.0
248,R55,121.0
248,R56,160.0
249,R1,500688.0
249,R2,175240.0
249,R3,150206.0
249,R4,40055.0
249,R5,2503440.0
249,R6,7510320.0
249,R7,1001376.0
249,R8,2916.0
249,R9,3809.0
249,R10,191930.0
249,R11,158552.0
249,R12,5000.0
249,R13,3180.0
249,R14,166.0
249,R15,189.0
249,R16,66.0
249,R17,5006.0
249,R18,6676.0
249,R19,41724.0
249,R20,3338.0
249,R21,112.0
249,R22,84.0
249,R23,134.0
249,R24,129.0
249,R25,166.0
249,R26,349.0
249,R27,0.0
249,R28,0.0
249,R29,42.0
249,R30,275.0
249,R31,4.0
249,R32,16.0
249,R33,0.0
249,R34,36.0
249,R35,0.0
249,R36,0.0
249,R37,0.0
249,R38,0.0
249,R39,333792.0
249,R40,200276.0
249,R41,319.0
249,R42,9521.0
249,R43,125172.0
249,R44,10.0
249,R45,252.0
249,R46,0.0
249,R47,55.0
249,R48,3338.0
249,R49,3809.0
249,R50,300412.0
249,R51,91808.0
249,R52,33380.0
249,R53,0.0
249,R54,4172.0
249,R55,108.0
249,R56,76.0
25,R1,189384.0
25,R2,66284.0
25,R3,56816.0
25,R4,15150.0
25,R5,946920.0
25,R6,2840760.0
25,R7,378768.0
25,R8,1202.0
25,R9,1602.0
25,R10,72598.0
25,R11,59972.0
25,R12,2673.0
25,R13,1336.0
25,R14,64.0
25,R15,8.0
25,R16,26.0
25,R17,1894.0
25,R18,2526.0
25,R19,15782.0
25,R20,1262.0
25,R21,42.0
25,R22,16.0
25,R23,50.0
25,R24,22.0
25,R25,64.0
25,R26,6.0
25,R27,0.0
25,R28,0.0
25,R29,12.0
25,R30,26.0
25,R31,0.0
25,R32,0.0
25,R33,0.0
25,R34,6.0
25,R35,0.0
25,R36,56.0
25,R37,0.0
25,R38,0.0
25,R39,126256.0
25,R40,75754.0
25,R41,134.0
25,R42,4007.0
25,R43,47346.0
25,R44,9.0
25,R45,14.0
25,R46,0.0
25,R47,22.0
25,R48,1262.0
25,R49,1602.0
25,R50,113630.0
25,R51,34720.0
25,R52,12626.0
25,R53,0.0
25,R54,1581.0
25,R55,14.0
25,R56,32.0
250,R1,673644.0
250,R2,235775.0
250,R3,202093.0
250,R4,53891.0
250,R5,3368220.0
250,R6,10104660.0
250,R7,1347288.0
250,R8,3821.0
250,R9,5096.0
250,R10,258230.0
250,R11,213321.0
250,R12,5000.0
250,R13,3500.0
250,R14,224.0
250,R15,28.0
250,R16,90.0
250,R17,6736.0
250,R18,8982.0
250,R19,56136.0
250,R20,4490.0
250,R21,150.0
250,R22,56.0
250,R23,180.0
250,R24,79.0
250,R25,224.0
250,R26,38.0
250,R27,0.0
250,R28,0.0
250,R29,52.0
250,R30,182.0
250,R31,2.0
250,R32,2.0
250,R33,0.0
250,R34,130.0
250,R35,0.0
250,R36,106.0
250,R37,5.0
250,R38,0.0
250,R39,449096.0
250,R40,269458.0
250,R41,425.0
250,R42,12738.0
250,R43,168412.0
250,R44,10.0
250,R45,107.0
250,R46,0.0
250,R47,74.0
250,R48,4490.0
250,R49,5096.0
250,R50,404186.0
250,R51,123501.0
250,R52,44910.0
250,R53,1.0
250,R54,5614.0
250,R55,50.0
250,R56,102.0
251,R1,595284.0
251,R2,208350.0
251,R3,178586.0
251,R4,47622.0
251,R5,2976420.0
251,R6,8929260.0
251,R7,1195621.0
251,R8,3440.0
251,R9,4586.0
251,R10,228192.0
251,R11,188506.0
251,R12,5000.0
251,R13,3500.0
251,R14,199.0
251,R15,202.0
251,R16,80.0
251,R17,5963.0
251,R18,7937.0
251,R19,49608.0
251,R20,3969.0
251,R21,132.0
251,R22,52.0
251,R23,158.0
251,R24,140.0
251,R25,204.0
251,R26,286.0
251,R27,0.0
251,R28,0.0
251,R29,48.0
251,R30,257.0
251,R31,68.0
251,R32,76.0
251,R33,0.0
251,R34,41.0
251,R35,54.0
251,R36,125.0
251,R37,0.0
251,R38,0.0
251,R39,396856.0
251,R40,238114.0
251,R41,382.0
251,R42,11464.0
251,R43,148820.0
251,R44,10.0
251,R45,201.0
251,R46,0.0
251,R47,73.0
251,R48,3969.0
251,R49,4594.0
251,R50,357170.0
251,R51,109135.0
251,R52,39686.0
251,R53,1.0
251,R54,4968.0
251,R55,46.0
251,R56,91.0
252,R1,211920.0
252,R2,74176.0
252,R3,63576.0
252,R4,16954.0
252,R5,1059600.0
252,R6,3178800.0
252,R7,423840.0
252,R8,1319.0
252,R9,1757.0
252,R10,81257.0
252,R11,67108.0
252,R12,2930.0
252,R13,1465.0
252,R14,71.0
252,R15,9.0
252,R16,29.0
252,R17,2119.0
252,R18,2826.0
252,R19,17660.0
252,R20,1413.0
252,R21,57.0
252,R22,22.0
252,R23,56.0
252,R24,24.0
252,R25,71.0
252,R26,71.0
252,R27,0.0
252,R28,0.0
252,R29,30.0
252,R30,40.0
252,R31,25.0
252,R32,25.0
252,R33,0.0
252,R34,16.0
252,R35,0.0
252,R36,0.0
252,R37,0.0
252,R38,0.0
252,R39,141280.0
252,R40,84768.0
252,R41,146.0
252,R42,4394.0
252,R43,52980.0
252,R44,9.0
252,R45,79.0
252,R46,0.0
252,R47,24.0
252,R48,1413.0
252,R49,1757.0
252,R50,127152.0
252,R51,38852.0
252,R52,14128.0
252,R53,0.0
252,R54,1767.0
252,R55,26.0
252,R56,32.0
253,R1,889356.0
253,R2,311274.0
253,R3,266806.0
253,R4,71149.0
253,R5,4446780.0
253,R6,13340340.0
253,R7,1778712.0
253,R8,5314.0
253,R9,7086.0
253,R10,340920.0
253,R11,281630.0
253,R12,4096.0
253,R13,3500.0
253,R14,296.0
253,R15,51.0
253,R16,119.0
253,R17,8894.0
253,R18,11858.0
253,R19,74113.0
253,R20,5930.0
253,R21,198.0
253,R22,74.0
253,R23,237.0
253,R24,104.0
253,R25,296.0
253,R26,52.0
253,R27,2.0
253,R28,0.0
253,R29,60.0
253,R30,191.0
253,R31,2.0
253,R32,2.0
253,R33,0.0
253,R34,123.0
253,R35,2.0
253,R36,60.0
253,R37,0.0
253,R38,0.0
253,R39,592904.0
253,R40,355743.0
253,R41,591.0
253,R42,17712.0
253,R43,222339.0
253,R44,10.0
253,R45,155.0
253,R46,0.0
253,R47,98.0
253,R48,5930.0
253,R49,7086.0
253,R50,533613.0
253,R51,163048.0
253,R52,59291.0
253,R53,4.0
253,R54,7412.0
253,R55,66.0
253,R56,135.0
254,R1,671850.0
254,R2,235158.0
254,R3,201555.0
254,R4,53748.0
254,R5,3359250.0
254,R6,10077750.0
254,R7,1343700.0
254,R8,3710.0
254,R9,4946.0
254,R10,257542.0
254,R11,212753.0
254,R12,5000.0
254,R13,3500.0
254,R14,224.0
254,R15,28.0
254,R16,89.0
254,R17,6718.0
254,R18,8958.0
254,R19,55987.0
254,R20,4479.0
254,R21,150.0
254,R22,56.0
254,R23,180.0
254,R24,78.0
254,R25,224.0
254,R26,30.0
254,R27,0.0
254,R28,0.0
254,R29,44.0
254,R30,98.0
254,R31,2.0
254,R32,2.0
254,R33,0.0
254,R34,38.0
254,R35,0.0
254,R36,6.0
254,R37,0.0
254,R38,0.0
254,R39,447900.0
254,R40,268740.0
254,R41,412.0
254,R42,12366.0
254,R43,167963.0
254,R44,10.0
254,R45,44.0
254,R46,0.0
254,R47,82.0
254,R48,4479.0
254,R49,4955.0
254,R50,403110.0
254,R51,123173.0
254,R52,44790.0
254,R53,4.0
254,R54,5598.0
254,R55,50.0
254,R56,101.0
255,R1,498180.0
255,R2,174362.0
255,R3,149454.0
255,R4,39854.0
255,R5,2490900.0
255,R6,7472700.0
255,R7,996360.0
255,R8,2744.0
255,R9,3659.0
255,R10,190969.0
255,R11,157757.0
255,R12,5000.0
255,R13,3049.0
255,R14,166.0
255,R15,21.0
255,R16,66.0
255,R17,4982.0
255,R18,6642.0
255,R19,41516.0
255,R20,3321.0
255,R21,111.0
255,R22,42.0
255,R23,132.0
255,R24,58.0
255,R25,166.0
255,R26,26.0
255,R27,0.0
255,R28,0.0
255,R29,34.0
255,R30,79.0
255,R31,2.0
255,R32,2.0
255,R33,0.0
255,R34,32.0
255,R35,0.0
255,R36,0.0
255,R37,0.0
255,R38,0.0
255,R39,332120.0
255,R40,199272.0
255,R41,304.0
255,R42,9150.0
255,R43,124544.0
255,R44,10.0
255,R45,34.0
255,R46,0.0
255,R47,55.0
255,R48,3321.0
255,R49,3659.0
255,R50,298908.0
255,R51,91333.0
255,R52,33212.0
255,R53,0.0
255,R54,4152.0
255,R55,37.0
255,R56,76.0
256,R1,552456.0
256,R2,193360.0
256,R3,165736.0
256,R4,44196.0
256,R5,2762280.0
256,R6,8286840.0
256,R7,1104912.0
256,R8,2707.0
256,R9,3609.0
256,R10,211775.0
256,R11,174944.0
256,R12,5000.0
256,R13,3007.0
256,R14,184.0
256,R15,23.0
256,R16,74.0
256,R17,5524.0
256,R18,7366.0
256,R19,46038.0
256,R20,3684.0
256,R21,125.0
256,R22,46.0
256,R23,148.0
256,R24,64.0
256,R25,184.0
256,R26,72.0
256,R27,0.0
256,R28,0.0
256,R29,36.0
256,R30,78.0
256,R31,21.0
256,R32,29.0
256,R33,0.0
256,R34,34.0
256,R35,0.0
256,R36,1.0
256,R37,0.0
256,R38,0.0
256,R39,368304.0
256,R40,220982.0
256,R41,301.0
256,R42,9022.0
256,R43,138114.0
256,R44,38.0
256,R45,57.0
256,R46,0.0
256,R47,62.0
256,R48,3684.0
256,R49,3609.0
256,R50,331474.0
256,R51,101284.0
256,R52,36830.0
256,R53,1.0
256,R54,4604.0
256,R55,43.0
256,R56,84.0
257,R1,48024.0
257,R2,16808.0
257,R3,14408.0
257,R4,3842.0
257,R5,240120.0
257,R6,720360.0
257,R7,96048.0
257,R8,358.0
257,R9,469.0
257,R10,18410.0
257,R11,15208.0
257,R12,780.0
257,R13,390.0
257,R14,16.0
257,R15,2.0
257,R16,6.0
257,R17,481.0
257,R18,640.0
257,R19,4002.0
257,R20,320.0
257,R21,11.0
257,R22,4.0
257,R23,12.0
257,R24,6.0
257,R25,16.0
257,R26,13.0
257,R27,0.0
257,R28,0.0
257,R29,3.0
257,R30,14.0
257,R31,0.0
257,R32,0.0
257,R33,0.0
257,R34,10.0
257,R35,0.0
257,R36,0.0
257,R37,0.0
257,R38,0.0
257,R39,32016.0
257,R40,19210.0
257,R41,39.0
257,R42,1171.0
257,R43,12006.0
257,R44,0.0
257,R45,3.0
257,R46,0.0
257,R47,6.0
257,R48,320.0
257,R49,469.0
257,R50,28814.0
257,R51,8804.0
257,R52,3202.0
257,R53,0.0
257,R54,400.0
257,R55,4.0
257,R56,8.0
258,R1,324480.0
258,R2,113568.0
258,R3,97344.0
258,R4,25958.0
258,R5,1622400.0
258,R6,4867200.0
258,R7,648960.0
258,R8,2088.0
258,R9,2784.0
258,R10,124384.0
258,R11,102752.0
258,R12,4640.0
258,R13,2320.0
258,R14,108.0
258,R15,13.0
258,R16,44.0
258,R17,3245.0
258,R18,4327.0
258,R19,27040.0
258,R20,2164.0
258,R21,72.0
258,R22,28.0
258,R23,86.0
258,R24,38.0
258,R25,108.0
258,R26,16.0
258,R27,0.0
258,R28,0.0
258,R29,22.0
258,R30,36.0
258,R31,0.0
258,R32,1.0
258,R33,0.0
258,R34,10.0
258,R35,0.0
258,R36,0.0
258,R37,0.0
258,R38,0.0
258,R39,216320.0
258,R40,129792.0
258,R41,232.0
258,R42,6960.0
258,R43,81120.0
258,R44,0.0
258,R45,22.0
258,R46,0.0
258,R47,38.0
258,R48,2164.0
258,R49,2787.0
258,R50,194688.0
258,R51,59488.0
258,R52,21632.0
258,R53,0.0
258,R54,2704.0
258,R55,24.0
258,R56,49.0
259,R1,874356.0
259,R2,306025.0
259,R3,262306.0
259,R4,69948.0
259,R5,4371780.0
259,R6,13115340.0
259,R7,1748712.0
259,R8,5400.0
259,R9,7201.0
259,R10,335227.0
259,R11,276879.0
259,R12,3999.0
259,R13,3500.0
259,R14,291.0
259,R15,40.0
259,R16,116.0
259,R17,8744.0
259,R18,11658.0
259,R19,72864.0
259,R20,5830.0
259,R21,195.0
259,R22,72.0
259,R23,234.0
259,R24,102.0
259,R25,291.0
259,R26,40.0
259,R27,1.0
259,R28,0.0
259,R29,58.0
259,R30,98.0
259,R31,14.0
259,R32,23.0
259,R33,0.0
259,R34,53.0
259,R35,1.0
259,R36,6.0
259,R37,0.0
259,R38,0.0
259,R39,582904.0
259,R40,349742.0
259,R41,600.0
259,R42,18003.0
259,R43,218588.0
259,R44,10.0
259,R45,58.0
259,R46,0.0
259,R47,98.0
259,R48,5830.0
259,R49,7201.0
259,R50,524614.0
259,R51,160298.0
259,R52,58290.0
259,R53,4.0
259,R54,7286.0
259,R55,64.0
259,R56,132.0
26,R1,2627418.0
26,R2,919597.0
26,R3,788226.0
26,R4,210194.0
26,R5,13137090.0
26,R6,39411270.0
26,R7,5254836.0
26,R8,17065.0
26,R9,22754.0
26,R10,1007177.0
26,R11,832015.0
26,R12,967.2
26,R13,643.6
26,R14,876.0
26,R15,121.0
26,R16,351.0
26,R17,26274.0
26,R18,35032.0
26,R19,218952.0
26,R20,17516.0
26,R21,584.0
26,R22,218.0
26,R23,700.0
26,R24,306.0
26,R25,876.0
26,R26,82.0
26,R27,10.0
26,R28,4.0
26,R29,196.0
26,R30,315.0
26,R31,17.0
26,R32,8.0
26,R33,1.0
26,R34,100.0
26,R35,22.0
26,R36,25.0
26,R37,0.0
26,R38,6.0
26,R39,1751612.0
26,R40,1050967.0
26,R41,1896.0
26,R42,56884.0
26,R43,656854.0
26,R44,15.0
26,R45,201.0
26,R46,6.0
26,R47,304.0
26,R48,17516.0
26,R49,22754.0
26,R50,1576451.0
26,R51,481694.0
26,R52,175161.0
26,R53,10.0
26,R54,21896.0
26,R55,194.0
26,R56,406.0
260,R1,127002.0
260,R2,44450.0
260,R3,38100.0
260,R4,10160.0
260,R5,635010.0
260,R6,1905030.0
260,R7,254004.0
260,R8,830.0
260,R9,1106.0
260,R10,48684.0
260,R11,40218.0
260,R12,1844.0
260,R13,922.0
260,R14,42.0
260,R15,139.0
260,R16,16.0
260,R17,1270.0
260,R18,1693.0
260,R19,10584.0
260,R20,847.0
260,R21,28.0
260,R22,10.0
260,R23,34.0
260,R24,28.0
260,R25,42.0
260,R26,208.0
260,R27,0.0
260,R28,0.0
260,R29,8.0
260,R30,140.0
260,R31,0.0
260,R32,175.0
260,R33,0.0
260,R34,12.0
260,R35,0.0
260,R36,0.0
260,R37,0.0
260,R38,0.0
260,R39,84668.0
260,R40,50800.0
260,R41,92.0
260,R42,2768.0
260,R43,31750.0
260,R44,0.0
260,R45,148.0
260,R46,0.0
260,R47,14.0
260,R48,847.0
260,R49,1106.0
260,R50,76202.0
260,R51,23284.0
260,R52,8466.0
260,R53,0.0
260,R54,1059.0
260,R55,9.0
260,R56,19.0
261,R1,1501560.0
261,R2,525546.0
261,R3,450468.0
261,R4,120125.0
261,R5,7507800.0
261,R6,22523400.0
261,R7,3003120.0
261,R8,7556.0
261,R9,10075.0
261,R10,575598.0
261,R11,475494.0
261,R12,898.48
261,R13,2720.0
261,R14,500.0
261,R15,62.0
261,R16,200.0
261,R17,15015.0
261,R18,20021.0
261,R19,125130.0
261,R20,10010.0
261,R21,334.0
261,R22,144.0
261,R23,401.0
261,R24,176.0
261,R25,500.0
261,R26,89.0
261,R27,10.0
261,R28,1.0
261,R29,108.0
261,R30,218.0
261,R31,24.0
261,R32,5.0
261,R33,0.0
261,R34,82.0
261,R35,2.0
261,R36,4.0
261,R37,0.0
261,R38,0.0
261,R39,1001040.0
261,R40,600624.0
261,R41,840.0
261,R42,25187.0
261,R43,375390.0
261,R44,40.0
261,R45,136.0
261,R46,20.0
261,R47,166.0
261,R48,10010.0
261,R49,10075.0
261,R50,900936.0
261,R51,275286.0
261,R52,100104.0
261,R53,12.0
261,R54,12512.0
261,R55,112.0
261,R56,228.0
262,R1,1167732.0
262,R2,408706.0
262,R3,350319.0
262,R4,93418.0
262,R5,5838660.0
262,R6,17515980.0
262,R7,2335464.0
262,R8,7684.0
262,R9,10246.0
262,R10,447631.0
262,R11,369782.0
262,R12,1003.6800000000001
262,R13,2731.0
262,R14,390.0
262,R15,48.0
262,R16,156.0
262,R17,11678.0
262,R18,15570.0
262,R19,97311.0
262,R20,7784.0
262,R21,260.0
262,R22,100.0
262,R23,312.0
262,R24,143.0
262,R25,390.0
262,R26,68.0
262,R27,2.0
262,R28,0.0
262,R29,78.0
262,R30,130.0
262,R31,5.0
262,R32,4.0
262,R33,0.0
262,R34,69.0
262,R35,2.0
262,R36,2.0
262,R37,0.0
262,R38,0.0
262,R39,778488.0
262,R40,467092.0
262,R41,854.0
262,R42,25614.0
262,R43,291933.0
262,R44,13.0
262,R45,78.0
262,R46,1.0
262,R47,130.0
262,R48,7784.0
262,R49,10246.0
262,R50,700640.0
262,R51,214084.0
262,R52,77848.0
262,R53,4.0
262,R54,9731.0
262,R55,89.0
262,R56,176.0
263,R1,844542.0
263,R2,295590.0
263,R3,253362.0
263,R4,67563.0
263,R5,4222710.0
263,R6,12668130.0
263,R7,1689084.0
263,R8,5010.0
263,R9,6687.0
263,R10,323742.0
263,R11,267466.0
263,R12,4433.0
263,R13,3500.0
263,R14,282.0
263,R15,111.0
263,R16,112.0
263,R17,8446.0
263,R18,11260.0
263,R19,70378.0
263,R20,5630.0
263,R21,187.0
263,R22,72.0
263,R23,226.0
263,R24,339.0
263,R25,282.0
263,R26,170.0
263,R27,1.0
263,R28,0.0
263,R29,57.0
263,R30,171.0
263,R31,9.0
263,R32,20.0
263,R33,0.0
263,R34,32.0
263,R35,1.0
263,R36,13.0
263,R37,0.0
263,R38,0.0
263,R39,563028.0
263,R40,337816.0
263,R41,556.0
263,R42,16700.0
263,R43,211182.0
263,R44,15.0
263,R45,166.0
263,R46,0.0
263,R47,94.0
263,R48,5630.0
263,R49,6681.0
263,R50,506726.0
263,R51,154832.0
263,R52,56302.0
263,R53,2.0
263,R54,7038.0
263,R55,64.0
263,R56,128.0
264,R1,998058.0
264,R2,349320.0
264,R3,299418.0
264,R4,79844.0
264,R5,4990290.0
264,R6,14970870.0
264,R7,1996116.0
264,R8,5741.0
264,R9,7654.0
264,R10,382589.0
264,R11,316052.0
264,R12,3498.0
264,R13,3500.0
264,R14,332.0
264,R15,41.0
264,R16,134.0
264,R17,9980.0
264,R18,13308.0
264,R19,83172.0
264,R20,6654.0
264,R21,222.0
264,R22,84.0
264,R23,266.0
264,R24,123.0
264,R25,332.0
264,R26,76.0
264,R27,10.0
264,R28,0.0
264,R29,66.0
264,R30,159.0
264,R31,12.0
264,R32,3.0
264,R33,0.0
264,R34,66.0
264,R35,2.0
264,R36,2.0
264,R37,0.0
264,R38,0.0
264,R39,665372.0
264,R40,399224.0
264,R41,638.0
264,R42,19134.0
264,R43,249514.0
264,R44,20.0
264,R45,90.0
264,R46,0.0
264,R47,111.0
264,R48,6654.0
264,R49,7654.0
264,R50,598888.0
264,R51,182977.0
264,R52,66538.0
264,R53,10.0
264,R54,8317.0
264,R55,78.0
264,R56,152.0
265,R1,2272866.0
265,R2,795503.0
265,R3,681860.0
265,R4,181830.0
265,R5,11364330.0
265,R6,34092990.0
265,R7,4545732.0
265,R8,14148.0
265,R9,18866.0
265,R10,871265.0
265,R11,719741.0
265,R12,1200.0
265,R13,840.0
265,R14,758.0
265,R15,95.0
265,R16,303.0
265,R17,22728.0
265,R18,30305.0
265,R19,189406.0
265,R20,15152.0
265,R21,506.0
265,R22,189.0
265,R23,606.0
265,R24,282.0
265,R25,758.0
265,R26,126.0
265,R27,4.0
265,R28,1.0
265,R29,152.0
265,R30,268.0
265,R31,14.0
265,R32,8.0
265,R33,0.0
265,R34,118.0
265,R35,4.0
265,R36,8.0
265,R37,0.0
265,R38,1.0
265,R39,1515244.0
265,R40,909146.0
265,R41,1572.0
265,R42,47164.0
265,R43,568321.0
265,R44,42.0
265,R45,152.0
265,R46,30.0
265,R47,252.0
265,R48,15152.0
265,R49,18866.0
265,R50,1363842.0
265,R51,416692.0
265,R52,151524.0
265,R53,8.0
265,R54,18941.0
265,R55,177.0
265,R56,344.0
266,R1,980508.0
266,R2,343178.0
266,R3,294153.0
266,R4,78440.0
266,R5,4902540.0
266,R6,14707620.0
266,R7,1961016.0
266,R8,6595.0
266,R9,8794.0
266,R10,375861.0
266,R11,310494.0
266,R12,1356.0
266,R13,3336.0
266,R14,327.0
266,R15,173.0
266,R16,131.0
266,R17,9805.0
266,R18,13074.0
266,R19,81709.0
266,R20,6537.0
266,R21,218.0
266,R22,82.0
266,R23,262.0
266,R24,164.0
266,R25,327.0
266,R26,339.0
266,R27,2.0
266,R28,0.0
266,R29,66.0
266,R30,264.0
266,R31,6.0
266,R32,50.0
266,R33,0.0
266,R34,67.0
266,R35,2.0
266,R36,20.0
266,R37,0.0
266,R38,0.0
266,R39,653672.0
266,R40,392204.0
266,R41,733.0
266,R42,21984.0
266,R43,245172.0
266,R44,14.0
266,R45,242.0
266,R46,0.0
266,R47,108.0
266,R48,6537.0
266,R49,8794.0
266,R50,588357.0
266,R51,179760.0
266,R52,65368.0
266,R53,2.0
266,R54,8170.0
266,R55,76.0
266,R56,148.0
267,R1,1179576.0
267,R2,412852.0
267,R3,353873.0
267,R4,94366.0
267,R5,5897880.0
267,R6,17693640.0
267,R7,2359152.0
267,R8,6613.0
267,R9,8818.0
267,R10,452170.0
267,R11,373532.0
267,R12,1696.0
267,R13,3326.0
267,R14,394.0
267,R15,50.0
267,R16,164.0
267,R17,11796.0
267,R18,15728.0
267,R19,98299.0
267,R20,7863.0
267,R21,263.0
267,R22,98.0
267,R23,314.0
267,R24,138.0
267,R25,394.0
267,R26,76.0
267,R27,2.0
267,R28,0.0
267,R29,78.0
267,R30,155.0
267,R31,6.0
267,R32,4.0
267,R33,0.0
267,R34,64.0
267,R35,2.0
267,R36,2.0
267,R37,0.0
267,R38,0.0
267,R39,786384.0
267,R40,471830.0
267,R41,735.0
267,R42,22046.0
267,R43,294893.0
267,R44,18.0
267,R45,78.0
267,R46,1.0
267,R47,131.0
267,R48,7863.0
267,R49,8818.0
267,R50,707746.0
267,R51,216256.0
267,R52,78638.0
267,R53,4.0
267,R54,9830.0
267,R55,88.0
267,R56,179.0
268,R1,302904.0
268,R2,106017.0
268,R3,90872.0
268,R4,24232.0
268,R5,1514520.0
268,R6,4543560.0
268,R7,605808.0
268,R8,2158.0
268,R9,2876.0
268,R10,116114.0
268,R11,95919.0
268,R12,4794.0
268,R13,2397.0
268,R14,101.0
268,R15,12.0
268,R16,40.0
268,R17,3029.0
268,R18,4039.0
268,R19,25242.0
268,R20,2019.0
268,R21,68.0
268,R22,26.0
268,R23,80.0
268,R24,38.0
268,R25,101.0
268,R26,29.0
268,R27,0.0
268,R28,0.0
268,R29,21.0
268,R30,42.0
268,R31,0.0
268,R32,1.0
268,R33,0.0
268,R34,20.0
268,R35,0.0
268,R36,0.0
268,R37,0.0
268,R38,0.0
268,R39,201936.0
268,R40,121162.0
268,R41,240.0
268,R42,7191.0
268,R43,75741.0
268,R44,113.0
268,R45,21.0
268,R46,0.0
268,R47,34.0
268,R48,2019.0
268,R49,2876.0
268,R50,181742.0
268,R51,55532.0
268,R52,20194.0
268,R53,0.0
268,R54,2524.0
268,R55,23.0
268,R56,45.0
269,R1,444024.0
269,R2,155408.0
269,R3,133207.0
269,R4,35522.0
269,R5,2220120.0
269,R6,6660360.0
269,R7,888048.0
269,R8,2659.0
269,R9,3545.0
269,R10,170210.0
269,R11,140608.0
269,R12,5000.0
269,R13,2954.0
269,R14,148.0
269,R15,95.0
269,R16,60.0
269,R17,4441.0
269,R18,5920.0
269,R19,37002.0
269,R20,2960.0
269,R21,98.0
269,R22,37.0
269,R23,118.0
269,R24,52.0
269,R25,148.0
269,R26,177.0
269,R27,0.0
269,R28,0.0
269,R29,30.0
269,R30,133.0
269,R31,1.0
269,R32,16.0
269,R33,0.0
269,R34,15.0
269,R35,0.0
269,R36,0.0
269,R37,0.0
269,R38,0.0
269,R39,296016.0
269,R40,177609.0
269,R41,296.0
269,R42,8863.0
269,R43,111006.0
269,R44,1.0
269,R45,129.0
269,R46,0.0
269,R47,49.0
269,R48,2960.0
269,R49,3545.0
269,R50,266415.0
269,R51,81404.0
269,R52,29601.0
269,R53,0.0
269,R54,3700.0
269,R55,33.0
269,R56,67.0
27,R1,5998662.0
27,R2,2099532.0
27,R3,1799598.0
27,R4,479893.0
27,R5,29993310.0
27,R6,89979930.0
27,R7,11997324.0
27,R8,39446.0
27,R9,52595.0
27,R10,2299488.0
27,R11,1899576.0
27,R12,1046.4
27,R13,683.2
27,R14,2000.0
27,R15,263.0
27,R16,800.0
27,R17,59986.0
27,R18,79982.0
27,R19,499888.0
27,R20,39992.0
27,R21,1334.0
27,R22,500.0
27,R23,1600.0
27,R24,700.0
27,R25,2000.0
27,R26,177.0
27,R27,16.0
27,R28,8.0
27,R29,429.0
27,R30,688.0
27,R31,50.0
27,R32,20.0
27,R33,18.0
27,R34,218.0
27,R35,56.0
27,R36,65.0
27,R37,0.0
27,R38,4.0
27,R39,3999108.0
27,R40,2399464.0
27,R41,4382.0
27,R42,131487.0
27,R43,1499666.0
27,R44,17.0
27,R45,453.0
27,R46,18.0
27,R47,682.0
27,R48,39992.0
27,R49,52595.0
27,R50,3599198.0
27,R51,1099754.0
27,R52,399910.0
27,R53,33.0
27,R54,49988.0
27,R55,444.0
27,R56,920.0
270,R1,1607928.0
270,R2,562774.0
270,R3,482378.0
270,R4,128634.0
270,R5,8039640.0
270,R6,24118920.0
270,R7,3215856.0
270,R8,9790.0
270,R9,13054.0
270,R10,616372.0
270,R11,509178.0
270,R12,1200.0
270,R13,1561.0
270,R14,536.0
270,R15,255.0
270,R16,214.0
270,R17,16080.0
270,R18,21440.0
270,R19,133994.0
270,R20,10720.0
270,R21,358.0
270,R22,134.0
270,R23,429.0
270,R24,285.0
270,R25,536.0
270,R26,396.0
270,R27,11.0
270,R28,1.0
270,R29,107.0
270,R30,468.0
270,R31,8.0
270,R32,40.0
270,R33,0.0
270,R34,90.0
270,R35,2.0
270,R36,27.0
270,R37,0.0
270,R38,0.0
270,R39,1071952.0
270,R40,643172.0
270,R41,1088.0
270,R42,32634.0
270,R43,401982.0
270,R44,24.0
270,R45,317.0
270,R46,1.0
270,R47,178.0
270,R48,10720.0
270,R49,13054.0
270,R50,964756.0
270,R51,294786.0
270,R52,107196.0
270,R53,6.0
270,R54,13399.0
270,R55,176.0
270,R56,244.0
271,R1,571314.0
271,R2,199960.0
271,R3,171394.0
271,R4,45706.0
271,R5,2856570.0
271,R6,8569710.0
271,R7,1142628.0
271,R8,3325.0
271,R9,4434.0
271,R10,219003.0
271,R11,180916.0
271,R12,5000.0
271,R13,3500.0
271,R14,190.0
271,R15,40.0
271,R16,77.0
271,R17,5714.0
271,R18,7618.0
271,R19,47610.0
271,R20,3809.0
271,R21,126.0
271,R22,47.0
271,R23,152.0
271,R24,72.0
271,R25,190.0
271,R26,56.0
271,R27,0.0
271,R28,0.0
271,R29,46.0
271,R30,124.0
271,R31,472.0
271,R32,2.0
271,R33,0.0
271,R34,49.0
271,R35,0.0
271,R36,1.0
271,R37,0.0
271,R38,0.0
271,R39,380876.0
271,R40,228526.0
271,R41,370.0
271,R42,11084.0
271,R43,142828.0
271,R44,20.0
271,R45,62.0
271,R46,0.0
271,R47,64.0
271,R48,3809.0
271,R49,4434.0
271,R50,342827.0
271,R51,104741.0
271,R52,38088.0
271,R53,1.0
271,R54,4761.0
271,R55,45.0
271,R56,86.0
272,R1,2874888.0
272,R2,1006211.0
272,R3,862466.0
272,R4,229991.0
272,R5,14374440.0
272,R6,43123320.0
272,R7,5749776.0
272,R8,15014.0
272,R9,20018.0
272,R10,1102040.0
272,R11,910381.0
272,R12,822.96
272,R13,571.52
272,R14,958.0
272,R15,168.0
272,R16,384.0
272,R17,28748.0
272,R18,38332.0
272,R19,239574.0
272,R20,19166.0
272,R21,638.0
272,R22,240.0
272,R23,766.0
272,R24,336.0
272,R25,958.0
272,R26,113.0
272,R27,4.0
272,R28,12.0
272,R29,235.0
272,R30,319.0
272,R31,14.0
272,R32,10.0
272,R33,4.0
272,R34,152.0
272,R35,19.0
272,R36,13.0
272,R37,0.0
272,R38,2.0
272,R39,1916592.0
272,R40,1149955.0
272,R41,1668.0
272,R42,50046.0
272,R43,718722.0
272,R44,44.0
272,R45,231.0
272,R46,22.0
272,R47,319.0
272,R48,19166.0
272,R49,20018.0
272,R50,1724933.0
272,R51,527063.0
272,R52,191659.0
272,R53,10.0
272,R54,23958.0
272,R55,213.0
272,R56,435.0
273,R1,843906.0
273,R2,295367.0
273,R3,253172.0
273,R4,67512.0
273,R5,4219530.0
273,R6,12658590.0
273,R7,1687812.0
273,R8,4507.0
273,R9,6010.0
273,R10,323497.0
273,R11,267237.0
273,R12,4992.0
273,R13,3500.0
273,R14,281.0
273,R15,65.0
273,R16,113.0
273,R17,8440.0
273,R18,11253.0
273,R19,70326.0
273,R20,5626.0
273,R21,188.0
273,R22,70.0
273,R23,225.0
273,R24,98.0
273,R25,281.0
273,R26,50.0
273,R27,1.0
273,R28,0.0
273,R29,84.0
273,R30,93.0
273,R31,4.0
273,R32,2.0
273,R33,0.0
273,R34,80.0
273,R35,1.0
273,R36,4.0
273,R37,0.0
273,R38,0.0
273,R39,562604.0
273,R40,337563.0
273,R41,501.0
273,R42,15023.0
273,R43,210976.0
273,R44,14.0
273,R45,84.0
273,R46,0.0
273,R47,93.0
273,R48,5626.0
273,R49,6010.0
273,R50,506343.0
273,R51,154716.0
273,R52,56261.0
273,R53,4.0
273,R54,7032.0
273,R55,62.0
273,R56,128.0
274,R1,1644858.0
274,R2,575700.0
274,R3,493457.0
274,R4,131589.0
274,R5,8224290.0
274,R6,24672870.0
274,R7,3289716.0
274,R8,8836.0
274,R9,11781.0
274,R10,630529.0
274,R11,520872.0
274,R12,852.8000000000001
274,R13,1012.0
274,R14,548.0
274,R15,76.0
274,R16,219.0
274,R17,16449.0
274,R18,21931.0
274,R19,137071.0
274,R20,10966.0
274,R21,366.0
274,R22,138.0
274,R23,439.0
274,R24,192.0
274,R25,548.0
274,R26,49.0
274,R27,2.0
274,R28,2.0
274,R29,126.0
274,R30,182.0
274,R31,14.0
274,R32,6.0
274,R33,0.0
274,R34,79.0
274,R35,2.0
274,R36,3.0
274,R37,17.0
274,R38,0.0
274,R39,1096572.0
274,R40,657943.0
274,R41,982.0
274,R42,29454.0
274,R43,411215.0
274,R44,22.0
274,R45,118.0
274,R46,2.0
274,R47,182.0
274,R48,10966.0
274,R49,11781.0
274,R50,986915.0
274,R51,301557.0
274,R52,109657.0
274,R53,3.0
274,R54,13708.0
274,R55,122.0
274,R56,249.0
275,R1,1424394.0
275,R2,498538.0
275,R3,427318.0
275,R4,113952.0
275,R5,7121970.0
275,R6,21365910.0
275,R7,2848788.0
275,R8,8384.0
275,R9,11179.0
275,R10,546018.0
275,R11,451058.0
275,R12,1077.52
275,R13,2342.0
275,R14,475.0
275,R15,130.0
275,R16,190.0
275,R17,14244.0
275,R18,18992.0
275,R19,118700.0
275,R20,9496.0
275,R21,316.0
275,R22,118.0
275,R23,380.0
275,R24,166.0
275,R25,475.0
275,R26,140.0
275,R27,2.0
275,R28,0.0
275,R29,95.0
275,R30,228.0
275,R31,6.0
275,R32,18.0
275,R33,0.0
275,R34,48.0
275,R35,2.0
275,R36,2.0
275,R37,0.0
275,R38,0.0
275,R39,949596.0
275,R40,569758.0
275,R41,931.0
275,R42,27948.0
275,R43,356098.0
275,R44,14.0
275,R45,165.0
275,R46,1.0
275,R47,158.0
275,R48,9496.0
275,R49,11179.0
275,R50,854636.0
275,R51,261139.0
275,R52,94960.0
275,R53,2.0
275,R54,11870.0
275,R55,105.0
275,R56,216.0
276,R1,2533008.0
276,R2,886553.0
276,R3,759903.0
276,R4,202640.0
276,R5,12665040.0
276,R6,37995120.0
276,R7,5066016.0
276,R8,15474.0
276,R9,20632.0
276,R10,970986.0
276,R11,802119.0
276,R12,1200.0
276,R13,808.64
276,R14,844.0
276,R15,116.0
276,R16,338.0
276,R17,25330.0
276,R18,33773.0
276,R19,211084.0
276,R20,16887.0
276,R21,563.0
276,R22,212.0
276,R23,676.0
276,R24,296.0
276,R25,844.0
276,R26,112.0
276,R27,4.0
276,R28,2.0
276,R29,168.0
276,R30,321.0
276,R31,32.0
276,R32,9.0
276,R33,1.0
276,R34,120.0
276,R35,7.0
276,R36,8.0
276,R37,0.0
276,R38,1.0
276,R39,1688672.0
276,R40,1013204.0
276,R41,1720.0
276,R42,51579.0
276,R43,633252.0
276,R44,57.0
276,R45,192.0
276,R46,22.0
276,R47,281.0
276,R48,16887.0
276,R49,20632.0
276,R50,1519804.0
276,R51,464384.0
276,R52,168868.0
276,R53,17.0
276,R54,21108.0
276,R55,190.0
276,R56,407.0
277,R1,3107952.0
277,R2,1087784.0
277,R3,932386.0
277,R4,248636.0
277,R5,15539760.0
277,R6,46619280.0
277,R7,6215904.0
277,R8,20008.0
277,R9,26677.0
277,R10,1191382.0
277,R11,984184.0
277,R12,1200.0
277,R13,840.0
277,R14,1036.0
277,R15,151.0
277,R16,414.0
277,R17,31079.0
277,R18,41440.0
277,R19,258996.0
277,R20,20720.0
277,R21,690.0
277,R22,259.0
277,R23,828.0
277,R24,362.0
277,R25,1036.0
277,R26,125.0
277,R27,4.0
277,R28,2.0
277,R29,208.0
277,R30,346.0
277,R31,16.0
277,R32,10.0
277,R33,1.0
277,R34,134.0
277,R35,7.0
277,R36,10.0
277,R37,14.0
277,R38,1.0
277,R39,2071968.0
277,R40,1243181.0
277,R41,2224.0
277,R42,66693.0
277,R43,776988.0
277,R44,51.0
277,R45,208.0
277,R46,33.0
277,R47,346.0
277,R48,20720.0
277,R49,26677.0
277,R50,1864771.0
277,R51,569791.0
277,R52,207197.0
277,R53,6.0
277,R54,25900.0
277,R55,232.0
277,R56,471.0
278,R1,2736678.0
278,R2,957837.0
278,R3,821003.0
278,R4,218934.0
278,R5,13683390.0
278,R6,41050170.0
278,R7,5473356.0
278,R8,16582.0
278,R9,22110.0
278,R10,1049060.0
278,R11,866615.0
278,R12,1200.0
278,R13,840.0
278,R14,912.0
278,R15,122.0
278,R16,364.0
278,R17,27366.0
278,R18,36489.0
278,R19,228056.0
278,R20,18244.0
278,R21,608.0
278,R22,228.0
278,R23,730.0
278,R24,320.0
278,R25,975.0
278,R26,75.0
278,R27,4.0
278,R28,2.0
278,R29,183.0
278,R30,391.0
278,R31,14.0
278,R32,20.0
278,R33,1.0
278,R34,131.0
278,R35,12.0
278,R36,12.0
278,R37,0.0
278,R38,1.0
278,R39,1824452.0
278,R40,1094671.0
278,R41,1842.0
278,R42,55274.0
278,R43,684170.0
278,R44,26.0
278,R45,205.0
278,R46,3.0
278,R47,304.0
278,R48,18244.0
278,R49,22110.0
278,R50,1642007.0
278,R51,501724.0
278,R52,182445.0
278,R53,8.0
278,R54,22806.0
278,R55,208.0
278,R56,428.0
279,R1,1104012.0
279,R2,386396.0
279,R3,331196.0
279,R4,88320.0
279,R5,5519940.0
279,R6,16559820.0
279,R7,2207976.0
279,R8,6424.0
279,R9,8566.0
279,R10,423196.0
279,R11,349596.0
279,R12,1767.0
279,R13,3431.0
279,R14,368.0
279,R15,53.0
279,R16,148.0
279,R17,11040.0
279,R18,14719.0
279,R19,92000.0
279,R20,7360.0
279,R21,246.0
279,R22,92.0
279,R23,294.0
279,R24,129.0
279,R25,368.0
279,R26,58.0
279,R27,2.0
279,R28,0.0
279,R29,73.0
279,R30,122.0
279,R31,6.0
279,R32,4.0
279,R33,0.0
279,R34,55.0
279,R35,2.0
279,R36,4.0
279,R37,0.0
279,R38,0.0
279,R39,735992.0
279,R40,441595.0
279,R41,714.0
279,R42,21416.0
279,R43,275996.0
279,R44,21.0
279,R45,73.0
279,R46,1.0
279,R47,122.0
279,R48,7360.0
279,R49,8566.0
279,R50,662393.0
279,R51,202419.0
279,R52,73599.0
279,R53,2.0
279,R54,9200.0
279,R55,84.0
279,R56,177.0
28,R1,2728608.0
28,R2,955013.0
28,R3,818582.0
28,R4,218288.0
28,R5,13643040.0
28,R6,40929120.0
28,R7,5457216.0
28,R8,18993.0
28,R9,25324.0
28,R10,1045966.0
28,R11,864059.0
28,R12,918.48
28,R13,619.2
28,R14,909.0
28,R15,114.0
28,R16,364.0
28,R17,27286.0
28,R18,36382.0
28,R19,227384.0
28,R20,18191.0
28,R21,639.0
28,R22,228.0
28,R23,728.0
28,R24,318.0
28,R25,909.0
28,R26,85.0
28,R27,32.0
28,R28,6.0
28,R29,205.0
28,R30,328.0
28,R31,16.0
28,R32,9.0
28,R33,6.0
28,R34,90.0
28,R35,28.0
28,R36,5.0
28,R37,0.0
28,R38,2.0
28,R39,1819072.0
28,R40,1091444.0
28,R41,2110.0
28,R42,63357.0
28,R43,682152.0
28,R44,8.0
28,R45,211.0
28,R46,4.0
28,R47,350.0
28,R48,18191.0
28,R49,25324.0
28,R50,1637164.0
28,R51,500306.0
28,R52,181908.0
28,R53,10.0
28,R54,22738.0
28,R55,204.0
28,R56,425.0
280,R1,865092.0
280,R2,302782.0
280,R3,259528.0
280,R4,69207.0
280,R5,4325460.0
280,R6,12976380.0
280,R7,1730184.0
280,R8,5184.0
280,R9,6912.0
280,R10,331618.0
280,R11,273946.0
280,R12,4126.0
280,R13,3500.0
280,R14,288.0
280,R15,36.0
280,R16,116.0
280,R17,8650.0
280,R18,11534.0
280,R19,72092.0
280,R20,5768.0
280,R21,192.0
280,R22,72.0
280,R23,230.0
280,R24,101.0
280,R25,288.0
280,R26,50.0
280,R27,2.0
280,R28,0.0
280,R29,57.0
280,R30,96.0
280,R31,4.0
280,R32,2.0
280,R33,0.0
280,R34,37.0
280,R35,2.0
280,R36,4.0
280,R37,0.0
280,R38,0.0
280,R39,576728.0
280,R40,346036.0
280,R41,576.0
280,R42,17280.0
280,R43,216272.0
280,R44,12.0
280,R45,57.0
280,R46,0.0
280,R47,96.0
280,R48,5768.0
280,R49,6912.0
280,R50,519056.0
280,R51,158600.0
280,R52,57672.0
280,R53,4.0
280,R54,7209.0
280,R55,66.0
280,R56,132.0
281,R1,518184.0
281,R2,181364.0
281,R3,155455.0
281,R4,41455.0
281,R5,2590920.0
281,R6,7772760.0
281,R7,1036368.0
281,R8,3192.0
281,R9,4256.0
281,R10,198638.0
281,R11,164092.0
281,R12,5000.0
281,R13,3500.0
281,R14,172.0
281,R15,152.0
281,R16,70.0
281,R17,5182.0
281,R18,6910.0
281,R19,43182.0
281,R20,3454.0
281,R21,116.0
281,R22,46.0
281,R23,138.0
281,R24,74.0
281,R25,172.0
281,R26,246.0
281,R27,0.0
281,R28,0.0
281,R29,52.0
281,R30,208.0
281,R31,12.0
281,R32,2.0
281,R33,0.0
281,R34,26.0
281,R35,0.0
281,R36,0.0
281,R37,0.0
281,R38,0.0
281,R39,345456.0
281,R40,207274.0
281,R41,354.0
281,R42,10639.0
281,R43,129546.0
281,R44,20.0
281,R45,50.0
281,R46,0.0
281,R47,70.0
281,R48,3454.0
281,R49,4256.0
281,R50,310910.0
281,R51,95000.0
281,R52,34546.0
281,R53,16.0
281,R54,4318.0
281,R55,38.0
281,R56,120.0
282,R1,503730.0
282,R2,176306.0
282,R3,151119.0
282,R4,40298.0
282,R5,2518650.0
282,R6,7555950.0
282,R7,1007460.0
282,R8,3109.0
282,R9,4144.0
282,R10,193097.0
282,R11,159514.0
282,R12,5000.0
282,R13,3454.0
282,R14,168.0
282,R15,21.0
282,R16,68.0
282,R17,5037.0
282,R18,6716.0
282,R19,41978.0
282,R20,3359.0
282,R21,112.0
282,R22,42.0
282,R23,135.0
282,R24,58.0
282,R25,168.0
282,R26,18.0
282,R27,0.0
282,R28,0.0
282,R29,40.0
282,R30,56.0
282,R31,17.0
282,R32,1.0
282,R33,0.0
282,R34,17.0
282,R35,0.0
282,R36,0.0
282,R37,0.0
282,R38,0.0
282,R39,335820.0
282,R40,201492.0
282,R41,346.0
282,R42,10362.0
282,R43,125932.0
282,R44,1.0
282,R45,33.0
282,R46,0.0
282,R47,56.0
282,R48,3359.0
282,R49,4144.0
282,R50,302238.0
282,R51,92350.0
282,R52,33582.0
282,R53,0.0
282,R54,4198.0
282,R55,37.0
282,R56,76.0
283,R1,2401854.0
283,R2,840649.0
283,R3,720557.0
283,R4,192148.0
283,R5,12009270.0
283,R6,36027810.0
283,R7,4803708.0
283,R8,14855.0
283,R9,19806.0
283,R10,920710.0
283,R11,760587.0
283,R12,1077.28
283,R13,698.64
283,R14,801.0
283,R15,322.0
283,R16,320.0
283,R17,24019.0
283,R18,32024.0
283,R19,200154.0
283,R20,16012.0
283,R21,576.0
283,R22,202.0
283,R23,640.0
283,R24,350.0
283,R25,822.0
283,R26,350.0
283,R27,3.0
283,R28,24.0
283,R29,228.0
283,R30,888.0
283,R31,21.0
283,R32,16.0
283,R33,1.0
283,R34,156.0
283,R35,15.0
283,R36,12.0
283,R37,0.0
283,R38,1.0
283,R39,1601236.0
283,R40,960742.0
283,R41,1650.0
283,R42,49514.0
283,R43,600464.0
283,R44,210.0
283,R45,249.0
283,R46,18.0
283,R47,267.0
283,R48,16012.0
283,R49,19806.0
283,R50,1441112.0
283,R51,440406.0
283,R52,160124.0
283,R53,8.0
283,R54,20056.0
283,R55,189.0
283,R56,495.0
284,R1,754470.0
284,R2,264064.0
284,R3,226340.0
284,R4,60358.0
284,R5,3772350.0
284,R6,11317050.0
284,R7,1508940.0
284,R8,4594.0
284,R9,6124.0
284,R10,289213.0
284,R11,238916.0
284,R12,4896.0
284,R13,3500.0
284,R14,252.0
284,R15,32.0
284,R16,100.0
284,R17,7544.0
284,R18,10060.0
284,R19,62872.0
284,R20,5030.0
284,R21,167.0
284,R22,62.0
284,R23,202.0
284,R24,88.0
284,R25,252.0
284,R26,25.0
284,R27,1.0
284,R28,0.0
284,R29,50.0
284,R30,116.0
284,R31,12.0
284,R32,2.0
284,R33,0.0
284,R34,26.0
284,R35,1.0
284,R36,1.0
284,R37,0.0
284,R38,0.0
284,R39,502980.0
284,R40,301788.0
284,R41,511.0
284,R42,15312.0
284,R43,188618.0
284,R44,12.0
284,R45,82.0
284,R46,0.0
284,R47,84.0
284,R48,5030.0
284,R49,6124.0
284,R50,452682.0
284,R51,138320.0
284,R52,50298.0
284,R53,1.0
284,R54,6287.0
284,R55,56.0
284,R56,114.0
285,R1,389622.0
285,R2,136368.0
285,R3,116886.0
285,R4,31170.0
285,R5,1948110.0
285,R6,5844330.0
285,R7,779244.0
285,R8,2272.0
285,R9,3030.0
285,R10,149356.0
285,R11,123380.0
285,R12,5000.0
285,R13,2524.0
285,R14,130.0
285,R15,115.0
285,R16,52.0
285,R17,3897.0
285,R18,5195.0
285,R19,32469.0
285,R20,2597.0
285,R21,86.0
285,R22,32.0
285,R23,104.0
285,R24,46.0
285,R25,132.0
285,R26,176.0
285,R27,0.0
285,R28,0.0
285,R29,26.0
285,R30,149.0
285,R31,1.0
285,R32,1.0
285,R33,0.0
285,R34,19.0
285,R35,0.0
285,R36,0.0
285,R37,0.0
285,R38,0.0
285,R39,259748.0
285,R40,155849.0
285,R41,252.0
285,R42,7573.0
285,R43,97405.0
285,R44,92.0
285,R45,26.0
285,R46,0.0
285,R47,44.0
285,R48,2597.0
285,R49,3030.0
285,R50,233773.0
285,R51,71430.0
285,R52,25975.0
285,R53,0.0
285,R54,3246.0
285,R55,28.0
285,R56,60.0
286,R1,968568.0
286,R2,338999.0
286,R3,290570.0
286,R4,77485.0
286,R5,4842840.0
286,R6,14528520.0
286,R7,1937136.0
286,R8,5950.0
286,R9,7934.0
286,R10,371284.0
286,R11,306713.0
286,R12,3388.0
286,R13,3500.0
286,R14,323.0
286,R15,181.0
286,R16,130.0
286,R17,9686.0
286,R18,12914.0
286,R19,80714.0
286,R20,6458.0
286,R21,216.0
286,R22,80.0
286,R23,258.0
286,R24,112.0
286,R25,323.0
286,R26,228.0
286,R27,1.0
286,R28,0.0
286,R29,105.0
286,R30,237.0
286,R31,18.0
286,R32,4.0
286,R33,0.0
286,R34,72.0
286,R35,1.0
286,R36,4.0
286,R37,0.0
286,R38,0.0
286,R39,645712.0
286,R40,387427.0
286,R41,661.0
286,R42,19834.0
286,R43,242142.0
286,R44,39.0
286,R45,133.0
286,R46,0.0
286,R47,108.0
286,R48,6458.0
286,R49,7934.0
286,R50,581141.0
286,R51,177571.0
286,R52,64571.0
286,R53,12.0
286,R54,8072.0
286,R55,72.0
286,R56,188.0
287,R1,707364.0
287,R2,247577.0
287,R3,212210.0
287,R4,56589.0
287,R5,3536820.0
287,R6,10610460.0
287,R7,1414728.0
287,R8,4138.0
287,R9,5516.0
287,R10,271156.0
287,R11,223998.0
287,R12,5000.0
287,R13,3500.0
287,R14,236.0
287,R15,153.0
287,R16,94.0
287,R17,7074.0
287,R18,9432.0
287,R19,58948.0
287,R20,4716.0
287,R21,158.0
287,R22,60.0
287,R23,189.0
287,R24,138.0
287,R25,236.0
287,R26,207.0
287,R27,0.0
287,R28,0.0
287,R29,47.0
287,R30,204.0
287,R31,4.0
287,R32,2.0
287,R33,32.0
287,R34,24.0
287,R35,0.0
287,R36,4.0
287,R37,0.0
287,R38,0.0
287,R39,471576.0
287,R40,282946.0
287,R41,460.0
287,R42,13790.0
287,R43,176840.0
287,R44,123.0
287,R45,47.0
287,R46,0.0
287,R47,78.0
287,R48,4716.0
287,R49,5516.0
287,R50,424418.0
287,R51,129684.0
287,R52,47158.0
287,R53,4.0
287,R54,5895.0
287,R55,53.0
287,R56,149.0
288,R1,339444.0
288,R2,118806.0
288,R3,101834.0
288,R4,27155.0
288,R5,1697220.0
288,R6,5091660.0
288,R7,678888.0
288,R8,2006.0
288,R9,2674.0
288,R10,130120.0
288,R11,107490.0
288,R12,4457.0
288,R13,2229.0
288,R14,113.0
288,R15,88.0
288,R16,46.0
288,R17,3394.0
288,R18,4526.0
288,R19,28288.0
288,R20,2262.0
288,R21,76.0
288,R22,28.0
288,R23,90.0
288,R24,40.0
288,R25,113.0
288,R26,161.0
288,R27,0.0
288,R28,0.0
288,R29,22.0
288,R30,114.0
288,R31,0.0
288,R32,1.0
288,R33,0.0
288,R34,22.0
288,R35,0.0
288,R36,0.0
288,R37,0.0
288,R38,0.0
288,R39,226296.0
288,R40,135778.0
288,R41,222.0
288,R42,6686.0
288,R43,84860.0
288,R44,0.0
288,R45,22.0
288,R46,77.0
288,R47,37.0
288,R48,2262.0
288,R49,2674.0
288,R50,203666.0
288,R51,62232.0
288,R52,22630.0
288,R53,0.0
288,R54,2829.0
288,R55,26.0
288,R56,51.0
289,R1,10354434.0
289,R2,3624052.0
289,R3,3106330.0
289,R4,828354.0
289,R5,51772170.0
289,R6,155316510.0
289,R7,20708868.0
289,R8,73902.0
289,R9,98536.0
289,R10,3969200.0
289,R11,3278904.0
289,R12,1200.0
289,R13,840.0
289,R14,3452.0
289,R15,605.0
289,R16,1380.0
289,R17,103544.0
289,R18,138060.0
289,R19,862870.0
289,R20,69030.0
289,R21,2301.0
289,R22,862.0
289,R23,2761.0
289,R24,1208.0
289,R25,3452.0
289,R26,493.0
289,R27,78.0
289,R28,38.0
289,R29,739.0
289,R30,1336.0
289,R31,93.0
289,R32,34.0
289,R33,25.0
289,R34,398.0
289,R35,54.0
289,R36,34.0
289,R37,1.0
289,R38,49.0
289,R39,6902956.0
289,R40,4141774.0
289,R41,8211.0
289,R42,246339.0
289,R43,2588608.0
289,R44,223.0
289,R45,747.0
289,R46,75.0
289,R47,1150.0
289,R48,69030.0
289,R49,98536.0
289,R50,6212660.0
289,R51,1898313.0
289,R52,690296.0
289,R53,52.0
289,R54,86287.0
289,R55,767.0
289,R56,1582.0
29,R1,3127128.0
29,R2,1094464.0
29,R3,938112.0
29,R4,250163.0
29,R5,15635190.0
29,R6,46905570.0
29,R7,6254076.0
29,R8,19860.0
29,R9,26480.0
29,R10,1198698.0
29,R11,990228.0
29,R12,957.28
29,R13,638.64
29,R14,1042.0
29,R15,146.0
29,R16,417.0
29,R17,31270.0
29,R18,41694.0
29,R19,260586.0
29,R20,20846.0
29,R21,695.0
29,R22,260.0
29,R23,834.0
29,R24,365.0
29,R25,1042.0
29,R26,135.0
29,R27,36.0
29,R28,4.0
29,R29,234.0
29,R30,376.0
29,R31,114.0
29,R32,10.0
29,R33,18.0
29,R34,126.0
29,R35,52.0
29,R36,48.0
29,R37,0.0
29,R38,6.0
29,R39,2084692.0
29,R40,1250816.0
29,R41,2206.0
29,R42,66200.0
29,R43,781760.0
29,R44,19.0
29,R45,266.0
29,R46,6.0
29,R47,366.0
29,R48,20846.0
29,R49,26480.0
29,R50,1876222.0
29,R51,573367.0
29,R52,208470.0
29,R53,18.0
29,R54,26058.0
29,R55,238.0
29,R56,525.0
290,R1,5256006.0
290,R2,1839602.0
290,R3,1576802.0
290,R4,420480.0
290,R5,26280030.0
290,R6,78840090.0
290,R7,10512012.0
290,R8,37463.0
290,R9,49951.0
290,R10,2014802.0
290,R11,1664402.0
290,R12,1200.0
290,R13,815.2
290,R14,1752.0
290,R15,219.0
290,R16,700.0
290,R17,52560.0
290,R18,70080.0
290,R19,438045.0
290,R20,35040.0
290,R21,1168.0
290,R22,438.0
290,R23,1401.0
290,R24,614.0
290,R25,1752.0
290,R26,167.0
290,R27,47.0
290,R28,14.0
290,R29,373.0
290,R30,600.0
290,R31,54.0
290,R32,30.0
290,R33,2.0
290,R34,175.0
290,R35,22.0
290,R36,10.0
290,R37,0.0
290,R38,2.0
290,R39,3504004.0
290,R40,2102402.0
290,R41,4162.0
290,R42,124942.0
290,R43,1314002.0
290,R44,64.0
290,R45,367.0
290,R46,8.0
290,R47,594.0
290,R48,35040.0
290,R49,50013.0
290,R50,3153604.0
290,R51,963602.0
290,R52,350400.0
290,R53,64.0
290,R54,43800.0
290,R55,389.0
290,R56,796.0
291,R1,2269380.0
291,R2,794284.0
291,R3,680814.0
291,R4,181550.0
291,R5,11346900.0
291,R6,34040700.0
291,R7,4538760.0
291,R8,15211.0
291,R9,20282.0
291,R10,869929.0
291,R11,718636.0
291,R12,961.6800000000001
291,R13,640.8000000000001
291,R14,756.0
291,R15,232.0
291,R16,302.0
291,R17,22694.0
291,R18,30258.0
291,R19,189116.0
291,R20,15130.0
291,R21,504.0
291,R22,189.0
291,R23,605.0
291,R24,292.0
291,R25,756.0
291,R26,260.0
291,R27,117.0
291,R28,20.0
291,R29,215.0
291,R30,452.0
291,R31,22.0
291,R32,7.0
291,R33,0.0
291,R34,120.0
291,R35,18.0
291,R36,7.0
291,R37,0.0
291,R38,28.0
291,R39,1512920.0
291,R40,907752.0
291,R41,1690.0
291,R42,50706.0
291,R43,567344.0
291,R44,148.0
291,R45,228.0
291,R46,180.0
291,R47,262.0
291,R48,15130.0
291,R49,20282.0
291,R50,1361628.0
291,R51,416053.0
291,R52,151292.0
291,R53,19.0
291,R54,18911.0
291,R55,168.0
291,R56,372.0
292,R1,4163682.0
292,R2,1457288.0
292,R3,1249104.0
292,R4,333094.0
292,R5,20818410.0
292,R6,62455230.0
292,R7,8327364.0
292,R8,27424.0
292,R9,36566.0
292,R10,1596078.0
292,R11,1318500.0
292,R12,1200.0
292,R13,789.84
292,R14,1388.0
292,R15,231.0
292,R16,555.0
292,R17,41637.0
292,R18,55515.0
292,R19,346974.0
292,R20,27758.0
292,R21,925.0
292,R22,348.0
292,R23,1110.0
292,R24,486.0
292,R25,1388.0
292,R26,138.0
292,R27,29.0
292,R28,20.0
292,R29,350.0
292,R30,478.0
292,R31,52.0
292,R32,14.0
292,R33,2.0
292,R34,209.0
292,R35,23.0
292,R36,14.0
292,R37,0.0
292,R38,2.0
292,R39,2775788.0
292,R40,1665472.0
292,R41,3047.0
292,R42,91412.0
292,R43,1040920.0
292,R44,129.0
292,R45,346.0
292,R46,22.0
292,R47,476.0
292,R48,27758.0
292,R49,36566.0
292,R50,2498210.0
292,R51,763342.0
292,R52,277578.0
292,R53,45.0
292,R54,34698.0
292,R55,308.0
292,R56,631.0
293,R1,3859746.0
293,R2,1350912.0
293,R3,1157924.0
293,R4,308780.0
293,R5,19298730.0
293,R6,57896190.0
293,R7,7719492.0
293,R8,22204.0
293,R9,29604.0
293,R10,1479570.0
293,R11,1222252.0
293,R12,1019.9200000000001
293,R13,669.92
293,R14,1286.0
293,R15,318.0
293,R16,514.0
293,R17,38598.0
293,R18,51463.0
293,R19,321645.0
293,R20,25732.0
293,R21,858.0
293,R22,322.0
293,R23,1030.0
293,R24,450.0
293,R25,1286.0
293,R26,314.0
293,R27,17.0
293,R28,20.0
293,R29,314.0
293,R30,603.0
293,R31,11.0
293,R32,13.0
293,R33,40.0
293,R34,188.0
293,R35,20.0
293,R36,17.0
293,R37,0.0
293,R38,18.0
293,R39,2573164.0
293,R40,1543899.0
293,R41,2467.0
293,R42,74012.0
293,R43,964937.0
293,R44,11.0
293,R45,294.0
293,R46,20.0
293,R47,438.0
293,R48,25732.0
293,R49,29604.0
293,R50,2315847.0
293,R51,707620.0
293,R52,257317.0
293,R53,12.0
293,R54,32164.0
293,R55,286.0
293,R56,612.0
294,R1,1907502.0
294,R2,667644.0
294,R3,572250.0
294,R4,152600.0
294,R5,9537510.0
294,R6,28612935.0
294,R7,3815004.0
294,R8,10500.0
294,R9,14012.0
294,R10,731210.0
294,R11,604042.0
294,R12,923.9200000000001
294,R13,621.92
294,R14,639.0
294,R15,84.0
294,R16,259.0
294,R17,19076.0
294,R18,25465.0
294,R19,158958.0
294,R20,12716.0
294,R21,423.0
294,R22,158.0
294,R23,512.0
294,R24,230.0
294,R25,645.0
294,R26,51.0
294,R27,2.0
294,R28,2.0
294,R29,128.0
294,R30,212.0
294,R31,5.0
294,R32,6.0
294,R33,0.0
294,R34,71.0
294,R35,7.0
294,R36,6.0
294,R37,0.0
294,R38,0.0
294,R39,1271668.0
294,R40,763000.0
294,R41,1166.0
294,R42,34997.0
294,R43,476876.0
294,R44,8.0
294,R45,128.0
294,R46,2.0
294,R47,212.0
294,R48,12760.0
294,R49,13998.0
294,R50,1144502.0
294,R51,349709.0
294,R52,127166.0
294,R53,4.0
294,R54,15896.0
294,R55,146.0
294,R56,289.0
295,R1,854004.0
295,R2,298902.0
295,R3,256202.0
295,R4,68320.0
295,R5,4270020.0
295,R6,12810060.0
295,R7,1708008.0
295,R8,4415.0
295,R9,5894.0
295,R10,327368.0
295,R11,270434.0
295,R12,5000.0
295,R13,3500.0
295,R14,284.0
295,R15,36.0
295,R16,117.0
295,R17,8540.0
295,R18,11386.0
295,R19,71168.0
295,R20,5694.0
295,R21,190.0
295,R22,71.0
295,R23,231.0
295,R24,105.0
295,R25,284.0
295,R26,61.0
295,R27,38.0
295,R28,0.0
295,R29,74.0
295,R30,94.0
295,R31,2.0
295,R32,2.0
295,R33,0.0
295,R34,28.0
295,R35,9.0
295,R36,6.0
295,R37,0.0
295,R38,0.0
295,R39,569336.0
295,R40,341602.0
295,R41,491.0
295,R42,14716.0
295,R43,213500.0
295,R44,34.0
295,R45,57.0
295,R46,0.0
295,R47,102.0
295,R48,5694.0
295,R49,5886.0
295,R50,512402.0
295,R51,156568.0
295,R52,56934.0
295,R53,2.0
295,R54,7116.0
295,R55,64.0
295,R56,130.0
296,R1,2300766.0
296,R2,805268.0
296,R3,690229.0
296,R4,184061.0
296,R5,11503830.0
296,R6,34511490.0
296,R7,4601532.0
296,R8,11684.0
296,R9,15577.0
296,R10,881960.0
296,R11,728576.0
296,R12,914.96
296,R13,617.52
296,R14,769.0
296,R15,96.0
296,R16,306.0
296,R17,23008.0
296,R18,30676.0
296,R19,191730.0
296,R20,15338.0
296,R21,512.0
296,R22,192.0
296,R23,613.0
296,R24,268.0
296,R25,766.0
296,R26,85.0
296,R27,3.0
296,R28,2.0
296,R29,190.0
296,R30,255.0
296,R31,6.0
296,R32,10.0
296,R33,0.0
296,R34,116.0
296,R35,3.0
296,R36,6.0
296,R37,0.0
296,R38,1.0
296,R39,1533844.0
296,R40,920306.0
296,R41,1298.0
296,R42,38958.0
296,R43,575192.0
296,R44,9.0
296,R45,170.0
296,R46,2.0
296,R47,255.0
296,R48,15338.0
296,R49,15577.0
296,R50,1380460.0
296,R51,421808.0
296,R52,153384.0
296,R53,14.0
296,R54,19174.0
296,R55,171.0
296,R56,349.0
297,R1,1553040.0
297,R2,543564.0
297,R3,465912.0
297,R4,124244.0
297,R5,7765200.0
297,R6,23295600.0
297,R7,3106080.0
297,R8,8436.0
297,R9,11263.0
297,R10,595419.0
297,R11,491796.0
297,R12,871.36
297,R13,1572.0
297,R14,521.0
297,R15,72.0
297,R16,212.0
297,R17,15531.0
297,R18,21091.0
297,R19,129420.0
297,R20,10354.0
297,R21,346.0
297,R22,129.0
297,R23,419.0
297,R24,191.0
297,R25,527.0
297,R26,66.0
297,R27,38.0
297,R28,1.0
297,R29,104.0
297,R30,172.0
297,R31,4.0
297,R32,5.0
297,R33,0.0
297,R34,61.0
297,R35,11.0
297,R36,4.0
297,R37,0.0
297,R38,0.0
297,R39,1035360.0
297,R40,621216.0
297,R41,938.0
297,R42,28124.0
297,R43,388260.0
297,R44,35.0
297,R45,104.0
297,R46,4.0
297,R47,172.0
297,R48,10399.0
297,R49,11249.0
297,R50,931824.0
297,R51,284724.0
297,R52,103536.0
297,R53,2.0
297,R54,12942.0
297,R55,121.0
297,R56,235.0
298,R1,4955532.0
298,R2,1734436.0
298,R3,1486660.0
298,R4,396442.0
298,R5,24777660.0
298,R6,74332980.0
298,R7,9911064.0
298,R8,29528.0
298,R9,39371.0
298,R10,1899620.0
298,R11,1569252.0
298,R12,1200.0
298,R13,840.0
298,R14,1651.0
298,R15,214.0
298,R16,661.0
298,R17,49555.0
298,R18,66074.0
298,R19,412960.0
298,R20,33037.0
298,R21,1101.0
298,R22,413.0
298,R23,1322.0
298,R24,583.0
298,R25,1651.0
298,R26,156.0
298,R27,14.0
298,R28,14.0
298,R29,349.0
298,R30,550.0
298,R31,14.0
298,R32,17.0
298,R33,2.0
298,R34,177.0
298,R35,14.0
298,R36,20.0
298,R37,0.0
298,R38,4.0
298,R39,3303688.0
298,R40,1982212.0
298,R41,3281.0
298,R42,98428.0
298,R43,1238884.0
298,R44,24.0
298,R45,330.0
298,R46,8.0
298,R47,560.0
298,R48,33037.0
298,R49,39371.0
298,R50,2973320.0
298,R51,908515.0
298,R52,330368.0
298,R53,17.0
298,R54,41296.0
298,R55,367.0
298,R56,751.0
299,R1,2370744.0
299,R2,829761.0
299,R3,711224.0
299,R4,189660.0
299,R5,11853720.0
299,R6,35561160.0
299,R7,4741488.0
299,R8,11886.0
299,R9,15846.0
299,R10,908785.0
299,R11,750735.0
299,R12,879.04
299,R13,599.52
299,R14,790.0
299,R15,107.0
299,R16,316.0
299,R17,23708.0
299,R18,31610.0
299,R19,197563.0
299,R20,15805.0
299,R21,526.0
299,R22,198.0
299,R23,632.0
299,R24,276.0
299,R25,790.0
299,R26,80.0
299,R27,19.0
299,R28,2.0
299,R29,206.0
299,R30,263.0
299,R31,6.0
299,R32,8.0
299,R33,0.0
299,R34,126.0
299,R35,3.0
299,R36,6.0
299,R37,50.0
299,R38,1.0
299,R39,1580496.0
299,R40,948298.0
299,R41,1320.0
299,R42,39617.0
299,R43,592685.0
299,R44,29.0
299,R45,190.0
299,R46,2.0
299,R47,269.0
299,R48,15805.0
299,R49,15846.0
299,R50,1422446.0
299,R51,434637.0
299,R52,158050.0
299,R53,15.0
299,R54,19756.0
299,R55,175.0
299,R56,360.0
3,R1,800997.0
3,R2,280487.0
3,R3,240449.0
3,R4,65152.0
3,R5,4005068.0
3,R6,12013830.0
3,R7,1601844.0
3,R8,3943.0
3,R9,5258.0
3,R10,307020.0
3,R11,253625.0
3,R12,5000.0
3,R13,3500.0
3,R14,267.0
3,R15,34.0
3,R16,106.0
3,R17,8009.0
3,R18,10679.0
3,R19,66744.0
3,R20,5339.0
3,R21,178.0
3,R22,66.0
3,R23,214.0
3,R24,94.0
3,R25,267.0
3,R26,22.0
3,R27,1.0
3,R28,0.0
3,R29,64.0
3,R30,88.0
3,R31,14.0
3,R32,12.0
3,R33,0.0
3,R34,27.0
3,R35,1.0
3,R36,1.0
3,R37,0.0
3,R38,0.0
3,R39,533948.0
3,R40,320368.0
3,R41,438.0
3,R42,13146.0
3,R43,200230.0
3,R44,2.0
3,R45,54.0
3,R46,0.0
3,R47,88.0
3,R48,5339.0
3,R49,5258.0
3,R50,480554.0
3,R51,146836.0
3,R52,53394.0
3,R53,12.0
3,R54,6674.0
3,R55,60.0
3,R56,122.0
30,R1,2291736.0
30,R2,802107.0
30,R3,687520.0
30,R4,183338.0
30,R5,11458680.0
30,R6,34376040.0
30,R7,4583472.0
30,R8,14488.0
30,R9,19316.0
30,R10,878498.0
30,R11,725717.0
30,R12,892.4
30,R13,606.16
30,R14,764.0
30,R15,110.0
30,R16,306.0
30,R17,22918.0
30,R18,30556.0
30,R19,190978.0
30,R20,15279.0
30,R21,510.0
30,R22,190.0
30,R23,611.0
30,R24,268.0
30,R25,764.0
30,R26,75.0
30,R27,3.0
30,R28,2.0
30,R29,152.0
30,R30,254.0
30,R31,22.0
30,R32,8.0
30,R33,0.0
30,R34,94.0
30,R35,3.0
30,R36,4.0
30,R37,0.0
30,R38,1.0
30,R39,1527824.0
30,R40,916694.0
30,R41,1610.0
30,R42,48292.0
30,R43,572934.0
30,R44,6.0
30,R45,152.0
30,R46,4.0
30,R47,254.0
30,R48,15279.0
30,R49,19316.0
30,R50,1375042.0
30,R51,420152.0
30,R52,152782.0
30,R53,8.0
30,R54,19098.0
30,R55,170.0
30,R56,347.0
300,R1,5322852.0
300,R2,1862998.0
300,R3,1596856.0
300,R4,425828.0
300,R5,26614260.0
300,R6,79842780.0
300,R7,10645704.0
300,R8,32594.0
300,R9,43460.0
300,R10,2040426.0
300,R11,1685570.0
300,R12,987.52
300,R13,653.76
300,R14,1774.0
300,R15,222.0
300,R16,710.0
300,R17,53228.0
300,R18,70972.0
300,R19,443571.0
300,R20,35486.0
300,R21,1183.0
300,R22,444.0
300,R23,1420.0
300,R24,620.0
300,R25,1774.0
300,R26,142.0
300,R27,44.0
300,R28,20.0
300,R29,365.0
300,R30,591.0
300,R31,118.0
300,R32,18.0
300,R33,17.0
300,R34,177.0
300,R35,67.0
300,R36,10.0
300,R37,0.0
300,R38,2.0
300,R39,3548568.0
300,R40,2129140.0
300,R41,3622.0
300,R42,108649.0
300,R43,1330713.0
300,R44,14.0
300,R45,354.0
300,R46,10.0
300,R47,607.0
300,R48,35486.0
300,R49,43460.0
300,R50,3193712.0
300,R51,975857.0
300,R52,354856.0
300,R53,10.0
300,R54,44358.0
300,R55,394.0
300,R56,806.0
301,R1,11695548.0
301,R2,4093442.0
301,R3,3508664.0
301,R4,935644.0
301,R5,58477740.0
301,R6,175433220.0
301,R7,23391096.0
301,R8,74642.0
301,R9,99697.0
301,R10,4483294.0
301,R11,3703590.0
301,R12,1200.0
301,R13,840.0
301,R14,3899.0
301,R15,503.0
301,R16,1559.0
301,R17,116956.0
301,R18,155940.0
301,R19,974628.0
301,R20,77970.0
301,R21,2750.0
301,R22,974.0
301,R23,3118.0
301,R24,1364.0
301,R25,3899.0
301,R26,336.0
301,R27,100.0
301,R28,7.0
301,R29,780.0
301,R30,1316.0
301,R31,173.0
301,R32,38.0
301,R33,4.0
301,R34,390.0
301,R35,81.0
301,R36,34.0
301,R37,2.0
301,R38,35.0
301,R39,7797032.0
301,R40,4678219.0
301,R41,8294.0
301,R42,248804.0
301,R43,2924453.0
301,R44,145.0
301,R45,921.0
301,R46,24.0
301,R47,1300.0
301,R48,78441.0
301,R49,99522.0
301,R50,7017329.0
301,R51,2144184.0
301,R52,779703.0
301,R53,22.0
301,R54,97463.0
301,R55,914.0
301,R56,1772.0
302,R1,6049098.0
302,R2,2117184.0
302,R3,1814730.0
302,R4,483928.0
302,R5,30245490.0
302,R6,90736470.0
302,R7,12098196.0
302,R8,35722.0
302,R9,47628.0
302,R10,2318820.0
302,R11,1915548.0
302,R12,1200.0
302,R13,787.6
302,R14,2016.0
302,R15,324.0
302,R16,806.0
302,R17,60491.0
302,R18,80654.0
302,R19,504092.0
302,R20,40327.0
302,R21,1344.0
302,R22,505.0
302,R23,1613.0
302,R24,706.0
302,R25,2016.0
302,R26,220.0
302,R27,32.0
302,R28,40.0
302,R29,530.0
302,R30,672.0
302,R31,16.0
302,R32,20.0
302,R33,2.0
302,R34,306.0
302,R35,48.0
302,R36,25.0
302,R37,0.0
302,R38,4.0
302,R39,4032732.0
302,R40,2419639.0
302,R41,3970.0
302,R42,119072.0
302,R43,1512274.0
302,R44,16.0
302,R45,484.0
302,R46,10.0
302,R47,693.0
302,R48,40327.0
302,R49,47628.0
302,R50,3629459.0
302,R51,1109002.0
302,R52,403273.0
302,R53,24.0
302,R54,50410.0
302,R55,448.0
302,R56,917.0
303,R1,10161732.0
303,R2,3556606.0
303,R3,3048520.0
303,R4,812939.0
303,R5,50808660.0
303,R6,152425980.0
303,R7,20323464.0
303,R8,60828.0
303,R9,81102.0
303,R10,3895330.0
303,R11,3217882.0
303,R12,1200.0
303,R13,812.0
303,R14,3387.0
303,R15,439.0
303,R16,1355.0
303,R17,101618.0
303,R18,135490.0
303,R19,846811.0
303,R20,67744.0
303,R21,2258.0
303,R22,847.0
303,R23,2710.0
303,R24,1186.0
303,R25,3387.0
303,R26,315.0
303,R27,94.0
303,R28,30.0
303,R29,677.0
303,R30,1153.0
303,R31,132.0
303,R32,33.0
303,R33,4.0
303,R34,339.0
303,R35,82.0
303,R36,19.0
303,R37,2.0
303,R38,4.0
303,R39,6774488.0
303,R40,4064693.0
303,R41,6758.0
303,R42,202757.0
303,R43,2540433.0
303,R44,108.0
303,R45,677.0
303,R46,9.0
303,R47,1161.0
303,R48,67744.0
303,R49,81102.0
303,R50,6097039.0
303,R51,1862984.0
303,R52,677449.0
303,R53,19.0
303,R54,84682.0
303,R55,753.0
303,R56,1540.0
304,R1,5744538.0
304,R2,2010588.0
304,R3,1723361.0
304,R4,459564.0
304,R5,28722690.0
304,R6,86168070.0
304,R7,11489076.0
304,R8,33228.0
304,R9,44386.0
304,R10,2202073.0
304,R11,1819104.0
304,R12,1058.48
304,R13,689.28
304,R14,1914.0
304,R15,316.0
304,R16,766.0
304,R17,57446.0
304,R18,76594.0
304,R19,478711.0
304,R20,38296.0
304,R21,1353.0
304,R22,478.0
304,R23,1532.0
304,R24,670.0
304,R25,1914.0
304,R26,174.0
304,R27,92.0
304,R28,36.0
304,R29,451.0
304,R30,662.0
304,R31,16.0
304,R32,20.0
304,R33,4.0
304,R34,263.0
304,R35,49.0
304,R36,17.0
304,R37,0.0
304,R38,14.0
304,R39,3829692.0
304,R40,2297816.0
304,R41,3692.0
304,R42,110762.0
304,R43,1436426.0
304,R44,84.0
304,R45,503.0
304,R46,12.0
304,R47,638.0
304,R48,38539.0
304,R49,44304.0
304,R50,3446722.0
304,R51,1053166.0
304,R52,382970.0
304,R53,10.0
304,R54,47871.0
304,R55,450.0
304,R56,870.0
305,R1,16942608.0
305,R2,5929913.0
305,R3,5082783.0
305,R4,1355408.0
305,R5,84713040.0
305,R6,254139120.0
305,R7,33885216.0
305,R8,100682.0
305,R9,134242.0
305,R10,6494666.0
305,R11,5365159.0
305,R12,1200.0
305,R13,840.0
305,R14,5648.0
305,R15,776.0
305,R16,2260.0
305,R17,169426.0
305,R18,225901.0
305,R19,1411884.0
305,R20,112951.0
305,R21,3765.0
305,R22,1412.0
305,R23,4518.0
305,R24,1976.0
305,R25,5648.0
305,R26,488.0
305,R27,154.0
305,R28,64.0
305,R29,1130.0
305,R30,1906.0
305,R31,47.0
305,R32,57.0
305,R33,7.0
305,R34,564.0
305,R35,45.0
305,R36,32.0
305,R37,2.0
305,R38,35.0
305,R39,11295072.0
305,R40,6777044.0
305,R41,11186.0
305,R42,335604.0
305,R43,4235652.0
305,R44,119.0
305,R45,1130.0
305,R46,16.0
305,R47,1882.0
305,R48,112951.0
305,R49,134242.0
305,R50,10165564.0
305,R51,3106145.0
305,R52,1129508.0
305,R53,32.0
305,R54,141188.0
305,R55,1255.0
305,R56,2568.0
306,R1,11544660.0
306,R2,4040631.0
306,R3,3463397.0
306,R4,923573.0
306,R5,57723300.0
306,R6,173169900.0
306,R7,23089320.0
306,R8,70725.0
306,R9,94301.0
306,R10,4425453.0
306,R11,3655809.0
306,R12,1200.0
306,R13,840.0
306,R14,3848.0
306,R15,558.0
306,R16,1540.0
306,R17,115446.0
306,R18,153929.0
306,R19,962055.0
306,R20,76964.0
306,R21,2566.0
306,R22,962.0
306,R23,3078.0
306,R24,1347.0
306,R25,3848.0
306,R26,382.0
306,R27,124.0
306,R28,84.0
306,R29,862.0
306,R30,1306.0
306,R31,164.0
306,R32,39.0
306,R33,4.0
306,R34,456.0
306,R35,156.0
306,R36,28.0
306,R37,12.0
306,R38,30.0
306,R39,7696440.0
306,R40,4617864.0
306,R41,7858.0
306,R42,235752.0
306,R43,2886165.0
306,R44,136.0
306,R45,830.0
306,R46,20.0
306,R47,1307.0
306,R48,76964.0
306,R49,94301.0
306,R50,6926796.0
306,R51,2116521.0
306,R52,769644.0
306,R53,47.0
306,R54,96206.0
306,R55,861.0
306,R56,1750.0
307,R1,6252822.0
307,R2,2188488.0
307,R3,1875847.0
307,R4,500226.0
307,R5,31264110.0
307,R6,93792330.0
307,R7,12505644.0
307,R8,36775.0
307,R9,49145.0
307,R10,2396916.0
307,R11,1980060.0
307,R12,1137.84
307,R13,728.96
307,R14,2084.0
307,R15,332.0
307,R16,834.0
307,R17,62528.0
307,R18,83370.0
307,R19,521068.0
307,R20,41686.0
307,R21,1493.0
307,R22,534.0
307,R23,1668.0
307,R24,730.0
307,R25,2084.0
307,R26,222.0
307,R27,66.0
307,R28,40.0
307,R29,559.0
307,R30,694.0
307,R31,106.0
307,R32,21.0
307,R33,4.0
307,R34,300.0
307,R35,84.0
307,R36,12.0
307,R37,0.0
307,R38,2.0
307,R39,4169166.0
307,R40,2501129.0
307,R41,4086.0
307,R42,122584.0
307,R43,1563596.0
307,R44,18.0
307,R45,577.0
307,R46,24.0
307,R47,756.0
307,R48,42011.0
307,R49,49034.0
307,R50,3751693.0
307,R51,1146350.0
307,R52,416855.0
307,R53,24.0
307,R54,52106.0
307,R55,496.0
307,R56,948.0
308,R1,4116798.0
308,R2,1440879.0
308,R3,1235039.0
308,R4,329344.0
308,R5,20583990.0
308,R6,61751970.0
308,R7,8233596.0
308,R8,23376.0
308,R9,31169.0
308,R10,1578106.0
308,R11,1303653.0
308,R12,963.6800000000001
308,R13,641.84
308,R14,1372.0
308,R15,260.0
308,R16,548.0
308,R17,41168.0
308,R18,54890.0
308,R19,343066.0
308,R20,27446.0
308,R21,914.0
308,R22,343.0
308,R23,1098.0
308,R24,480.0
308,R25,1372.0
308,R26,150.0
308,R27,66.0
308,R28,18.0
308,R29,343.0
308,R30,474.0
308,R31,11.0
308,R32,13.0
308,R33,2.0
308,R34,202.0
308,R35,40.0
308,R36,16.0
308,R37,0.0
308,R38,12.0
308,R39,2744532.0
308,R40,1646720.0
308,R41,2597.0
308,R42,77921.0
308,R43,1029200.0
308,R44,59.0
308,R45,347.0
308,R46,4.0
308,R47,458.0
308,R48,27446.0
308,R49,31169.0
308,R50,2470078.0
308,R51,754746.0
308,R52,274454.0
308,R53,8.0
308,R54,34306.0
308,R55,305.0
308,R56,624.0
309,R1,7967574.0
309,R2,2788650.0
309,R3,2390272.0
309,R4,637406.0
309,R5,39837870.0
309,R6,119513610.0
309,R7,15935148.0
309,R8,48348.0
309,R9,64464.0
309,R10,3054236.0
309,R11,2523066.0
309,R12,1200.0
309,R13,840.0
309,R14,2656.0
309,R15,332.0
309,R16,1062.0
309,R17,79676.0
309,R18,106234.0
309,R19,663964.0
309,R20,53118.0
309,R21,1770.0
309,R22,664.0
309,R23,2125.0
309,R24,930.0
309,R25,2656.0
309,R26,212.0
309,R27,54.0
309,R28,30.0
309,R29,532.0
309,R30,885.0
309,R31,22.0
309,R32,27.0
309,R33,3.0
309,R34,265.0
309,R35,20.0
309,R36,14.0
309,R37,1.0
309,R38,3.0
309,R39,5311716.0
309,R40,3187030.0
309,R41,5372.0
309,R42,161158.0
309,R43,1991894.0
309,R44,22.0
309,R45,532.0
309,R46,8.0
309,R47,885.0
309,R48,53118.0
309,R49,64464.0
309,R50,4780544.0
309,R51,1460722.0
309,R52,531172.0
309,R53,14.0
309,R54,66397.0
309,R55,590.0
309,R56,1207.0
31,R1,3481920.0
31,R2,1218672.0
31,R3,1044576.0
31,R4,278554.0
31,R5,17409600.0
31,R6,52228800.0
31,R7,6963840.0
31,R8,22036.0
31,R9,29382.0
31,R10,1334736.0
31,R11,1102608.0
31,R12,1200.0
31,R13,767.36
31,R14,1160.0
31,R15,163.0
31,R16,464.0
31,R17,34819.0
31,R18,46426.0
31,R19,290160.0
31,R20,23212.0
31,R21,774.0
31,R22,293.0
31,R23,929.0
31,R24,410.0
31,R25,1160.0
31,R26,121.0
31,R27,468.0
31,R28,4.0
31,R29,273.0
31,R30,422.0
31,R31,30.0
31,R32,12.0
31,R33,6.0
31,R34,137.0
31,R35,4.0
31,R36,7.0
31,R37,0.0
31,R38,4.0
31,R39,2321280.0
31,R40,1392768.0
31,R41,2448.0
31,R42,73455.0
31,R43,870480.0
31,R44,10.0
31,R45,263.0
31,R46,9.0
31,R47,408.0
31,R48,23212.0
31,R49,29382.0
31,R50,2089152.0
31,R51,638352.0
31,R52,232128.0
31,R53,21.0
31,R54,29016.0
31,R55,264.0
31,R56,542.0
310,R1,7958010.0
310,R2,2785303.0
310,R3,2387403.0
310,R4,636640.0
310,R5,39790050.0
310,R6,119370150.0
310,R7,15916020.0
310,R8,49836.0
310,R9,66568.0
310,R10,3050571.0
310,R11,2520037.0
310,R12,1200.0
310,R13,840.0
310,R14,2653.0
310,R15,355.0
310,R16,1061.0
310,R17,79580.0
310,R18,106106.0
310,R19,663167.0
310,R20,53054.0
310,R21,1873.0
310,R22,664.0
310,R23,2122.0
310,R24,928.0
310,R25,2653.0
310,R26,228.0
310,R27,104.0
310,R28,25.0
310,R29,538.0
310,R30,908.0
310,R31,114.0
310,R32,26.0
310,R33,6.0
310,R34,265.0
310,R35,62.0
310,R36,14.0
310,R37,1.0
310,R38,18.0
310,R39,5305340.0
310,R40,3183204.0
310,R41,5538.0
310,R42,166120.0
310,R43,1989898.0
310,R44,114.0
310,R45,638.0
310,R46,27.0
310,R47,884.0
310,R48,53384.0
310,R49,66448.0
310,R50,4774806.0
310,R51,1458969.0
310,R52,530534.0
310,R53,14.0
310,R54,66316.0
310,R55,623.0
310,R56,1206.0
311,R1,6906300.0
311,R2,2417205.0
311,R3,2071890.0
311,R4,552504.0
311,R5,34531500.0
311,R6,103594500.0
311,R7,13812600.0
311,R8,44706.0
311,R9,59741.0
311,R10,2647415.0
311,R11,2186995.0
311,R12,1200.0
311,R13,769.84
311,R14,2302.0
311,R15,312.0
311,R16,925.0
311,R17,69064.0
311,R18,92084.0
311,R19,575524.0
311,R20,46042.0
311,R21,1646.0
311,R22,576.0
311,R23,1842.0
311,R24,806.0
311,R25,2302.0
311,R26,228.0
311,R27,94.0
311,R28,20.0
311,R29,460.0
311,R30,792.0
311,R31,20.0
311,R32,23.0
311,R33,2.0
311,R34,230.0
311,R35,17.0
311,R36,13.0
311,R37,0.0
311,R38,18.0
311,R39,4604200.0
311,R40,2762520.0
311,R41,4967.0
311,R42,149020.0
311,R43,1726999.0
311,R44,88.0
311,R45,565.0
311,R46,12.0
311,R47,768.0
311,R48,46395.0
311,R49,59608.0
311,R50,4143780.0
311,R51,1266156.0
311,R52,460420.0
311,R53,13.0
311,R54,57552.0
311,R55,547.0
311,R56,1046.0
312,R1,6553536.0
312,R2,2293738.0
312,R3,1966061.0
312,R4,524282.0
312,R5,32767680.0
312,R6,98303040.0
312,R7,13107072.0
312,R8,42528.0
312,R9,56702.0
312,R10,2512188.0
312,R11,2075286.0
312,R12,1200.0
312,R13,840.0
312,R14,2185.0
312,R15,463.0
312,R16,874.0
312,R17,65536.0
312,R18,87380.0
312,R19,546128.0
312,R20,43690.0
312,R21,1512.0
312,R22,560.0
312,R23,1747.0
312,R24,848.0
312,R25,2185.0
312,R26,525.0
312,R27,56.0
312,R28,20.0
312,R29,445.0
312,R30,904.0
312,R31,122.0
312,R32,22.0
312,R33,20.0
312,R34,238.0
312,R35,67.0
312,R36,12.0
312,R37,0.0
312,R38,40.0
312,R39,4369024.0
312,R40,2621414.0
312,R41,4725.0
312,R42,141758.0
312,R43,1638384.0
312,R44,144.0
312,R45,436.0
312,R46,54.0
312,R47,737.0
312,R48,43690.0
312,R49,56702.0
312,R50,3932122.0
312,R51,1201482.0
312,R52,436902.0
312,R53,12.0
312,R54,54612.0
312,R55,486.0
312,R56,1111.0
313,R1,6401328.0
313,R2,2240465.0
313,R3,1920398.0
313,R4,512106.0
313,R5,32006640.0
313,R6,96019920.0
313,R7,12802656.0
313,R8,40895.0
313,R9,54527.0
313,R10,2453842.0
313,R11,2027087.0
313,R12,1157.3600000000001
313,R13,738.72
313,R14,2134.0
313,R15,326.0
313,R16,854.0
313,R17,64014.0
313,R18,85351.0
313,R19,533444.0
313,R20,42676.0
313,R21,1422.0
313,R22,533.0
313,R23,1707.0
313,R24,746.0
313,R25,2134.0
313,R26,171.0
313,R27,8.0
313,R28,20.0
313,R29,495.0
313,R30,712.0
313,R31,18.0
313,R32,22.0
313,R33,2.0
313,R34,298.0
313,R35,88.0
313,R36,114.0
313,R37,0.0
313,R38,2.0
313,R39,4267552.0
313,R40,2560531.0
313,R41,4544.0
313,R42,136318.0
313,R43,1600332.0
313,R44,18.0
313,R45,505.0
313,R46,6.0
313,R47,712.0
313,R48,42676.0
313,R49,54527.0
313,R50,3840797.0
313,R51,1173577.0
313,R52,426755.0
313,R53,12.0
313,R54,53344.0
313,R55,474.0
313,R56,1000.0
314,R1,5737878.0
314,R2,2008257.0
314,R3,1721363.0
314,R4,459030.0
314,R5,28689390.0
314,R6,86068170.0
314,R7,11475756.0
314,R8,31976.0
314,R9,42725.0
314,R10,2199520.0
314,R11,1816995.0
314,R12,1179.04
314,R13,749.52
314,R14,1912.0
314,R15,549.0
314,R16,765.0
314,R17,57378.0
314,R18,76506.0
314,R19,478157.0
314,R20,38252.0
314,R21,1418.0
314,R22,506.0
314,R23,1530.0
314,R24,768.0
314,R25,1912.0
314,R26,557.0
314,R27,78.0
314,R28,36.0
314,R29,447.0
314,R30,911.0
314,R31,16.0
314,R32,19.0
314,R33,16.0
314,R34,279.0
314,R35,45.0
314,R36,11.0
314,R37,0.0
314,R38,26.0
314,R39,3825252.0
314,R40,2295151.0
314,R41,3553.0
314,R42,106588.0
314,R43,1434797.0
314,R44,245.0
314,R45,539.0
314,R46,141.0
314,R47,638.0
314,R48,38526.0
314,R49,42636.0
314,R50,3442727.0
314,R51,1051944.0
314,R52,382525.0
314,R53,11.0
314,R54,47816.0
314,R55,453.0
314,R56,974.0
315,R1,1284612.0
315,R2,449614.0
315,R3,385384.0
315,R4,102768.0
315,R5,6423060.0
315,R6,19269180.0
315,R7,2569224.0
315,R8,7606.0
315,R9,10141.0
315,R10,492434.0
315,R11,406794.0
315,R12,1007.44
315,R13,2775.0
315,R14,428.0
315,R15,54.0
315,R16,172.0
315,R17,12846.0
315,R18,17129.0
315,R19,107051.0
315,R20,8564.0
315,R21,286.0
315,R22,108.0
315,R23,342.0
315,R24,150.0
315,R25,428.0
315,R26,34.0
315,R27,10.0
315,R28,0.0
315,R29,85.0
315,R30,143.0
315,R31,4.0
315,R32,5.0
315,R33,0.0
315,R34,42.0
315,R35,8.0
315,R36,4.0
315,R37,0.0
315,R38,0.0
315,R39,856408.0
315,R40,513845.0
315,R41,846.0
315,R42,25352.0
315,R43,321153.0
315,R44,4.0
315,R45,85.0
315,R46,1.0
315,R47,143.0
315,R48,8564.0
315,R49,10141.0
315,R50,770767.0
315,R51,235512.0
315,R52,85641.0
315,R53,2.0
315,R54,10705.0
315,R55,96.0
315,R56,194.0
316,R1,10419702.0
316,R2,3646896.0
316,R3,3125911.0
316,R4,833576.0
316,R5,52098510.0
316,R6,156295530.0
316,R7,20839404.0
316,R8,68392.0
316,R9,91190.0
316,R10,3994220.0
316,R11,3299572.0
316,R12,1200.0
316,R13,840.0
316,R14,3473.0
316,R15,514.0
316,R16,1389.0
316,R17,104198.0
316,R18,138930.0
316,R19,868308.0
316,R20,69464.0
316,R21,2315.0
316,R22,868.0
316,R23,2778.0
316,R24,1215.0
316,R25,3473.0
316,R26,322.0
316,R27,119.0
316,R28,55.0
316,R29,775.0
316,R30,1178.0
316,R31,149.0
316,R32,34.0
316,R33,8.0
316,R34,448.0
316,R35,118.0
316,R36,20.0
316,R37,10.0
316,R38,36.0
316,R39,6946468.0
316,R40,4167881.0
316,R41,7600.0
316,R42,227973.0
316,R43,2604926.0
316,R44,149.0
316,R45,774.0
316,R46,10.0
316,R47,1174.0
316,R48,69464.0
316,R49,91190.0
316,R50,6251821.0
316,R51,1910278.0
316,R52,694647.0
316,R53,20.0
316,R54,86831.0
316,R55,772.0
316,R56,1578.0
317,R1,7372116.0
317,R2,2580240.0
317,R3,2211634.0
317,R4,589770.0
317,R5,36860580.0
317,R6,110581740.0
317,R7,14744232.0
317,R8,44589.0
317,R9,59452.0
317,R10,2825978.0
317,R11,2334504.0
317,R12,1170.4
317,R13,745.2
317,R14,2458.0
317,R15,427.0
317,R16,983.0
317,R17,73722.0
317,R18,98294.0
317,R19,614343.0
317,R20,49148.0
317,R21,1638.0
317,R22,614.0
317,R23,1966.0
317,R24,874.0
317,R25,2458.0
317,R26,481.0
317,R27,75.0
317,R28,19.0
317,R29,521.0
317,R30,975.0
317,R31,88.0
317,R32,24.0
317,R33,27.0
317,R34,246.0
317,R35,56.0
317,R36,14.0
317,R37,0.0
317,R38,42.0
317,R39,4914744.0
317,R40,2948846.0
317,R41,4955.0
317,R42,148628.0
317,R43,1843029.0
317,R44,217.0
317,R45,492.0
317,R46,56.0
317,R47,832.0
317,R48,49148.0
317,R49,59452.0
317,R50,4423270.0
317,R51,1351554.0
317,R52,491474.0
317,R53,24.0
317,R54,61434.0
317,R55,546.0
317,R56,1145.0
318,R1,3955776.0
318,R2,1384522.0
318,R3,1186732.0
318,R4,316462.0
318,R5,19778880.0
318,R6,59336640.0
318,R7,7911552.0
318,R8,25803.0
318,R9,34404.0
318,R10,1516380.0
318,R11,1252662.0
318,R12,964.16
318,R13,642.08
318,R14,1318.0
318,R15,381.0
318,R16,527.0
318,R17,39558.0
318,R18,52744.0
318,R19,329648.0
318,R20,26372.0
318,R21,970.0
318,R22,400.0
318,R23,1055.0
318,R24,567.0
318,R25,1318.0
318,R26,464.0
318,R27,38.0
318,R28,12.0
318,R29,321.0
318,R30,664.0
318,R31,106.0
318,R32,13.0
318,R33,18.0
318,R34,132.0
318,R35,58.0
318,R36,7.0
318,R37,0.0
318,R38,123.0
318,R39,2637184.0
318,R40,1582310.0
318,R41,2874.0
318,R42,86010.0
318,R43,988944.0
318,R44,157.0
318,R45,264.0
318,R46,72.0
318,R47,495.0
318,R48,26372.0
318,R49,34404.0
318,R50,2373466.0
318,R51,725226.0
318,R52,263718.0
318,R53,14.0
318,R54,32965.0
318,R55,294.0
318,R56,740.0
319,R1,4432824.0
319,R2,1551488.0
319,R3,1329848.0
319,R4,354626.0
319,R5,22164120.0
319,R6,66492360.0
319,R7,8865648.0
319,R8,27004.0
319,R9,36004.0
319,R10,1699249.0
319,R11,1403728.0
319,R12,1198.8
319,R13,759.36
319,R14,1478.0
319,R15,185.0
319,R16,592.0
319,R17,44328.0
319,R18,59104.0
319,R19,369401.0
319,R20,29552.0
319,R21,985.0
319,R22,369.0
319,R23,1182.0
319,R24,517.0
319,R25,1478.0
319,R26,118.0
319,R27,26.0
319,R28,10.0
319,R29,296.0
319,R30,493.0
319,R31,12.0
319,R32,14.0
319,R33,2.0
319,R34,148.0
319,R35,15.0
319,R36,8.0
319,R37,0.0
319,R38,2.0
319,R39,2955216.0
319,R40,1773130.0
319,R41,3000.0
319,R42,90010.0
319,R43,1108207.0
319,R44,12.0
319,R45,296.0
319,R46,4.0
319,R47,493.0
319,R48,29552.0
319,R49,36004.0
319,R50,2659694.0
319,R51,812685.0
319,R52,295522.0
319,R53,8.0
319,R54,36940.0
319,R55,328.0
319,R56,672.0
32,R1,3179130.0
32,R2,1112695.0
32,R3,953739.0
32,R4,254331.0
32,R5,15895650.0
32,R6,47686950.0
32,R7,6358260.0
32,R8,17678.0
32,R9,23570.0
32,R10,1218667.0
32,R11,1006725.0
32,R12,1009.9200000000001
32,R13,664.96
32,R14,1060.0
32,R15,132.0
32,R16,424.0
32,R17,31792.0
32,R18,42389.0
32,R19,264927.0
32,R20,21194.0
32,R21,706.0
32,R22,264.0
32,R23,848.0
32,R24,370.0
32,R25,1060.0
32,R26,85.0
32,R27,8.0
32,R28,4.0
32,R29,239.0
32,R30,378.0
32,R31,16.0
32,R32,11.0
32,R33,16.0
32,R34,106.0
32,R35,28.0
32,R36,42.0
32,R37,0.0
32,R38,2.0
32,R39,2119420.0
32,R40,1271652.0
32,R41,1964.0
32,R42,58924.0
32,R43,794783.0
32,R44,8.0
32,R45,279.0
32,R46,6.0
32,R47,370.0
32,R48,21194.0
32,R49,23570.0
32,R50,1907478.0
32,R51,582841.0
32,R52,211942.0
32,R53,12.0
32,R54,26492.0
32,R55,236.0
32,R56,496.0
320,R1,2892972.0
320,R2,1012540.0
320,R3,867891.0
320,R4,231438.0
320,R5,14464860.0
320,R6,43394580.0
320,R7,5785944.0
320,R8,17531.0
320,R9,23375.0
320,R10,1108973.0
320,R11,916108.0
320,R12,921.12
320,R13,620.5600000000001
320,R14,964.0
320,R15,232.0
320,R16,386.0
320,R17,28971.0
320,R18,38636.0
320,R19,241080.0
320,R20,19286.0
320,R21,643.0
320,R22,260.0
320,R23,771.0
320,R24,365.0
320,R25,981.0
320,R26,301.0
320,R27,48.0
320,R28,10.0
320,R29,198.0
320,R30,462.0
320,R31,92.0
320,R32,9.0
320,R33,18.0
320,R34,115.0
320,R35,53.0
320,R36,8.0
320,R37,0.0
320,R38,24.0
320,R39,1928648.0
320,R40,1157188.0
320,R41,1948.0
320,R42,58437.0
320,R43,723244.0
320,R44,166.0
320,R45,218.0
320,R46,26.0
320,R47,322.0
320,R48,19286.0
320,R49,23375.0
320,R50,1735784.0
320,R51,530378.0
320,R52,193012.0
320,R53,5.0
320,R54,24141.0
320,R55,223.0
320,R56,480.0
321,R1,9105252.0
321,R2,3186838.0
321,R3,2731576.0
321,R4,728421.0
321,R5,45526260.0
321,R6,136578780.0
321,R7,18210504.0
321,R8,56000.0
321,R9,74755.0
321,R10,3490346.0
321,R11,2883330.0
321,R12,1200.0
321,R13,806.72
321,R14,3035.0
321,R15,380.0
321,R16,1214.0
321,R17,91052.0
321,R18,121404.0
321,R19,758771.0
321,R20,60702.0
321,R21,2102.0
321,R22,759.0
321,R23,2428.0
321,R24,1062.0
321,R25,3035.0
321,R26,242.0
321,R27,46.0
321,R28,22.0
321,R29,607.0
321,R30,1011.0
321,R31,89.0
321,R32,30.0
321,R33,4.0
321,R34,304.0
321,R35,53.0
321,R36,24.0
321,R37,2.0
321,R38,8.0
321,R39,6070637.0
321,R40,3642101.0
321,R41,6222.0
321,R42,186669.0
321,R43,2276609.0
321,R44,25.0
321,R45,682.0
321,R46,14.0
321,R47,1011.0
321,R48,60949.0
321,R49,74667.0
321,R50,5463151.0
321,R51,1669296.0
321,R52,607017.0
321,R53,17.0
321,R54,75878.0
321,R55,700.0
321,R56,1380.0
322,R1,7523628.0
322,R2,2633270.0
322,R3,2257088.0
322,R4,601890.0
322,R5,37618140.0
322,R6,112854420.0
322,R7,15047256.0
322,R8,52761.0
322,R9,70346.0
322,R10,2884058.0
322,R11,2382482.0
322,R12,1200.0
322,R13,840.0
322,R14,2508.0
322,R15,370.0
322,R16,1004.0
322,R17,75236.0
322,R18,100315.0
322,R19,626969.0
322,R20,50158.0
322,R21,1672.0
322,R22,626.0
322,R23,2007.0
322,R24,878.0
322,R25,2571.0
322,R26,200.0
322,R27,41.0
322,R28,25.0
322,R29,510.0
322,R30,836.0
322,R31,84.0
322,R32,25.0
322,R33,9.0
322,R34,251.0
322,R35,21.0
322,R36,34.0
322,R37,1.0
322,R38,6.0
322,R39,5015752.0
322,R40,3009451.0
322,R41,5862.0
322,R42,176013.0
322,R43,1880907.0
322,R44,42.0
322,R45,597.0
322,R46,16.0
322,R47,836.0
322,R48,50158.0
322,R49,70346.0
322,R50,4514177.0
322,R51,1379332.0
322,R52,501575.0
322,R53,14.0
322,R54,62815.0
322,R55,589.0
322,R56,1285.0
323,R1,4629834.0
323,R2,1620441.0
323,R3,1388950.0
323,R4,370386.0
323,R5,23149170.0
323,R6,69447510.0
323,R7,9259668.0
323,R8,27944.0
323,R9,37260.0
323,R10,1774769.0
323,R11,1466115.0
323,R12,1082.32
323,R13,701.2
323,R14,1544.0
323,R15,192.0
323,R16,618.0
323,R17,46298.0
323,R18,61731.0
323,R19,385819.0
323,R20,30866.0
323,R21,1028.0
323,R22,386.0
323,R23,1234.0
323,R24,540.0
323,R25,1544.0
323,R26,148.0
323,R27,54.0
323,R28,11.0
323,R29,313.0
323,R30,515.0
323,R31,13.0
323,R32,16.0
323,R33,10.0
323,R34,154.0
323,R35,13.0
323,R36,8.0
323,R37,0.0
323,R38,10.0
323,R39,3086556.0
323,R40,1851934.0
323,R41,3104.0
323,R42,93148.0
323,R43,1157459.0
323,R44,49.0
323,R45,309.0
323,R46,6.0
323,R47,515.0
323,R48,30866.0
323,R49,37260.0
323,R50,2777900.0
323,R51,848803.0
323,R52,308656.0
323,R53,8.0
323,R54,38582.0
323,R55,342.0
323,R56,702.0
324,R1,5700450.0
324,R2,1995158.0
324,R3,1710136.0
324,R4,456036.0
324,R5,28502250.0
324,R6,85506750.0
324,R7,11400900.0
324,R8,34506.0
324,R9,46008.0
324,R10,2185172.0
324,R11,1805142.0
324,R12,839.2
324,R13,579.6
324,R14,1900.0
324,R15,238.0
324,R16,760.0
324,R17,57004.0
324,R18,76006.0
324,R19,475037.0
324,R20,38004.0
324,R21,1266.0
324,R22,475.0
324,R23,1520.0
324,R24,665.0
324,R25,1900.0
324,R26,152.0
324,R27,45.0
324,R28,20.0
324,R29,388.0
324,R30,634.0
324,R31,124.0
324,R32,80.0
324,R33,4.0
324,R34,190.0
324,R35,74.0
324,R36,10.0
324,R37,0.0
324,R38,2.0
324,R39,3800300.0
324,R40,2280180.0
324,R41,3834.0
324,R42,115021.0
324,R43,1425113.0
324,R44,16.0
324,R45,380.0
324,R46,19.0
324,R47,634.0
324,R48,38004.0
324,R49,46008.0
324,R50,3420270.0
324,R51,1045082.0
324,R52,380030.0
324,R53,10.0
324,R54,47504.0
324,R55,422.0
324,R56,864.0
325,R1,5571000.0
325,R2,1949850.0
325,R3,1671300.0
325,R4,445680.0
325,R5,27855000.0
325,R6,83565000.0
325,R7,11142000.0
325,R8,33801.0
325,R9,45068.0
325,R10,2135550.0
325,R11,1764150.0
325,R12,998.88
325,R13,659.44
325,R14,1856.0
325,R15,477.0
325,R16,742.0
325,R17,55710.0
325,R18,74280.0
325,R19,464251.0
325,R20,37140.0
325,R21,1322.0
325,R22,520.0
325,R23,1485.0
325,R24,755.0
325,R25,1856.0
325,R26,519.0
325,R27,35.0
325,R28,20.0
325,R29,372.0
325,R30,822.0
325,R31,111.0
325,R32,19.0
325,R33,16.0
325,R34,186.0
325,R35,55.0
325,R36,10.0
325,R37,260.0
325,R38,20.0
325,R39,3714000.0
325,R40,2228400.0
325,R41,3756.0
325,R42,112670.0
325,R43,1392749.0
325,R44,204.0
325,R45,372.0
325,R46,208.0
325,R47,635.0
325,R48,37140.0
325,R49,45068.0
325,R50,3342600.0
325,R51,1021350.0
325,R52,371400.0
325,R53,10.0
325,R54,46424.0
325,R55,412.0
325,R56,935.0
326,R1,4990008.0
326,R2,1746503.0
326,R3,1497003.0
326,R4,399201.0
326,R5,24950040.0
326,R6,74850120.0
326,R7,9980016.0
326,R8,30369.0
326,R9,40492.0
326,R10,1912836.0
326,R11,1580169.0
326,R12,933.04
326,R13,626.48
326,R14,1664.0
326,R15,232.0
326,R16,666.0
326,R17,49900.0
326,R18,66534.0
326,R19,415835.0
326,R20,33266.0
326,R21,1108.0
326,R22,416.0
326,R23,1330.0
326,R24,582.0
326,R25,1664.0
326,R26,208.0
326,R27,78.0
326,R28,24.0
326,R29,376.0
326,R30,571.0
326,R31,14.0
326,R32,16.0
326,R33,4.0
326,R34,166.0
326,R35,36.0
326,R36,9.0
326,R37,0.0
326,R38,10.0
326,R39,3326672.0
326,R40,1996004.0
326,R41,3374.0
326,R42,101230.0
326,R43,1247501.0
326,R44,74.0
326,R45,333.0
326,R46,12.0
326,R47,574.0
326,R48,33266.0
326,R49,40492.0
326,R50,2994004.0
326,R51,914835.0
326,R52,332668.0
326,R53,29.0
326,R54,41583.0
326,R55,369.0
326,R56,756.0
327,R1,11080938.0
327,R2,3878328.0
327,R3,3324282.0
327,R4,886475.0
327,R5,55404690.0
327,R6,166214070.0
327,R7,22161876.0
327,R8,70422.0
327,R9,93896.0
327,R10,4247692.0
327,R11,3508964.0
327,R12,1200.0
327,R13,840.0
327,R14,3694.0
327,R15,462.0
327,R16,1481.0
327,R17,110810.0
327,R18,147746.0
327,R19,923412.0
327,R20,73872.0
327,R21,2462.0
327,R22,924.0
327,R23,2954.0
327,R24,1293.0
327,R25,3694.0
327,R26,296.0
327,R27,14.0
327,R28,7.0
327,R29,739.0
327,R30,1232.0
327,R31,142.0
327,R32,36.0
327,R33,4.0
327,R34,370.0
327,R35,62.0
327,R36,20.0
327,R37,1.0
327,R38,4.0
327,R39,7387292.0
327,R40,4432376.0
327,R41,7824.0
327,R42,234740.0
327,R43,2770234.0
327,R44,30.0
327,R45,739.0
327,R46,10.0
327,R47,1232.0
327,R48,73872.0
327,R49,93896.0
327,R50,6648562.0
327,R51,2031506.0
327,R52,738730.0
327,R53,20.0
327,R54,92342.0
327,R55,821.0
327,R56,1679.0
328,R1,23237076.0
328,R2,8132977.0
328,R3,6971123.0
328,R4,1858966.0
328,R5,116185380.0
328,R6,348556140.0
328,R7,46474152.0
328,R8,156298.0
328,R9,208398.0
328,R10,8907546.0
328,R11,7358407.0
328,R12,1200.0
328,R13,840.0
328,R14,7745.0
328,R15,1209.0
328,R16,3098.0
328,R17,232371.0
328,R18,309828.0
328,R19,1936424.0
328,R20,154914.0
328,R21,5248.0
328,R22,1964.0
328,R23,6196.0
328,R24,2794.0
328,R25,7745.0
328,R26,1441.0
328,R27,142.0
328,R28,32.0
328,R29,1665.0
328,R30,2899.0
328,R31,64.0
328,R32,78.0
328,R33,60.0
328,R34,1018.0
328,R35,68.0
328,R36,44.0
328,R37,6.0
328,R38,104.0
328,R39,15491384.0
328,R40,9294830.0
328,R41,17366.0
328,R42,520995.0
328,R43,5809268.0
328,R44,526.0
328,R45,1549.0
328,R46,154.0
328,R47,2605.0
328,R48,154914.0
328,R49,208398.0
328,R50,13942246.0
328,R51,4260130.0
328,R52,1549138.0
328,R53,81.0
328,R54,193642.0
328,R55,1846.0
328,R56,3618.0
329,R1,16914516.0
329,R2,5920081.0
329,R3,5074355.0
329,R4,1353161.0
329,R5,84572580.0
329,R6,253717740.0
329,R7,33829032.0
329,R8,119829.0
329,R9,159772.0
329,R10,6483898.0
329,R11,5356263.0
329,R12,1200.0
329,R13,840.0
329,R14,5638.0
329,R15,720.0
329,R16,2256.0
329,R17,169146.0
329,R18,225526.0
329,R19,1409543.0
329,R20,112764.0
329,R21,3758.0
329,R22,1409.0
329,R23,4511.0
329,R24,1973.0
329,R25,5638.0
329,R26,504.0
329,R27,98.0
329,R28,12.0
329,R29,1128.0
329,R30,1903.0
329,R31,46.0
329,R32,56.0
329,R33,7.0
329,R34,564.0
329,R35,41.0
329,R36,32.0
329,R37,2.0
329,R38,42.0
329,R39,11276344.0
329,R40,6765806.0
329,R41,13314.0
329,R42,399432.0
329,R43,4228629.0
329,R44,162.0
329,R45,1128.0
329,R46,16.0
329,R47,1879.0
329,R48,112764.0
329,R49,159772.0
329,R50,10148710.0
329,R51,3100995.0
329,R52,1127634.0
329,R53,32.0
329,R54,140954.0
329,R55,1252.0
329,R56,2568.0
33,R1,4884060.0
33,R2,1709421.0
33,R3,1465218.0
33,R4,390724.0
33,R5,24420300.0
33,R6,73260900.0
33,R7,9768120.0
33,R8,33186.0
33,R9,44246.0
33,R10,1872223.0
33,R11,1546619.0
33,R12,1200.0
33,R13,840.0
33,R14,1628.0
33,R15,234.0
33,R16,652.0
33,R17,48841.0
33,R18,65120.0
33,R19,407005.0
33,R20,32560.0
33,R21,1085.0
33,R22,407.0
33,R23,1302.0
33,R24,569.0
33,R25,1652.0
33,R26,158.0
33,R27,44.0
33,R28,5.0
33,R29,347.0
33,R30,621.0
33,R31,32.0
33,R32,34.0
33,R33,20.0
33,R34,176.0
33,R35,48.0
33,R36,51.0
33,R37,0.0
33,R38,6.0
33,R39,3256040.0
33,R40,1953624.0
33,R41,3688.0
33,R42,110671.0
33,R43,1221015.0
33,R44,32.0
33,R45,383.0
33,R46,11.0
33,R47,552.0
33,R48,32560.0
33,R49,44246.0
33,R50,2930436.0
33,R51,895486.0
33,R52,325604.0
33,R53,19.0
33,R54,40745.0
33,R55,375.0
33,R56,816.0
330,R1,18042804.0
330,R2,6314981.0
330,R3,5412841.0
330,R4,1443424.0
330,R5,90214020.0
330,R6,270642060.0
330,R7,36085608.0
330,R8,109021.0
330,R9,145362.0
330,R10,6916408.0
330,R11,5713555.0
330,R12,1200.0
330,R13,840.0
330,R14,6014.0
330,R15,752.0
330,R16,2408.0
330,R17,180428.0
330,R18,240570.0
330,R19,1503567.0
330,R20,120286.0
330,R21,4009.0
330,R22,1504.0
330,R23,4812.0
330,R24,2105.0
330,R25,6014.0
330,R26,482.0
330,R27,24.0
330,R28,12.0
330,R29,1202.0
330,R30,2005.0
330,R31,194.0
330,R32,60.0
330,R33,7.0
330,R34,601.0
330,R35,139.0
330,R36,34.0
330,R37,2.0
330,R38,8.0
330,R39,12028536.0
330,R40,7217122.0
330,R41,12114.0
330,R42,363404.0
330,R43,4510701.0
330,R44,50.0
330,R45,1202.0
330,R46,18.0
330,R47,2005.0
330,R48,120286.0
330,R49,145362.0
330,R50,10825682.0
330,R51,3307847.0
330,R52,1202854.0
330,R53,34.0
330,R54,150357.0
330,R55,1336.0
330,R56,2734.0
331,R1,10057656.0
331,R2,3520180.0
331,R3,3017297.0
331,R4,804612.0
331,R5,50288280.0
331,R6,150864840.0
331,R7,20115312.0
331,R8,71354.0
331,R9,95138.0
331,R10,3855434.0
331,R11,3184924.0
331,R12,1200.0
331,R13,840.0
331,R14,3352.0
331,R15,444.0
331,R16,1342.0
331,R17,100576.0
331,R18,134102.0
331,R19,838138.0
331,R20,67052.0
331,R21,2236.0
331,R22,838.0
331,R23,2682.0
331,R24,1174.0
331,R25,3354.0
331,R26,292.0
331,R27,62.0
331,R28,6.0
331,R29,679.0
331,R30,1146.0
331,R31,144.0
331,R32,33.0
331,R33,8.0
331,R34,336.0
331,R35,62.0
331,R36,18.0
331,R37,2.0
331,R38,20.0
331,R39,6705104.0
331,R40,4023062.0
331,R41,7928.0
331,R42,237843.0
331,R43,2514414.0
331,R44,104.0
331,R45,670.0
331,R46,20.0
331,R47,1134.0
331,R48,67052.0
331,R49,95138.0
331,R50,6034594.0
331,R51,1843904.0
331,R52,670510.0
331,R53,18.0
331,R54,83814.0
331,R55,746.0
331,R56,1560.0
332,R1,23933070.0
332,R2,8376574.0
332,R3,7179920.0
332,R4,1914645.0
332,R5,119665350.0
332,R6,358996050.0
332,R7,47866140.0
332,R8,152459.0
332,R9,203278.0
332,R10,9174344.0
332,R11,7578806.0
332,R12,1200.0
332,R13,840.0
332,R14,7978.0
332,R15,1228.0
332,R16,3192.0
332,R17,239331.0
332,R18,319107.0
332,R19,1994422.0
332,R20,159554.0
332,R21,5346.0
332,R22,1994.0
332,R23,6382.0
332,R24,2863.0
332,R25,7978.0
332,R26,1027.0
332,R27,143.0
332,R28,32.0
332,R29,1632.0
332,R30,2868.0
332,R31,120.0
332,R32,185.0
332,R33,60.0
332,R34,798.0
332,R35,172.0
332,R36,292.0
332,R37,6.0
332,R38,110.0
332,R39,15955380.0
332,R40,9573228.0
332,R41,16940.0
332,R42,508194.0
332,R43,5983268.0
332,R44,526.0
332,R45,1610.0
332,R46,162.0
332,R47,2678.0
332,R48,159554.0
332,R49,203278.0
332,R50,14359842.0
332,R51,4387730.0
332,R52,1595538.0
332,R53,86.0
332,R54,199443.0
332,R55,1772.0
332,R56,3748.0
333,R1,42622842.0
333,R2,14917995.0
333,R3,12786853.0
333,R4,3409828.0
333,R5,213114210.0
333,R6,639342630.0
333,R7,85245684.0
333,R8,282736.0
333,R9,376982.0
333,R10,16338756.0
333,R11,13497233.0
333,R12,1200.0
333,R13,840.0
333,R14,14208.0
333,R15,1800.0
333,R16,5683.0
333,R17,426228.0
333,R18,568305.0
333,R19,3551904.0
333,R20,284152.0
333,R21,9472.0
333,R22,2200.0
333,R23,11366.0
333,R24,4972.0
333,R25,14208.0
333,R26,1152.0
333,R27,161.0
333,R28,28.0
333,R29,2842.0
333,R30,4760.0
333,R31,119.0
333,R32,142.0
333,R33,18.0
333,R34,1420.0
333,R35,86.0
333,R36,79.0
333,R37,6.0
333,R38,99.0
333,R39,28415228.0
333,R40,17049136.0
333,R41,31416.0
333,R42,942456.0
333,R43,10655710.0
333,R44,227.0
333,R45,2842.0
333,R46,40.0
333,R47,4736.0
333,R48,284152.0
333,R49,376982.0
333,R50,25573706.0
333,R51,7814188.0
333,R52,2841522.0
333,R53,79.0
333,R54,355190.0
333,R55,3157.0
333,R56,6458.0
334,R1,21014424.0
334,R2,7355048.0
334,R3,6304327.0
334,R4,1681154.0
334,R5,105072120.0
334,R6,315216360.0
334,R7,42028848.0
334,R8,147222.0
334,R9,196296.0
334,R10,8055529.0
334,R11,6654568.0
334,R12,1200.0
334,R13,840.0
334,R14,7004.0
334,R15,892.0
334,R16,2802.0
334,R17,210144.0
334,R18,280192.0
334,R19,1751202.0
334,R20,140096.0
334,R21,4670.0
334,R22,1751.0
334,R23,5604.0
334,R24,2452.0
334,R25,7004.0
334,R26,596.0
334,R27,144.0
334,R28,14.0
334,R29,1414.0
334,R30,2359.0
334,R31,274.0
334,R32,70.0
334,R33,9.0
334,R34,700.0
334,R35,141.0
334,R36,71.0
334,R37,2.0
334,R38,50.0
334,R39,14009616.0
334,R40,8405770.0
334,R41,16358.0
334,R42,490740.0
334,R43,5253606.0
334,R44,166.0
334,R45,1401.0
334,R46,81.0
334,R47,2351.0
334,R48,140096.0
334,R49,196296.0
334,R50,12608654.0
334,R51,3852644.0
334,R52,1400962.0
334,R53,38.0
334,R54,175120.0
334,R55,1556.0
334,R56,3184.0
335,R1,46305378.0
335,R2,16206882.0
335,R3,13891614.0
335,R4,3704430.0
335,R5,231526890.0
335,R6,694580670.0
335,R7,92610756.0
335,R8,311566.0
335,R9,415422.0
335,R10,17750395.0
335,R11,14663370.0
335,R12,1200.0
335,R13,840.0
335,R14,15435.0
335,R15,1942.0
335,R16,6174.0
335,R17,463054.0
335,R18,617406.0
335,R19,3858782.0
335,R20,308702.0
335,R21,10290.0
335,R22,2200.0
335,R23,12348.0
335,R24,5402.0
335,R25,15435.0
335,R26,1282.0
335,R27,88.0
335,R28,52.0
335,R29,3132.0
335,R30,5160.0
335,R31,180.0
335,R32,228.0
335,R33,20.0
335,R34,1544.0
335,R35,117.0
335,R36,136.0
335,R37,12.0
335,R38,40.0
335,R39,30870252.0
335,R40,18522152.0
335,R41,34619.0
335,R42,1038556.0
335,R43,11576344.0
335,R44,129.0
335,R45,3103.0
335,R46,146.0
335,R47,5164.0
335,R48,308702.0
335,R49,415422.0
335,R50,27783226.0
335,R51,8489319.0
335,R52,3087026.0
335,R53,136.0
335,R54,385878.0
335,R55,3430.0
335,R56,7016.0
336,R1,31005600.0
336,R2,10851960.0
336,R3,9301680.0
336,R4,2480448.0
336,R5,155028000.0
336,R6,465084000.0
336,R7,62011200.0
336,R8,221810.0
336,R9,295748.0
336,R10,11885480.0
336,R11,9818440.0
336,R12,1200.0
336,R13,840.0
336,R14,10336.0
336,R15,1323.0
336,R16,4134.0
336,R17,310056.0
336,R18,413408.0
336,R19,2583800.0
336,R20,206704.0
336,R21,6890.0
336,R22,2200.0
336,R23,8268.0
336,R24,3618.0
336,R25,10336.0
336,R26,1123.0
336,R27,154.0
336,R28,20.0
336,R29,2068.0
336,R30,3485.0
336,R31,134.0
336,R32,156.0
336,R33,13.0
336,R34,1300.0
336,R35,73.0
336,R36,107.0
336,R37,4.0
336,R38,74.0
336,R39,20670400.0
336,R40,12402240.0
336,R41,24646.0
336,R42,739370.0
336,R43,7751400.0
336,R44,198.0
336,R45,2084.0
336,R46,61.0
336,R47,3446.0
336,R48,206704.0
336,R49,295748.0
336,R50,18603360.0
336,R51,5684360.0
336,R52,2067040.0
336,R53,58.0
336,R54,258380.0
336,R55,2432.0
336,R56,4698.0
337,R1,60058686.0
337,R2,21020540.0
337,R3,18017606.0
337,R4,4804695.0
337,R5,300293430.0
337,R6,900880290.0
337,R7,120117372.0
337,R8,422762.0
337,R9,563684.0
337,R10,23022496.0
337,R11,19018584.0
337,R12,1200.0
337,R13,840.0
337,R14,20020.0
337,R15,2519.0
337,R16,8020.0
337,R17,600587.0
337,R18,800782.0
337,R19,5004890.0
337,R20,400391.0
337,R21,14371.0
337,R22,1698.0
337,R23,16016.0
337,R24,7006.0
337,R25,20020.0
337,R26,1650.0
337,R27,148.0
337,R28,80.0
337,R29,4004.0
337,R30,6698.0
337,R31,351.0
337,R32,200.0
337,R33,25.0
337,R34,2002.0
337,R35,259.0
337,R36,112.0
337,R37,8.0
337,R38,103.0
337,R39,40039124.0
337,R40,24023474.0
337,R41,46973.0
337,R42,1410677.0
337,R43,15014672.0
337,R44,287.0
337,R45,4004.0
337,R46,57.0
337,R47,7590.0
337,R48,400391.0
337,R49,563684.0
337,R50,36035212.0
337,R51,11012709.0
337,R52,4003912.0
337,R53,112.0
337,R54,500489.0
337,R55,4449.0
337,R56,9100.0
338,R1,33114870.0
338,R2,11590204.0
338,R3,9934460.0
338,R4,2649190.0
338,R5,165574350.0
338,R6,496723050.0
338,R7,66229740.0
338,R8,231736.0
338,R9,308982.0
338,R10,12694034.0
338,R11,10486376.0
338,R12,1200.0
338,R13,840.0
338,R14,11038.0
338,R15,1388.0
338,R16,4415.0
338,R17,331148.0
338,R18,441532.0
338,R19,2759573.0
338,R20,220766.0
338,R21,7358.0
338,R22,2200.0
338,R23,8831.0
338,R24,3864.0
338,R25,11038.0
338,R26,919.0
338,R27,157.0
338,R28,22.0
338,R29,2208.0
338,R30,3707.0
338,R31,92.0
338,R32,110.0
338,R33,14.0
338,R34,1104.0
338,R35,73.0
338,R36,62.0
338,R37,4.0
338,R38,55.0
338,R39,22076580.0
338,R40,13245948.0
338,R41,25748.0
338,R42,772454.0
338,R43,8278717.0
338,R44,168.0
338,R45,2208.0
338,R46,32.0
338,R47,3679.0
338,R48,220766.0
338,R49,308982.0
338,R50,19868922.0
338,R51,6071059.0
338,R52,2207658.0
338,R53,62.0
338,R54,275957.0
338,R55,2452.0
338,R56,5017.0
339,R1,21580044.0
339,R2,7553016.0
339,R3,6474014.0
339,R4,1726404.0
339,R5,107900220.0
339,R6,323700660.0
339,R7,43160088.0
339,R8,138050.0
339,R9,184056.0
339,R10,8272350.0
339,R11,6833680.0
339,R12,1200.0
339,R13,840.0
339,R14,7194.0
339,R15,923.0
339,R16,2878.0
339,R17,215800.0
339,R18,287734.0
339,R19,1798336.0
339,R20,143866.0
339,R21,4796.0
339,R22,1798.0
339,R23,5755.0
339,R24,2518.0
339,R25,7194.0
339,R26,620.0
339,R27,164.0
339,R28,15.0
339,R29,1448.0
339,R30,2414.0
339,R31,195.0
339,R32,72.0
339,R33,8.0
339,R34,720.0
339,R35,174.0
339,R36,40.0
339,R37,2.0
339,R38,45.0
339,R39,14386696.0
339,R40,8632018.0
339,R41,15338.0
339,R42,460142.0
339,R43,5395012.0
339,R44,171.0
339,R45,1438.0
339,R46,31.0
339,R47,2422.0
339,R48,143866.0
339,R49,184056.0
339,R50,12948026.0
339,R51,3956342.0
339,R52,1438670.0
339,R53,40.0
339,R54,179834.0
339,R55,1599.0
339,R56,3270.0
34,R1,504726.0
34,R2,176654.0
34,R3,151418.0
34,R4,40378.0
34,R5,2523630.0
34,R6,7570890.0
34,R7,1009452.0
34,R8,3596.0
34,R9,4794.0
34,R10,193478.0
34,R11,159830.0
34,R12,5000.0
34,R13,3500.0
34,R14,168.0
34,R15,22.0
34,R16,68.0
34,R17,5048.0
34,R18,6730.0
34,R19,42060.0
34,R20,3364.0
34,R21,112.0
34,R22,42.0
34,R23,134.0
34,R24,58.0
34,R25,168.0
34,R26,14.0
34,R27,0.0
34,R28,0.0
34,R29,58.0
34,R30,77.0
34,R31,4.0
34,R32,2.0
34,R33,0.0
34,R34,16.0
34,R35,0.0
34,R36,0.0
34,R37,0.0
34,R38,0.0
34,R39,336484.0
34,R40,201890.0
34,R41,400.0
34,R42,11986.0
34,R43,126182.0
34,R44,2.0
34,R45,89.0
34,R46,0.0
34,R47,80.0
34,R48,3364.0
34,R49,4794.0
34,R50,302836.0
34,R51,92534.0
34,R52,33648.0
34,R53,0.0
34,R54,4206.0
34,R55,42.0
34,R56,86.0
340,R1,17580690.0
340,R2,6153242.0
340,R3,5274208.0
340,R4,1406455.0
340,R5,87903450.0
340,R6,263710350.0
340,R7,35161380.0
340,R8,102208.0
340,R9,136278.0
340,R10,6739264.0
340,R11,5567218.0
340,R12,1200.0
340,R13,840.0
340,R14,5860.0
340,R15,733.0
340,R16,2344.0
340,R17,175806.0
340,R18,234410.0
340,R19,1465057.0
340,R20,117204.0
340,R21,3907.0
340,R22,1465.0
340,R23,4688.0
340,R24,2052.0
340,R25,5860.0
340,R26,539.0
340,R27,23.0
340,R28,24.0
340,R29,1210.0
340,R30,1953.0
340,R31,48.0
340,R32,59.0
340,R33,7.0
340,R34,586.0
340,R35,66.0
340,R36,45.0
340,R37,4.0
340,R38,14.0
340,R39,11720460.0
340,R40,7032276.0
340,R41,11356.0
340,R42,340694.0
340,R43,4395173.0
340,R44,48.0
340,R45,1172.0
340,R46,32.0
340,R47,1972.0
340,R48,117204.0
340,R49,136278.0
340,R50,10548414.0
340,R51,3223127.0
340,R52,1172046.0
340,R53,65.0
340,R54,146506.0
340,R55,1302.0
340,R56,2674.0
341,R1,29100174.0
341,R2,10185060.0
341,R3,8730052.0
341,R4,2328014.0
341,R5,145500870.0
341,R6,436502610.0
341,R7,58200348.0
341,R8,191040.0
341,R9,254720.0
341,R10,11155067.0
341,R11,9215056.0
341,R12,1200.0
341,R13,840.0
341,R14,9700.0
341,R15,1352.0
341,R16,3880.0
341,R17,291002.0
341,R18,388002.0
341,R19,2425014.0
341,R20,194002.0
341,R21,6466.0
341,R22,2200.0
341,R23,7760.0
341,R24,3424.0
341,R25,9700.0
341,R26,1125.0
341,R27,180.0
341,R28,20.0
341,R29,1949.0
341,R30,3446.0
341,R31,281.0
341,R32,98.0
341,R33,72.0
341,R34,970.0
341,R35,190.0
341,R36,54.0
341,R37,4.0
341,R38,124.0
341,R39,19400116.0
341,R40,11640070.0
341,R41,21226.0
341,R42,636802.0
341,R43,7275044.0
341,R44,513.0
341,R45,1940.0
341,R46,51.0
341,R47,3234.0
341,R48,194002.0
341,R49,254720.0
341,R50,17460104.0
341,R51,5335032.0
341,R52,1940012.0
341,R53,54.0
341,R54,242502.0
341,R55,2156.0
341,R56,4493.0
342,R1,26980164.0
342,R2,9443058.0
342,R3,8094050.0
342,R4,2158414.0
342,R5,134900820.0
342,R6,404702460.0
342,R7,53960328.0
342,R8,184488.0
342,R9,245982.0
342,R10,10342396.0
342,R11,8543718.0
342,R12,800.0
342,R13,560.0
342,R14,8994.0
342,R15,1148.0
342,R16,3598.0
342,R17,269802.0
342,R18,359736.0
342,R19,2248348.0
342,R20,179868.0
342,R21,5996.0
342,R22,2200.0
342,R23,7194.0
342,R24,3148.0
342,R25,8994.0
342,R26,756.0
342,R27,136.0
342,R28,18.0
342,R29,1798.0
342,R30,3022.0
342,R31,74.0
342,R32,90.0
342,R33,12.0
342,R34,900.0
342,R35,64.0
342,R36,50.0
342,R37,4.0
342,R38,64.0
342,R39,17986776.0
342,R40,10792066.0
342,R41,20498.0
342,R42,614956.0
342,R43,6745040.0
342,R44,186.0
342,R45,1798.0
342,R46,26.0
342,R47,2998.0
342,R48,179868.0
342,R49,245982.0
342,R50,16188098.0
342,R51,4946364.0
342,R52,1798678.0
342,R53,50.0
342,R54,224834.0
342,R55,1998.0
342,R56,4088.0
343,R1,48971766.0
343,R2,17140118.0
343,R3,14691530.0
343,R4,3917742.0
343,R5,244858830.0
343,R6,734576490.0
343,R7,97943532.0
343,R8,320620.0
343,R9,427493.0
343,R10,18772510.0
343,R11,15507726.0
343,R12,1200.0
343,R13,840.0
343,R14,16324.0
343,R15,2244.0
343,R16,6530.0
343,R17,489718.0
343,R18,652957.0
343,R19,4080980.0
343,R20,326478.0
343,R21,10910.0
343,R22,2160.0
343,R23,13059.0
343,R24,5798.0
343,R25,16324.0
343,R26,1755.0
343,R27,87.0
343,R28,65.0
343,R29,3306.0
343,R30,5639.0
343,R31,352.0
343,R32,214.0
343,R33,126.0
343,R34,1632.0
343,R35,218.0
343,R36,120.0
343,R37,12.0
343,R38,127.0
343,R39,32647844.0
343,R40,19588707.0
343,R41,35625.0
343,R42,1068733.0
343,R43,12242942.0
343,R44,528.0
343,R45,3282.0
343,R46,152.0
343,R47,5460.0
343,R48,326478.0
343,R49,427493.0
343,R50,29383059.0
343,R51,8978157.0
343,R52,3264785.0
343,R53,138.0
343,R54,408098.0
343,R55,3628.0
343,R56,7518.0
344,R1,35480742.0
344,R2,12418260.0
344,R3,10644222.0
344,R4,2838460.0
344,R5,177403710.0
344,R6,532211130.0
344,R7,70961484.0
344,R8,234290.0
344,R9,312386.0
344,R10,13600952.0
344,R11,11235568.0
344,R12,1200.0
344,R13,840.0
344,R14,11827.0
344,R15,1505.0
344,R16,4730.0
344,R17,354808.0
344,R18,473076.0
344,R19,2956729.0
344,R20,236538.0
344,R21,7885.0
344,R22,2200.0
344,R23,9462.0
344,R24,4140.0
344,R25,11827.0
344,R26,946.0
344,R27,48.0
344,R28,23.0
344,R29,2366.0
344,R30,3961.0
344,R31,335.0
344,R32,171.0
344,R33,14.0
344,R34,1182.0
344,R35,418.0
344,R36,96.0
344,R37,4.0
344,R38,16.0
344,R39,23653828.0
344,R40,14192296.0
344,R41,26032.0
344,R42,780965.0
344,R43,8870185.0
344,R44,98.0
344,R45,2387.0
344,R46,64.0
344,R47,3974.0
344,R48,236538.0
344,R49,312386.0
344,R50,21288446.0
344,R51,6504802.0
344,R52,2365382.0
344,R53,66.0
344,R54,295672.0
344,R55,2629.0
344,R56,5382.0
345,R1,30575250.0
345,R2,10701338.0
345,R3,9172576.0
345,R4,2446020.0
345,R5,152876250.0
345,R6,458628750.0
345,R7,61150500.0
345,R8,200551.0
345,R9,267400.0
345,R10,11720512.0
345,R11,9682162.0
345,R12,1200.0
345,R13,840.0
345,R14,10192.0
345,R15,1282.0
345,R16,4076.0
345,R17,305752.0
345,R18,407670.0
345,R19,2547937.0
345,R20,203835.0
345,R21,6794.0
345,R22,2200.0
345,R23,8154.0
345,R24,3567.0
345,R25,10192.0
345,R26,847.0
345,R27,156.0
345,R28,20.0
345,R29,2039.0
345,R30,3422.0
345,R31,225.0
345,R32,102.0
345,R33,13.0
345,R34,1043.0
345,R35,199.0
345,R36,56.0
345,R37,4.0
345,R38,74.0
345,R39,20383500.0
345,R40,12230100.0
345,R41,22284.0
345,R42,668502.0
345,R43,7643813.0
345,R44,201.0
345,R45,2039.0
345,R46,30.0
345,R47,3398.0
345,R48,203835.0
345,R49,267400.0
345,R50,18345150.0
345,R51,5605463.0
345,R52,2038350.0
345,R53,56.0
345,R54,254794.0
345,R55,2265.0
345,R56,4632.0
346,R1,7936704.0
346,R2,2777847.0
346,R3,2381012.0
346,R4,634936.0
346,R5,39683520.0
346,R6,119050560.0
346,R7,15873408.0
346,R8,45846.0
346,R9,61128.0
346,R10,3042403.0
346,R11,2513289.0
346,R12,1011.76
346,R13,665.84
346,R14,2646.0
346,R15,339.0
346,R16,1058.0
346,R17,79367.0
346,R18,105823.0
346,R19,661392.0
346,R20,52911.0
346,R21,1763.0
346,R22,663.0
346,R23,2116.0
346,R24,926.0
346,R25,2646.0
346,R26,232.0
346,R27,47.0
346,R28,6.0
346,R29,534.0
346,R30,1013.0
346,R31,46.0
346,R32,49.0
346,R33,7.0
346,R34,264.0
346,R35,10.0
346,R36,27.0
346,R37,2.0
346,R38,19.0
346,R39,5291136.0
346,R40,3174682.0
346,R41,5094.0
346,R42,152818.0
346,R43,1984176.0
346,R44,90.0
346,R45,542.0
346,R46,23.0
346,R47,882.0
346,R48,52911.0
346,R49,61128.0
346,R50,4762350.0
346,R51,1455062.0
346,R52,529114.0
346,R53,14.0
346,R54,66140.0
346,R55,611.0
346,R56,1203.0
347,R1,6257316.0
347,R2,2190061.0
347,R3,1877195.0
347,R4,500586.0
347,R5,31286580.0
347,R6,93859740.0
347,R7,12514632.0
347,R8,32809.0
347,R9,43746.0
347,R10,2398638.0
347,R11,1981483.0
347,R12,975.6
347,R13,647.84
347,R14,2086.0
347,R15,288.0
347,R16,834.0
347,R17,62574.0
347,R18,83430.0
347,R19,521443.0
347,R20,41716.0
347,R21,1390.0
347,R22,522.0
347,R23,1668.0
347,R24,730.0
347,R25,2086.0
347,R26,202.0
347,R27,62.0
347,R28,4.0
347,R29,425.0
347,R30,735.0
347,R31,137.0
347,R32,53.0
347,R33,2.0
347,R34,208.0
347,R35,56.0
347,R36,29.0
347,R37,0.0
347,R38,10.0
347,R39,4171544.0
347,R40,2502926.0
347,R41,3646.0
347,R42,109362.0
347,R43,1564329.0
347,R44,90.0
347,R45,431.0
347,R46,18.0
347,R47,696.0
347,R48,41716.0
347,R49,43746.0
347,R50,3754390.0
347,R51,1147175.0
347,R52,417154.0
347,R53,11.0
347,R54,52144.0
347,R55,464.0
347,R56,948.0
348,R1,4297554.0
348,R2,1504144.0
348,R3,1289266.0
348,R4,343804.0
348,R5,21487770.0
348,R6,64463310.0
348,R7,8595108.0
348,R8,20908.0
348,R9,27877.0
348,R10,1647396.0
348,R11,1360892.0
348,R12,1191.3600000000001
348,R13,755.6800000000001
348,R14,1432.0
348,R15,363.0
348,R16,573.0
348,R17,42975.0
348,R18,57301.0
348,R19,358130.0
348,R20,28650.0
348,R21,955.0
348,R22,358.0
348,R23,1146.0
348,R24,529.0
348,R25,1432.0
348,R26,337.0
348,R27,34.0
348,R28,2.0
348,R29,286.0
348,R30,618.0
348,R31,108.0
348,R32,14.0
348,R33,16.0
348,R34,144.0
348,R35,54.0
348,R36,8.0
348,R37,0.0
348,R38,100.0
348,R39,2865036.0
348,R40,1719022.0
348,R41,2324.0
348,R42,69693.0
348,R43,1074388.0
348,R44,44.0
348,R45,286.0
348,R46,58.0
348,R47,478.0
348,R48,28650.0
348,R49,27877.0
348,R50,2578532.0
348,R51,787884.0
348,R52,286504.0
348,R53,8.0
348,R54,35812.0
348,R55,318.0
348,R56,721.0
349,R1,14672844.0
349,R2,5135495.0
349,R3,4401854.0
349,R4,1173828.0
349,R5,73364220.0
349,R6,220092660.0
349,R7,29345688.0
349,R8,71374.0
349,R9,95165.0
349,R10,5624591.0
349,R11,4646401.0
349,R12,1200.0
349,R13,840.0
349,R14,4890.0
349,R15,652.0
349,R16,1956.0
349,R17,146729.0
349,R18,195638.0
349,R19,1222736.0
349,R20,97818.0
349,R21,3261.0
349,R22,1222.0
349,R23,3912.0
349,R24,1712.0
349,R25,4890.0
349,R26,420.0
349,R27,104.0
349,R28,9.0
349,R29,978.0
349,R30,1662.0
349,R31,211.0
349,R32,97.0
349,R33,6.0
349,R34,490.0
349,R35,72.0
349,R36,121.0
349,R37,2.0
349,R38,30.0
349,R39,9781896.0
349,R40,5869138.0
349,R41,7930.0
349,R42,237913.0
349,R43,3668212.0
349,R44,145.0
349,R45,994.0
349,R46,28.0
349,R47,1654.0
349,R48,97818.0
349,R49,95165.0
349,R50,8803706.0
349,R51,2690022.0
349,R52,978190.0
349,R53,27.0
349,R54,122274.0
349,R55,1086.0
349,R56,2224.0
35,R1,13789938.0
35,R2,4826478.0
35,R3,4136982.0
35,R4,1103196.0
35,R5,68949690.0
35,R6,206849070.0
35,R7,27579876.0
35,R8,79860.0
35,R9,106480.0
35,R10,5286143.0
35,R11,4366814.0
35,R12,1200.0
35,R13,840.0
35,R14,4596.0
35,R15,588.0
35,R16,1839.0
35,R17,137900.0
35,R18,183866.0
35,R19,1149162.0
35,R20,91932.0
35,R21,3065.0
35,R22,1150.0
35,R23,3677.0
35,R24,1609.0
35,R25,4596.0
35,R26,401.0
35,R27,113.0
35,R28,9.0
35,R29,920.0
35,R30,1532.0
35,R31,68.0
35,R32,46.0
35,R33,12.0
35,R34,474.0
35,R35,91.0
35,R36,26.0
35,R37,2.0
35,R38,12.0
35,R39,9193292.0
35,R40,5515976.0
35,R41,8874.0
35,R42,266200.0
35,R43,3447484.0
35,R44,38.0
35,R45,920.0
35,R46,29.0
35,R47,1532.0
35,R48,91932.0
35,R49,106480.0
35,R50,8273962.0
35,R51,2528155.0
35,R52,919330.0
35,R53,43.0
35,R54,114916.0
35,R55,1022.0
35,R56,2090.0
350,R1,8952438.0
350,R2,3133354.0
350,R3,2685732.0
350,R4,716196.0
350,R5,44762190.0
350,R6,134286570.0
350,R7,17904876.0
350,R8,47582.0
350,R9,63444.0
350,R10,3431768.0
350,R11,2834938.0
350,R12,1200.0
350,R13,840.0
350,R14,2984.0
350,R15,386.0
350,R16,1193.0
350,R17,89524.0
350,R18,119365.0
350,R19,746036.0
350,R20,59682.0
350,R21,1989.0
350,R22,746.0
350,R23,2388.0
350,R24,1044.0
350,R25,2984.0
350,R26,429.0
350,R27,62.0
350,R28,6.0
350,R29,597.0
350,R30,1134.0
350,R31,157.0
350,R32,58.0
350,R33,4.0
350,R34,473.0
350,R35,62.0
350,R36,31.0
350,R37,1.0
350,R38,24.0
350,R39,5968292.0
350,R40,3580975.0
350,R41,5287.0
350,R42,158608.0
350,R43,2238110.0
350,R44,24.0
350,R45,611.0
350,R46,51.0
350,R47,994.0
350,R48,59682.0
350,R49,63444.0
350,R50,5371463.0
350,R51,1641281.0
350,R52,596829.0
350,R53,16.0
350,R54,74604.0
350,R55,663.0
350,R56,1356.0
351,R1,7881306.0
351,R2,2758458.0
351,R3,2364392.0
351,R4,630505.0
351,R5,39406530.0
351,R6,118219590.0
351,R7,15762612.0
351,R8,45656.0
351,R9,60876.0
351,R10,3021168.0
351,R11,2495746.0
351,R12,989.36
351,R13,654.64
351,R14,2627.0
351,R15,328.0
351,R16,1051.0
351,R17,78988.0
351,R18,105084.0
351,R19,656776.0
351,R20,52542.0
351,R21,1752.0
351,R22,694.0
351,R23,2102.0
351,R24,920.0
351,R25,2701.0
351,R26,284.0
351,R27,20.0
351,R28,5.0
351,R29,537.0
351,R30,875.0
351,R31,22.0
351,R32,26.0
351,R33,8.0
351,R34,337.0
351,R35,20.0
351,R36,40.0
351,R37,1.0
351,R38,12.0
351,R39,5254204.0
351,R40,3152522.0
351,R41,5072.0
351,R42,152188.0
351,R43,1970326.0
351,R44,22.0
351,R45,526.0
351,R46,16.0
351,R47,875.0
351,R48,52542.0
351,R49,60876.0
351,R50,4728784.0
351,R51,1444906.0
351,R52,525420.0
351,R53,14.0
351,R54,65816.0
351,R55,622.0
351,R56,1194.0
352,R1,6903402.0
352,R2,2416190.0
352,R3,2071020.0
352,R4,552272.0
352,R5,34517010.0
352,R6,103551030.0
352,R7,13806804.0
352,R8,40864.0
352,R9,54486.0
352,R10,2646304.0
352,R11,2186078.0
352,R12,1200.0
352,R13,807.76
352,R14,2302.0
352,R15,511.0
352,R16,920.0
352,R17,69034.0
352,R18,92046.0
352,R19,575283.0
352,R20,46022.0
352,R21,1562.0
352,R22,576.0
352,R23,1841.0
352,R24,876.0
352,R25,2302.0
352,R26,507.0
352,R27,50.0
352,R28,4.0
352,R29,460.0
352,R30,1016.0
352,R31,147.0
352,R32,57.0
352,R33,16.0
352,R34,230.0
352,R35,66.0
352,R36,33.0
352,R37,0.0
352,R38,42.0
352,R39,4602268.0
352,R40,2761360.0
352,R41,4541.0
352,R42,136214.0
352,R43,1725851.0
352,R44,259.0
352,R45,476.0
352,R46,105.0
352,R47,775.0
352,R48,46022.0
352,R49,54486.0
352,R50,4142042.0
352,R51,1265624.0
352,R52,460226.0
352,R53,13.0
352,R54,57529.0
352,R55,511.0
352,R56,1130.0
353,R1,5402532.0
353,R2,1890887.0
353,R3,1620760.0
353,R4,432202.0
353,R5,27012660.0
353,R6,81037980.0
353,R7,10805064.0
353,R8,32818.0
353,R9,43756.0
353,R10,2070970.0
353,R11,1710801.0
353,R12,1014.5600000000001
353,R13,667.28
353,R14,1801.0
353,R15,225.0
353,R16,720.0
353,R17,54025.0
353,R18,72033.0
353,R19,450212.0
353,R20,36016.0
353,R21,1200.0
353,R22,450.0
353,R23,1440.0
353,R24,631.0
353,R25,1801.0
353,R26,168.0
353,R27,35.0
353,R28,4.0
353,R29,361.0
353,R30,601.0
353,R31,88.0
353,R32,18.0
353,R33,2.0
353,R34,180.0
353,R35,43.0
353,R36,10.0
353,R37,0.0
353,R38,10.0
353,R39,3601688.0
353,R40,2161012.0
353,R41,3646.0
353,R42,109390.0
353,R43,1350632.0
353,R44,36.0
353,R45,361.0
353,R46,5.0
353,R47,601.0
353,R48,36016.0
353,R49,43756.0
353,R50,3241520.0
353,R51,990465.0
353,R52,360168.0
353,R53,10.0
353,R54,45022.0
353,R55,400.0
353,R56,819.0
354,R1,16106922.0
354,R2,5637423.0
354,R3,4832077.0
354,R4,1288554.0
354,R5,80534610.0
354,R6,241603830.0
354,R7,32213844.0
354,R8,91272.0
354,R9,121696.0
354,R10,6174320.0
354,R11,5100525.0
354,R12,1200.0
354,R13,840.0
354,R14,5368.0
354,R15,672.0
354,R16,2148.0
354,R17,161070.0
354,R18,214759.0
354,R19,1342243.0
354,R20,107380.0
354,R21,3579.0
354,R22,1342.0
354,R23,4295.0
354,R24,1879.0
354,R25,5368.0
354,R26,430.0
354,R27,43.0
354,R28,10.0
354,R29,1082.0
354,R30,1790.0
354,R31,200.0
354,R32,54.0
354,R33,18.0
354,R34,536.0
354,R35,101.0
354,R36,30.0
354,R37,2.0
354,R38,7.0
354,R39,10737948.0
354,R40,6442769.0
354,R41,10141.0
354,R42,304238.0
354,R43,4026731.0
354,R44,44.0
354,R45,1074.0
354,R46,31.0
354,R47,1798.0
354,R48,107380.0
354,R49,121696.0
354,R50,9664153.0
354,R51,2952936.0
354,R52,1073795.0
354,R53,30.0
354,R54,134224.0
354,R55,1194.0
354,R56,2440.0
355,R1,12373980.0
355,R2,4330892.0
355,R3,3712194.0
355,R4,989919.0
355,R5,61869900.0
355,R6,185609700.0
355,R7,24747960.0
355,R8,71085.0
355,R9,94780.0
355,R10,4743360.0
355,R11,3918428.0
355,R12,1200.0
355,R13,840.0
355,R14,4125.0
355,R15,691.0
355,R16,1649.0
355,R17,123740.0
355,R18,164986.0
355,R19,1031165.0
355,R20,82494.0
355,R21,2792.0
355,R22,1046.0
355,R23,3300.0
355,R24,1500.0
355,R25,4125.0
355,R26,694.0
355,R27,16.0
355,R28,8.0
355,R29,825.0
355,R30,1592.0
355,R31,34.0
355,R32,42.0
355,R33,40.0
355,R34,412.0
355,R35,16.0
355,R36,22.0
355,R37,1.0
355,R38,44.0
355,R39,8249320.0
355,R40,4949592.0
355,R41,7898.0
355,R42,236950.0
355,R43,3093495.0
355,R44,244.0
355,R45,825.0
355,R46,91.0
355,R47,1375.0
355,R48,82494.0
355,R49,94780.0
355,R50,7424388.0
355,R51,2268563.0
355,R52,824932.0
355,R53,22.0
355,R54,103116.0
355,R55,917.0
355,R56,1965.0
356,R1,2770740.0
356,R2,969760.0
356,R3,831222.0
356,R4,221660.0
356,R5,13853700.0
356,R6,41561100.0
356,R7,5541480.0
356,R8,15954.0
356,R9,21273.0
356,R10,1062117.0
356,R11,877400.0
356,R12,977.6
356,R13,648.8000000000001
356,R14,923.0
356,R15,134.0
356,R16,370.0
356,R17,27707.0
356,R18,36943.0
356,R19,230896.0
356,R20,18472.0
356,R21,616.0
356,R22,230.0
356,R23,739.0
356,R24,324.0
356,R25,923.0
356,R26,98.0
356,R27,49.0
356,R28,2.0
356,R29,192.0
356,R30,320.0
356,R31,31.0
356,R32,90.0
356,R33,4.0
356,R34,92.0
356,R35,4.0
356,R36,21.0
356,R37,0.0
356,R38,26.0
356,R39,1847160.0
356,R40,1108296.0
356,R41,1772.0
356,R42,53183.0
356,R43,692684.0
356,R44,31.0
356,R45,196.0
356,R46,6.0
356,R47,308.0
356,R48,18472.0
356,R49,21273.0
356,R50,1662444.0
356,R51,507969.0
356,R52,184716.0
356,R53,5.0
356,R54,23089.0
356,R55,206.0
356,R56,420.0
357,R1,13763514.0
357,R2,4817230.0
357,R3,4129054.0
357,R4,1101082.0
357,R5,68817570.0
357,R6,206452710.0
357,R7,27527028.0
357,R8,85847.0
357,R9,114464.0
357,R10,5276014.0
357,R11,4358446.0
357,R12,1200.0
357,R13,840.0
357,R14,4588.0
357,R15,698.0
357,R16,1836.0
357,R17,137636.0
357,R18,183514.0
357,R19,1146960.0
357,R20,91757.0
357,R21,3059.0
357,R22,1147.0
357,R23,3670.0
357,R24,1676.0
357,R25,4702.0
357,R26,647.0
357,R27,184.0
357,R28,10.0
357,R29,922.0
357,R30,1699.0
357,R31,171.0
357,R32,92.0
357,R33,30.0
357,R34,643.0
357,R35,108.0
357,R36,78.0
357,R37,2.0
357,R38,60.0
357,R39,9175676.0
357,R40,5506012.0
357,R41,9539.0
357,R42,286393.0
357,R43,3440878.0
357,R44,208.0
357,R45,1092.0
357,R46,84.0
357,R47,1530.0
357,R48,91757.0
357,R49,114464.0
357,R50,8258108.0
357,R51,2523310.0
357,R52,917568.0
357,R53,26.0
357,R54,114911.0
357,R55,1079.0
357,R56,2085.0
358,R1,11639214.0
358,R2,4073724.0
358,R3,3491764.0
358,R4,931138.0
358,R5,58196070.0
358,R6,174588210.0
358,R7,23278428.0
358,R8,64591.0
358,R9,86100.0
358,R10,4461698.0
358,R11,3685752.0
358,R12,1200.0
358,R13,840.0
358,R14,3880.0
358,R15,512.0
358,R16,1552.0
358,R17,116392.0
358,R18,155190.0
358,R19,969934.0
358,R20,77594.0
358,R21,2587.0
358,R22,970.0
358,R23,3104.0
358,R24,1358.0
358,R25,3880.0
358,R26,358.0
358,R27,72.0
358,R28,7.0
358,R29,787.0
358,R30,1325.0
358,R31,32.0
358,R32,38.0
358,R33,8.0
358,R34,388.0
358,R35,16.0
358,R36,57.0
358,R37,2.0
358,R38,30.0
358,R39,7759476.0
358,R40,4655686.0
358,R41,7175.0
358,R42,215252.0
358,R43,2909804.0
358,R44,116.0
358,R45,776.0
358,R46,24.0
358,R47,1293.0
358,R48,77594.0
358,R49,86100.0
358,R50,6983528.0
358,R51,2133856.0
358,R52,775948.0
358,R53,22.0
358,R54,96994.0
358,R55,862.0
358,R56,1764.0
359,R1,4361868.0
359,R2,1526654.0
359,R3,1308560.0
359,R4,348950.0
359,R5,21809340.0
359,R6,65428020.0
359,R7,8723736.0
359,R8,24010.0
359,R9,32012.0
359,R10,1672050.0
359,R11,1381258.0
359,R12,961.04
359,R13,640.48
359,R14,1454.0
359,R15,191.0
359,R16,582.0
359,R17,43619.0
359,R18,58158.0
359,R19,363488.0
359,R20,29079.0
359,R21,970.0
359,R22,364.0
359,R23,1163.0
359,R24,578.0
359,R25,1454.0
359,R26,306.0
359,R27,48.0
359,R28,2.0
359,R29,298.0
359,R30,656.0
359,R31,168.0
359,R32,44.0
359,R33,2.0
359,R34,321.0
359,R35,36.0
359,R36,26.0
359,R37,0.0
359,R38,12.0
359,R39,2907912.0
359,R40,1744748.0
359,R41,2668.0
359,R42,80029.0
359,R43,1090468.0
359,R44,12.0
359,R45,303.0
359,R46,32.0
359,R47,484.0
359,R48,29079.0
359,R49,32012.0
359,R50,2617120.0
359,R51,799676.0
359,R52,290792.0
359,R53,8.0
359,R54,36348.0
359,R55,324.0
359,R56,661.0
36,R1,4891008.0
36,R2,1711852.0
36,R3,1467302.0
36,R4,391280.0
36,R5,24455040.0
36,R6,73365120.0
36,R7,9782016.0
36,R8,30238.0
36,R9,40317.0
36,R10,1874886.0
36,R11,1548820.0
36,R12,1200.0
36,R13,840.0
36,R14,1630.0
36,R15,212.0
36,R16,652.0
36,R17,48910.0
36,R18,65213.0
36,R19,407584.0
36,R20,32606.0
36,R21,1086.0
36,R22,408.0
36,R23,1304.0
36,R24,570.0
36,R25,1630.0
36,R26,231.0
36,R27,36.0
36,R28,4.0
36,R29,362.0
36,R30,544.0
36,R31,25.0
36,R32,16.0
36,R33,16.0
36,R34,215.0
36,R35,54.0
36,R36,19.0
36,R37,0.0
36,R38,6.0
36,R39,3260672.0
36,R40,1956403.0
36,R41,3360.0
36,R42,100794.0
36,R43,1222752.0
36,R44,25.0
36,R45,362.0
36,R46,9.0
36,R47,544.0
36,R48,32606.0
36,R49,40317.0
36,R50,2934605.0
36,R51,896684.0
36,R52,326067.0
36,R53,18.0
36,R54,40759.0
36,R55,362.0
36,R56,741.0
360,R1,10406970.0
360,R2,3642439.0
360,R3,3122091.0
360,R4,832558.0
360,R5,52034850.0
360,R6,156104550.0
360,R7,20813940.0
360,R8,54855.0
360,R9,73140.0
360,R10,3989338.0
360,R11,3295541.0
360,R12,1200.0
360,R13,840.0
360,R14,3468.0
360,R15,741.0
360,R16,1388.0
360,R17,104070.0
360,R18,138760.0
360,R19,867248.0
360,R20,69380.0
360,R21,2327.0
360,R22,868.0
360,R23,2777.0
360,R24,1287.0
360,R25,3562.0
360,R26,677.0
360,R27,74.0
360,R28,7.0
360,R29,696.0
360,R30,1644.0
360,R31,56.0
360,R32,70.0
360,R33,36.0
360,R34,347.0
360,R35,14.0
360,R36,54.0
360,R37,2.0
360,R38,52.0
360,R39,6937980.0
360,R40,4163280.0
360,R41,6095.0
360,R42,183010.0
360,R43,2601742.0
360,R44,344.0
360,R45,1330.0
360,R46,80.0
360,R47,1156.0
360,R48,69380.0
360,R49,73140.0
360,R50,6244182.0
360,R51,1907944.0
360,R52,693798.0
360,R53,20.0
360,R54,86899.0
360,R55,818.0
360,R56,1815.0
361,R1,5696658.0
361,R2,1993830.0
361,R3,1708998.0
361,R4,455732.0
361,R5,28483290.0
361,R6,85449870.0
361,R7,11393316.0
361,R8,32288.0
361,R9,43050.0
361,R10,2183718.0
361,R11,1803942.0
361,R12,1200.0
361,R13,840.0
361,R14,1898.0
361,R15,453.0
361,R16,760.0
361,R17,56967.0
361,R18,75956.0
361,R19,474722.0
361,R20,37978.0
361,R21,1336.0
361,R22,517.0
361,R23,1519.0
361,R24,762.0
361,R25,1898.0
361,R26,630.0
361,R27,56.0
361,R28,240.0
361,R29,380.0
361,R30,888.0
361,R31,119.0
361,R32,18.0
361,R33,24.0
361,R34,190.0
361,R35,60.0
361,R36,16.0
361,R37,0.0
361,R38,45.0
361,R39,3797772.0
361,R40,2278664.0
361,R41,3587.0
361,R42,107625.0
361,R43,1424164.0
361,R44,156.0
361,R45,380.0
361,R46,54.0
361,R47,649.0
361,R48,37978.0
361,R49,43050.0
361,R50,3417994.0
361,R51,1044387.0
361,R52,379778.0
361,R53,20.0
361,R54,47472.0
361,R55,432.0
361,R56,1011.0
362,R1,7928652.0
362,R2,2775028.0
362,R3,2378596.0
362,R4,634292.0
362,R5,39643260.0
362,R6,118929780.0
362,R7,15857304.0
362,R8,49504.0
362,R9,66004.0
362,R10,3039317.0
362,R11,2510740.0
362,R12,1078.56
362,R13,699.28
362,R14,2642.0
362,R15,540.0
362,R16,1058.0
362,R17,79286.0
362,R18,105716.0
362,R19,660720.0
362,R20,52858.0
362,R21,1804.0
362,R22,675.0
362,R23,2114.0
362,R24,996.0
362,R25,2642.0
362,R26,590.0
362,R27,10.0
362,R28,5.0
362,R29,528.0
362,R30,1097.0
362,R31,22.0
362,R32,26.0
362,R33,32.0
362,R34,264.0
362,R35,10.0
362,R36,15.0
362,R37,1.0
362,R38,68.0
362,R39,5285768.0
362,R40,3171461.0
362,R41,5500.0
362,R42,165012.0
362,R43,1982164.0
362,R44,232.0
362,R45,528.0
362,R46,226.0
362,R47,880.0
362,R48,52858.0
362,R49,66004.0
362,R50,4757191.0
362,R51,1453586.0
362,R52,528577.0
362,R53,15.0
362,R54,66072.0
362,R55,588.0
362,R56,1293.0
363,R1,4746252.0
363,R2,1661188.0
363,R3,1423875.0
363,R4,379700.0
363,R5,23731260.0
363,R6,71193780.0
363,R7,9492504.0
363,R8,27952.0
363,R9,37266.0
363,R10,1819396.0
363,R11,1502980.0
363,R12,1039.44
363,R13,679.6800000000001
363,R14,1582.0
363,R15,221.0
363,R16,632.0
363,R17,47462.0
363,R18,63284.0
363,R19,395520.0
363,R20,31642.0
363,R21,1054.0
363,R22,396.0
363,R23,1266.0
363,R24,554.0
363,R25,1582.0
363,R26,177.0
363,R27,54.0
363,R28,3.0
363,R29,326.0
363,R30,551.0
363,R31,14.0
363,R32,16.0
363,R33,4.0
363,R34,159.0
363,R35,6.0
363,R36,8.0
363,R37,0.0
363,R38,10.0
363,R39,3164168.0
363,R40,1898500.0
363,R41,3106.0
363,R42,93164.0
363,R43,1186564.0
363,R44,50.0
363,R45,316.0
363,R46,16.0
363,R47,527.0
363,R48,31642.0
363,R49,37266.0
363,R50,2847752.0
363,R51,870146.0
363,R52,316416.0
363,R53,8.0
363,R54,39552.0
363,R55,352.0
363,R56,719.0
364,R1,17485518.0
364,R2,6119932.0
364,R3,5245656.0
364,R4,1398841.0
364,R5,87427590.0
364,R6,262282770.0
364,R7,34971036.0
364,R8,102500.0
364,R9,136666.0
364,R10,6702782.0
364,R11,5537080.0
364,R12,1200.0
364,R13,840.0
364,R14,5828.0
364,R15,924.0
364,R16,2332.0
364,R17,174856.0
364,R18,233140.0
364,R19,1457127.0
364,R20,116570.0
364,R21,3900.0
364,R22,1471.0
364,R23,4663.0
364,R24,2184.0
364,R25,5828.0
364,R26,1080.0
364,R27,262.0
364,R28,12.0
364,R29,1175.0
364,R30,2309.0
364,R31,431.0
364,R32,59.0
364,R33,72.0
364,R34,788.0
364,R35,245.0
364,R36,32.0
364,R37,3.0
364,R38,110.0
364,R39,11657012.0
364,R40,6994208.0
364,R41,11388.0
364,R42,341666.0
364,R43,4371379.0
364,R44,363.0
364,R45,1165.0
364,R46,233.0
364,R47,1942.0
364,R48,116570.0
364,R49,136666.0
364,R50,10491310.0
364,R51,3205678.0
364,R52,1165702.0
364,R53,32.0
364,R54,145712.0
364,R55,1295.0
364,R56,2741.0
365,R1,3191310.0
365,R2,1116958.0
365,R3,957393.0
365,R4,255305.0
365,R5,15956550.0
365,R6,47869650.0
365,R7,6382620.0
365,R8,18666.0
365,R9,24888.0
365,R10,1223335.0
365,R11,1010779.0
365,R12,944.88
365,R13,632.48
365,R14,1064.0
365,R15,133.0
365,R16,426.0
365,R17,31913.0
365,R18,42550.0
365,R19,265985.0
365,R20,21276.0
365,R21,710.0
365,R22,266.0
365,R23,852.0
365,R24,382.0
365,R25,1064.0
365,R26,122.0
365,R27,8.0
365,R28,2.0
365,R29,212.0
365,R30,380.0
365,R31,8.0
365,R32,20.0
365,R33,2.0
365,R34,106.0
365,R35,4.0
365,R36,11.0
365,R37,0.0
365,R38,6.0
365,R39,2127540.0
365,R40,1276524.0
365,R41,2074.0
365,R42,62271.0
365,R43,797827.0
365,R44,16.0
365,R45,212.0
365,R46,6.0
365,R47,354.0
365,R48,21276.0
365,R49,24935.0
365,R50,1914786.0
365,R51,585074.0
365,R52,212754.0
365,R53,18.0
365,R54,26595.0
365,R55,236.0
365,R56,497.0
366,R1,6151278.0
366,R2,2152948.0
366,R3,1845384.0
366,R4,492102.0
366,R5,30756390.0
366,R6,92269170.0
366,R7,12302556.0
366,R8,34018.0
366,R9,45358.0
366,R10,2357990.0
366,R11,1947904.0
366,R12,997.6800000000001
366,R13,658.88
366,R14,2050.0
366,R15,270.0
366,R16,820.0
366,R17,61512.0
366,R18,82017.0
366,R19,512606.0
366,R20,41009.0
366,R21,1366.0
366,R22,512.0
366,R23,1640.0
366,R24,718.0
366,R25,2050.0
366,R26,164.0
366,R27,8.0
366,R28,4.0
366,R29,410.0
366,R30,697.0
366,R31,48.0
366,R32,52.0
366,R33,2.0
366,R34,206.0
366,R35,8.0
366,R36,50.0
366,R37,0.0
366,R38,6.0
366,R39,4100852.0
366,R40,2460511.0
366,R41,3780.0
366,R42,113392.0
366,R43,1537820.0
366,R44,18.0
366,R45,425.0
366,R46,12.0
366,R47,684.0
366,R48,41009.0
366,R49,45358.0
366,R50,3690767.0
366,R51,1127735.0
366,R52,410085.0
366,R53,11.0
366,R54,51260.0
366,R55,460.0
366,R56,932.0
367,R1,3597468.0
367,R2,1259114.0
367,R3,1079241.0
367,R4,287798.0
367,R5,17987340.0
367,R6,53962020.0
367,R7,7194936.0
367,R8,21292.0
367,R9,28389.0
367,R10,1379030.0
367,R11,1139198.0
367,R12,932.0
367,R13,626.0
367,R14,1200.0
367,R15,349.0
367,R16,480.0
367,R17,35974.0
367,R18,47966.0
367,R19,299788.0
367,R20,23984.0
367,R21,870.0
367,R22,366.0
367,R23,959.0
367,R24,560.0
367,R25,1200.0
367,R26,578.0
367,R27,24.0
367,R28,2.0
367,R29,264.0
367,R30,807.0
367,R31,93.0
367,R32,48.0
367,R33,45.0
367,R34,295.0
367,R35,24.0
367,R36,24.0
367,R37,0.0
367,R38,28.0
367,R39,2398312.0
367,R40,1438988.0
367,R41,2366.0
367,R42,70973.0
367,R43,899368.0
367,R44,154.0
367,R45,259.0
367,R46,56.0
367,R47,400.0
367,R48,23984.0
367,R49,28389.0
367,R50,2158480.0
367,R51,659536.0
367,R52,239832.0
367,R53,6.0
367,R54,29979.0
367,R55,267.0
367,R56,658.0
368,R1,9014028.0
368,R2,3154910.0
368,R3,2704209.0
368,R4,721122.0
368,R5,45070140.0
368,R6,135210420.0
368,R7,18028056.0
368,R8,54368.0
368,R9,72491.0
368,R10,3455378.0
368,R11,2854442.0
368,R12,1200.0
368,R13,840.0
368,R14,3004.0
368,R15,617.0
368,R16,1202.0
368,R17,90140.0
368,R18,120187.0
368,R19,751168.0
368,R20,60094.0
368,R21,2087.0
368,R22,794.0
368,R23,2403.0
368,R24,1150.0
368,R25,3004.0
368,R26,686.0
368,R27,64.0
368,R28,6.0
368,R29,601.0
368,R30,1250.0
368,R31,26.0
368,R32,30.0
368,R33,32.0
368,R34,300.0
368,R35,12.0
368,R36,29.0
368,R37,2.0
368,R38,32.0
368,R39,6009352.0
368,R40,3605612.0
368,R41,6041.0
368,R42,181228.0
368,R43,2253508.0
368,R44,271.0
368,R45,601.0
368,R46,72.0
368,R47,1002.0
368,R48,60094.0
368,R49,72491.0
368,R50,5408416.0
368,R51,1652572.0
368,R52,600936.0
368,R53,16.0
368,R54,75117.0
368,R55,667.0
368,R56,1515.0
369,R1,6390336.0
369,R2,2236618.0
369,R3,1917100.0
369,R4,511226.0
369,R5,31951680.0
369,R6,95855040.0
369,R7,12780672.0
369,R8,39822.0
369,R9,53096.0
369,R10,2449628.0
369,R11,2023606.0
369,R12,1200.0
369,R13,840.0
369,R14,2130.0
369,R15,290.0
369,R16,852.0
369,R17,63903.0
369,R18,85204.0
369,R19,532528.0
369,R20,42602.0
369,R21,1420.0
369,R22,533.0
369,R23,1704.0
369,R24,746.0
369,R25,2130.0
369,R26,207.0
369,R27,44.0
369,R28,5.0
369,R29,426.0
369,R30,734.0
369,R31,18.0
369,R32,22.0
369,R33,2.0
369,R34,214.0
369,R35,8.0
369,R36,11.0
369,R37,0.0
369,R38,10.0
369,R39,4260224.0
369,R40,2556134.0
369,R41,4424.0
369,R42,132739.0
369,R43,1597584.0
369,R44,58.0
369,R45,426.0
369,R46,6.0
369,R47,710.0
369,R48,42602.0
369,R49,53096.0
369,R50,3834202.0
369,R51,1171562.0
369,R52,426022.0
369,R53,11.0
369,R54,53253.0
369,R55,473.0
369,R56,969.0
37,R1,13161540.0
37,R2,4606540.0
37,R3,3948462.0
37,R4,1052924.0
37,R5,65807700.0
37,R6,197423100.0
37,R7,26323080.0
37,R8,83094.0
37,R9,110792.0
37,R10,5045257.0
37,R11,4167820.0
37,R12,1200.0
37,R13,840.0
37,R14,4387.0
37,R15,548.0
37,R16,1754.0
37,R17,131616.0
37,R18,175488.0
37,R19,1096796.0
37,R20,87743.0
37,R21,2924.0
37,R22,1096.0
37,R23,3510.0
37,R24,1535.0
37,R25,4387.0
37,R26,359.0
37,R27,18.0
37,R28,15.0
37,R29,891.0
37,R30,1478.0
37,R31,58.0
37,R32,44.0
37,R33,14.0
37,R34,438.0
37,R35,29.0
37,R36,24.0
37,R37,1.0
37,R38,6.0
37,R39,8774360.0
37,R40,5264616.0
37,R41,9233.0
37,R42,276981.0
37,R43,3290384.0
37,R44,37.0
37,R45,893.0
37,R46,19.0
37,R47,1466.0
37,R48,87743.0
37,R49,110792.0
37,R50,7896924.0
37,R51,2412948.0
37,R52,877436.0
37,R53,51.0
37,R54,109679.0
37,R55,974.0
37,R56,1994.0
370,R1,8887530.0
370,R2,3110636.0
370,R3,2666259.0
370,R4,711002.0
370,R5,44437650.0
370,R6,133312950.0
370,R7,17775060.0
370,R8,66656.0
370,R9,88874.0
370,R10,3406886.0
370,R11,2814384.0
370,R12,1200.0
370,R13,833.44
370,R14,2962.0
370,R15,370.0
370,R16,1185.0
370,R17,88875.0
370,R18,118500.0
370,R19,740628.0
370,R20,59250.0
370,R21,1975.0
370,R22,741.0
370,R23,2370.0
370,R24,1037.0
370,R25,2962.0
370,R26,392.0
370,R27,92.0
370,R28,55.0
370,R29,642.0
370,R30,1131.0
370,R31,124.0
370,R32,41.0
370,R33,8.0
370,R34,456.0
370,R35,122.0
370,R36,103.0
370,R37,58.0
370,R38,48.0
370,R39,5925020.0
370,R40,3555012.0
370,R41,7406.0
370,R42,222184.0
370,R43,2221882.0
370,R44,24.0
370,R45,632.0
370,R46,68.0
370,R47,988.0
370,R48,59250.0
370,R49,88874.0
370,R50,5332518.0
370,R51,1629380.0
370,R52,592502.0
370,R53,20.0
370,R54,74063.0
370,R55,658.0
370,R56,1346.0
371,R1,3477030.0
371,R2,1216960.0
371,R3,1043108.0
371,R4,278163.0
371,R5,17385150.0
371,R6,52155450.0
371,R7,6954060.0
371,R8,24491.0
371,R9,32654.0
371,R10,1332862.0
371,R11,1101060.0
371,R12,1200.0
371,R13,840.0
371,R14,1159.0
371,R15,145.0
371,R16,463.0
371,R17,34770.0
371,R18,46361.0
371,R19,289752.0
371,R20,23180.0
371,R21,772.0
371,R22,300.0
371,R23,928.0
371,R24,476.0
371,R25,1159.0
371,R26,302.0
371,R27,28.0
371,R28,2.0
371,R29,244.0
371,R30,531.0
371,R31,60.0
371,R32,11.0
371,R33,12.0
371,R34,296.0
371,R35,24.0
371,R36,12.0
371,R37,0.0
371,R38,1.0
371,R39,2318020.0
371,R40,1390812.0
371,R41,2722.0
371,R42,81636.0
371,R43,869258.0
371,R44,10.0
371,R45,232.0
371,R46,28.0
371,R47,386.0
371,R48,23180.0
371,R49,32654.0
371,R50,2086218.0
371,R51,637456.0
371,R52,231802.0
371,R53,12.0
371,R54,28975.0
371,R55,257.0
371,R56,535.0
372,R1,6246594.0
372,R2,2186428.0
372,R3,1873978.0
372,R4,499727.0
372,R5,31232970.0
372,R6,93698910.0
372,R7,12493188.0
372,R8,44928.0
372,R9,59903.0
372,R10,2394528.0
372,R11,1978088.0
372,R12,1200.0
372,R13,840.0
372,R14,2082.0
372,R15,261.0
372,R16,832.0
372,R17,62466.0
372,R18,83288.0
372,R19,520550.0
372,R20,41644.0
372,R21,1388.0
372,R22,520.0
372,R23,1665.0
372,R24,741.0
372,R25,2082.0
372,R26,215.0
372,R27,110.0
372,R28,4.0
372,R29,428.0
372,R30,722.0
372,R31,126.0
372,R32,34.0
372,R33,4.0
372,R34,208.0
372,R35,64.0
372,R36,30.0
372,R37,0.0
372,R38,8.0
372,R39,4164958.0
372,R40,2498945.0
372,R41,4992.0
372,R42,149758.0
372,R43,1561648.0
372,R44,18.0
372,R45,417.0
372,R46,18.0
372,R47,702.0
372,R48,41644.0
372,R49,59903.0
372,R50,3747956.0
372,R51,1145208.0
372,R52,416440.0
372,R53,24.0
372,R54,52054.0
372,R55,470.0
372,R56,963.0
373,R1,1875120.0
373,R2,656291.0
373,R3,562536.0
373,R4,150010.0
373,R5,9375600.0
373,R6,28126800.0
373,R7,3750240.0
373,R8,13581.0
373,R9,18108.0
373,R10,718958.0
373,R11,593788.0
373,R12,886.32
373,R13,603.12
373,R14,625.0
373,R15,90.0
373,R16,250.0
373,R17,18752.0
373,R18,30124.0
373,R19,156260.0
373,R20,12501.0
373,R21,416.0
373,R22,177.0
373,R23,500.0
373,R24,279.0
373,R25,641.0
373,R26,255.0
373,R27,12.0
373,R28,4.0
373,R29,125.0
373,R30,394.0
373,R31,67.0
373,R32,36.0
373,R33,0.0
373,R34,207.0
373,R35,12.0
373,R36,18.0
373,R37,0.0
373,R38,0.0
373,R39,1250080.0
373,R40,750048.0
373,R41,1510.0
373,R42,45271.0
373,R43,468780.0
373,R44,5.0
373,R45,138.0
373,R46,14.0
373,R47,208.0
373,R48,12584.0
373,R49,18108.0
373,R50,1125072.0
373,R51,343773.0
373,R52,125008.0
373,R53,4.0
373,R54,15626.0
373,R55,146.0
373,R56,284.0
374,R1,12560622.0
374,R2,4396444.0
374,R3,3768186.0
374,R4,1004850.0
374,R5,62803110.0
374,R6,188409330.0
374,R7,25121244.0
374,R8,86240.0
374,R9,114986.0
374,R10,4814906.0
374,R11,3977530.0
374,R12,1200.0
374,R13,840.0
374,R14,4186.0
374,R15,537.0
374,R16,1674.0
374,R17,125606.0
374,R18,167475.0
374,R19,1046718.0
374,R20,83738.0
374,R21,2792.0
374,R22,1047.0
374,R23,3349.0
374,R24,1465.0
374,R25,4186.0
374,R26,334.0
374,R27,16.0
374,R28,8.0
374,R29,838.0
374,R30,1412.0
374,R31,288.0
374,R32,77.0
374,R33,6.0
374,R34,419.0
374,R35,84.0
374,R36,86.0
374,R37,2.0
374,R38,12.0
374,R39,8373748.0
374,R40,5024248.0
374,R41,9582.0
374,R42,287466.0
374,R43,3140156.0
374,R44,34.0
374,R45,851.0
374,R46,24.0
374,R47,1412.0
374,R48,83738.0
374,R49,114986.0
374,R50,7536374.0
374,R51,2302780.0
374,R52,837374.0
374,R53,24.0
374,R54,104672.0
374,R55,930.0
374,R56,1903.0
375,R1,10810398.0
375,R2,3783640.0
375,R3,3243120.0
375,R4,864832.0
375,R5,54051990.0
375,R6,162155970.0
375,R7,21620796.0
375,R8,72948.0
375,R9,97266.0
375,R10,4143986.0
375,R11,3423292.0
375,R12,1200.0
375,R13,840.0
375,R14,3604.0
375,R15,476.0
375,R16,1441.0
375,R17,108104.0
375,R18,144138.0
375,R19,900866.0
375,R20,72069.0
375,R21,2402.0
375,R22,910.0
375,R23,2882.0
375,R24,1302.0
375,R25,3604.0
375,R26,553.0
375,R27,84.0
375,R28,8.0
375,R29,721.0
375,R30,1363.0
375,R31,340.0
375,R32,160.0
375,R33,4.0
375,R34,590.0
375,R35,144.0
375,R36,40.0
375,R37,2.0
375,R38,28.0
375,R39,7206932.0
375,R40,4324160.0
375,R41,8105.0
375,R42,243163.0
375,R43,2702600.0
375,R44,30.0
375,R45,735.0
375,R46,70.0
375,R47,1201.0
375,R48,72069.0
375,R49,97266.0
375,R50,6486238.0
375,R51,1981906.0
375,R52,720694.0
375,R53,20.0
375,R54,90086.0
375,R55,800.0
375,R56,1638.0
376,R1,15118428.0
376,R2,5291450.0
376,R3,4535528.0
376,R4,1209474.0
376,R5,75592140.0
376,R6,226776420.0
376,R7,30236856.0
376,R8,105525.0
376,R9,140700.0
376,R10,5795397.0
376,R11,4787502.0
376,R12,1200.0
376,R13,840.0
376,R14,5040.0
376,R15,644.0
376,R16,2016.0
376,R17,151184.0
376,R18,201580.0
376,R19,1259868.0
376,R20,100790.0
376,R21,3360.0
376,R22,1260.0
376,R23,4031.0
376,R24,1764.0
376,R25,5040.0
376,R26,403.0
376,R27,27.0
376,R28,10.0
376,R29,1008.0
376,R30,1697.0
376,R31,218.0
376,R32,97.0
376,R33,6.0
376,R34,504.0
376,R35,76.0
376,R36,57.0
376,R37,2.0
376,R38,6.0
376,R39,10078952.0
376,R40,6047371.0
376,R41,11725.0
376,R42,351752.0
376,R43,3779608.0
376,R44,42.0
376,R45,1024.0
376,R46,30.0
376,R47,1696.0
376,R48,100790.0
376,R49,140700.0
376,R50,9071057.0
376,R51,2771712.0
376,R52,1007895.0
376,R53,43.0
376,R54,125986.0
376,R55,1120.0
376,R56,2311.0
377,R1,13923174.0
377,R2,4873111.0
377,R3,4176952.0
377,R4,1113854.0
377,R5,69615870.0
377,R6,208847610.0
377,R7,27846348.0
377,R8,95940.0
377,R9,127920.0
377,R10,5337216.0
377,R11,4409005.0
377,R12,1200.0
377,R13,840.0
377,R14,4641.0
377,R15,580.0
377,R16,1856.0
377,R17,139232.0
377,R18,185642.0
377,R19,1160264.0
377,R20,92822.0
377,R21,3094.0
377,R22,1160.0
377,R23,3713.0
377,R24,1625.0
377,R25,4641.0
377,R26,371.0
377,R27,29.0
377,R28,10.0
377,R29,940.0
377,R30,1547.0
377,R31,38.0
377,R32,47.0
377,R33,19.0
377,R34,548.0
377,R35,18.0
377,R36,29.0
377,R37,272.0
377,R38,12.0
377,R39,9282116.0
377,R40,5569270.0
377,R41,10660.0
377,R42,319800.0
377,R43,3480794.0
377,R44,38.0
377,R45,928.0
377,R46,29.0
377,R47,1547.0
377,R48,92822.0
377,R49,127920.0
377,R50,8353904.0
377,R51,2552582.0
377,R52,928212.0
377,R53,25.0
377,R54,116026.0
377,R55,1031.0
377,R56,2110.0
378,R1,9038022.0
378,R2,3163308.0
378,R3,2711406.0
378,R4,723042.0
378,R5,45190110.0
378,R6,135570330.0
378,R7,18076044.0
378,R8,55140.0
378,R9,73520.0
378,R10,3464576.0
378,R11,2862040.0
378,R12,1200.0
378,R13,840.0
378,R14,3012.0
378,R15,395.0
378,R16,1205.0
378,R17,90380.0
378,R18,120507.0
378,R19,753169.0
378,R20,60254.0
378,R21,2008.0
378,R22,753.0
378,R23,2410.0
378,R24,1054.0
378,R25,3012.0
378,R26,242.0
378,R27,12.0
378,R28,6.0
378,R29,602.0
378,R30,1019.0
378,R31,55.0
378,R32,62.0
378,R33,4.0
378,R34,302.0
378,R35,159.0
378,R36,31.0
378,R37,2.0
378,R38,4.0
378,R39,6025348.0
378,R40,3615209.0
378,R41,6126.0
378,R42,183800.0
378,R43,2259505.0
378,R44,26.0
378,R45,623.0
378,R46,25.0
378,R47,1004.0
378,R48,60254.0
378,R49,73520.0
378,R50,5422813.0
378,R51,1656970.0
378,R52,602535.0
378,R53,16.0
378,R54,75316.0
378,R55,669.0
378,R56,1369.0
379,R1,8642166.0
379,R2,3024758.0
379,R3,2592650.0
379,R4,691373.0
379,R5,43210830.0
379,R6,129632490.0
379,R7,17284332.0
379,R8,57948.0
379,R9,77264.0
379,R10,3312830.0
379,R11,2736686.0
379,R12,1057.04
379,R13,688.5600000000001
379,R14,2881.0
379,R15,417.0
379,R16,1152.0
379,R17,86422.0
379,R18,115228.0
379,R19,720181.0
379,R20,57615.0
379,R21,1921.0
379,R22,720.0
379,R23,2304.0
379,R24,1038.0
379,R25,2945.0
379,R26,451.0
379,R27,78.0
379,R28,6.0
379,R29,576.0
379,R30,1280.0
379,R31,247.0
379,R32,56.0
379,R33,4.0
379,R34,473.0
379,R35,106.0
379,R36,32.0
379,R37,2.0
379,R38,12.0
379,R39,5761444.0
379,R40,3457205.0
379,R41,6439.0
379,R42,193301.0
379,R43,2160541.0
379,R44,46.0
379,R45,576.0
379,R46,48.0
379,R47,968.0
379,R48,57615.0
379,R49,77264.0
379,R50,5185300.0
379,R51,1584595.0
379,R52,576144.0
379,R53,32.0
379,R54,72138.0
379,R55,674.0
379,R56,1408.0
38,R1,9519750.0
38,R2,3331912.0
38,R3,2855924.0
38,R4,761580.0
38,R5,47598750.0
38,R6,142796250.0
38,R7,19039500.0
38,R8,60659.0
38,R9,80967.0
38,R10,3649237.0
38,R11,3014588.0
38,R12,1200.0
38,R13,840.0
38,R14,3174.0
38,R15,396.0
38,R16,1298.0
38,R17,95198.0
38,R18,126930.0
38,R19,793312.0
38,R20,63464.0
38,R21,2115.0
38,R22,794.0
38,R23,2538.0
38,R24,1110.0
38,R25,3174.0
38,R26,254.0
38,R27,17.0
38,R28,12.0
38,R29,655.0
38,R30,1192.0
38,R31,58.0
38,R32,32.0
38,R33,24.0
38,R34,317.0
38,R35,54.0
38,R36,84.0
38,R37,2.0
38,R38,6.0
38,R39,6346500.0
38,R40,3808147.0
38,R41,6740.0
38,R42,202196.0
38,R43,2379938.0
38,R44,26.0
38,R45,657.0
38,R46,22.0
38,R47,1129.0
38,R48,63464.0
38,R49,80879.0
38,R50,5711850.0
38,R51,1745288.0
38,R52,634650.0
38,R53,29.0
38,R54,79331.0
38,R55,705.0
38,R56,1442.0
380,R1,6821826.0
380,R2,2387640.0
380,R3,2046548.0
380,R4,545746.0
380,R5,34109130.0
380,R6,102327390.0
380,R7,13643652.0
380,R8,47035.0
380,R9,62714.0
380,R10,2615034.0
380,R11,2160244.0
380,R12,1200.0
380,R13,781.44
380,R14,2274.0
380,R15,284.0
380,R16,909.0
380,R17,68218.0
380,R18,90958.0
380,R19,568486.0
380,R20,45479.0
380,R21,1516.0
380,R22,568.0
380,R23,1820.0
380,R24,856.0
380,R25,2274.0
380,R26,437.0
380,R27,66.0
380,R28,20.0
380,R29,520.0
380,R30,972.0
380,R31,115.0
380,R32,22.0
380,R33,4.0
380,R34,413.0
380,R35,102.0
380,R36,22.0
380,R37,0.0
380,R38,33.0
380,R39,4547884.0
380,R40,2728730.0
380,R41,5226.0
380,R42,156784.0
380,R43,1705456.0
380,R44,19.0
380,R45,506.0
380,R46,66.0
380,R47,774.0
380,R48,45479.0
380,R49,62714.0
380,R50,4093096.0
380,R51,1250668.0
380,R52,454788.0
380,R53,13.0
380,R54,56849.0
380,R55,506.0
380,R56,1034.0
381,R1,15746820.0
381,R2,5511386.0
381,R3,4724046.0
381,R4,1259746.0
381,R5,78734100.0
381,R6,236202300.0
381,R7,31493640.0
381,R8,104250.0
381,R9,139000.0
381,R10,6036280.0
381,R11,4986493.0
381,R12,1200.0
381,R13,840.0
381,R14,5248.0
381,R15,656.0
381,R16,2099.0
381,R17,157468.0
381,R18,209958.0
381,R19,1312236.0
381,R20,104978.0
381,R21,3500.0
381,R22,1312.0
381,R23,4200.0
381,R24,1838.0
381,R25,5248.0
381,R26,420.0
381,R27,38.0
381,R28,10.0
381,R29,1058.0
381,R30,1749.0
381,R31,160.0
381,R32,52.0
381,R33,10.0
381,R34,525.0
381,R35,89.0
381,R36,37.0
381,R37,2.0
381,R38,10.0
381,R39,10497880.0
381,R40,6298728.0
381,R41,11584.0
381,R42,347502.0
381,R43,3936704.0
381,R44,44.0
381,R45,1050.0
381,R46,23.0
381,R47,1749.0
381,R48,104978.0
381,R49,139000.0
381,R50,9448092.0
381,R51,2886918.0
381,R52,1049788.0
381,R53,38.0
381,R54,131224.0
381,R55,1167.0
381,R56,2386.0
382,R1,10963152.0
382,R2,3837104.0
382,R3,3288946.0
382,R4,877052.0
382,R5,54815760.0
382,R6,164447280.0
382,R7,21926304.0
382,R8,73414.0
382,R9,97884.0
382,R10,4202542.0
382,R11,3471664.0
382,R12,1200.0
382,R13,793.6800000000001
382,R14,3654.0
382,R15,457.0
382,R16,1462.0
382,R17,109632.0
382,R18,146176.0
382,R19,913596.0
382,R20,73088.0
382,R21,2436.0
382,R22,924.0
382,R23,2924.0
382,R24,1339.0
382,R25,3654.0
382,R26,582.0
382,R27,101.0
382,R28,7.0
382,R29,742.0
382,R30,1403.0
382,R31,130.0
382,R32,36.0
382,R33,8.0
382,R34,576.0
382,R35,90.0
382,R36,20.0
382,R37,2.0
382,R38,24.0
382,R39,7308768.0
382,R40,4385260.0
382,R41,8157.0
382,R42,244711.0
382,R43,2740788.0
382,R44,30.0
382,R45,730.0
382,R46,70.0
382,R47,1218.0
382,R48,73088.0
382,R49,97884.0
382,R50,6577892.0
382,R51,2009911.0
382,R52,730876.0
382,R53,20.0
382,R54,91359.0
382,R55,812.0
382,R56,1661.0
383,R1,7156866.0
383,R2,2504903.0
383,R3,2147059.0
383,R4,572549.0
383,R5,35784330.0
383,R6,107352990.0
383,R7,14313732.0
383,R8,50286.0
383,R9,67128.0
383,R10,2743466.0
383,R11,2266630.0
383,R12,1200.0
383,R13,767.36
383,R14,2398.0
383,R15,374.0
383,R16,954.0
383,R17,71568.0
383,R18,95424.0
383,R19,596405.0
383,R20,47712.0
383,R21,1590.0
383,R22,616.0
383,R23,1908.0
383,R24,834.0
383,R25,2425.0
383,R26,190.0
383,R27,15.0
383,R28,4.0
383,R29,478.0
383,R30,900.0
383,R31,129.0
383,R32,77.0
383,R33,4.0
383,R34,239.0
383,R35,49.0
383,R36,47.0
383,R37,0.0
383,R38,3.0
383,R39,4771244.0
383,R40,2862746.0
383,R41,5587.0
383,R42,167708.0
383,R43,1789454.0
383,R44,34.0
383,R45,548.0
383,R46,10.0
383,R47,795.0
383,R48,47712.0
383,R49,67048.0
383,R50,4294120.0
383,R51,1312212.0
383,R52,477124.0
383,R53,14.0
383,R54,59713.0
383,R55,550.0
383,R56,1143.0
384,R1,7642926.0
384,R2,2675024.0
384,R3,2292878.0
384,R4,611434.0
384,R5,38214630.0
384,R6,114643890.0
384,R7,15285852.0
384,R8,53469.0
384,R9,71292.0
384,R10,2929788.0
384,R11,2420260.0
384,R12,1200.0
384,R13,840.0
384,R14,2548.0
384,R15,330.0
384,R16,1020.0
384,R17,76429.0
384,R18,101906.0
384,R19,636910.0
384,R20,50953.0
384,R21,1699.0
384,R22,637.0
384,R23,2038.0
384,R24,892.0
384,R25,2548.0
384,R26,204.0
384,R27,24.0
384,R28,5.0
384,R29,517.0
384,R30,863.0
384,R31,40.0
384,R32,61.0
384,R33,6.0
384,R34,255.0
384,R35,73.0
384,R36,125.0
384,R37,63.0
384,R38,3.0
384,R39,5095284.0
384,R40,3057170.0
384,R41,5940.0
384,R42,178230.0
384,R43,1910732.0
384,R44,22.0
384,R45,526.0
384,R46,16.0
384,R47,850.0
384,R48,50953.0
384,R49,71292.0
384,R50,4585756.0
384,R51,1401203.0
384,R52,509528.0
384,R53,14.0
384,R54,63692.0
384,R55,566.0
384,R56,1200.0
385,R1,5776734.0
385,R2,2021943.0
385,R3,1733020.0
385,R4,462138.0
385,R5,28883670.0
385,R6,86651010.0
385,R7,11553468.0
385,R8,41096.0
385,R9,54796.0
385,R10,2214415.0
385,R11,1829299.0
385,R12,1079.44
385,R13,699.6800000000001
385,R14,1926.0
385,R15,240.0
385,R16,770.0
385,R17,57768.0
385,R18,77024.0
385,R19,481394.0
385,R20,38512.0
385,R21,1284.0
385,R22,482.0
385,R23,1540.0
385,R24,704.0
385,R25,1926.0
385,R26,369.0
385,R27,77.0
385,R28,4.0
385,R29,394.0
385,R30,777.0
385,R31,86.0
385,R32,26.0
385,R33,4.0
385,R34,382.0
385,R35,56.0
385,R36,20.0
385,R37,0.0
385,R38,14.0
385,R39,3851156.0
385,R40,2310915.0
385,R41,4566.0
385,R42,136989.0
385,R43,1444184.0
385,R44,16.0
385,R45,386.0
385,R46,48.0
385,R47,642.0
385,R48,38512.0
385,R49,54796.0
385,R50,3466040.0
385,R51,1059068.0
385,R52,385116.0
385,R53,20.0
385,R54,48139.0
385,R55,428.0
385,R56,875.0
386,R1,13510038.0
386,R2,4728514.0
386,R3,4053011.0
386,R4,1080804.0
386,R5,67550190.0
386,R6,202650570.0
386,R7,27020076.0
386,R8,88958.0
386,R9,118610.0
386,R10,5178848.0
386,R11,4278178.0
386,R12,1200.0
386,R13,840.0
386,R14,4503.0
386,R15,581.0
386,R16,1802.0
386,R17,135100.0
386,R18,180134.0
386,R19,1125836.0
386,R20,90066.0
386,R21,3002.0
386,R22,1126.0
386,R23,3602.0
386,R24,1590.0
386,R25,4503.0
386,R26,420.0
386,R27,36.0
386,R28,9.0
386,R29,900.0
386,R30,1553.0
386,R31,220.0
386,R32,92.0
386,R33,5.0
386,R34,450.0
386,R35,94.0
386,R36,51.0
386,R37,1.0
386,R38,12.0
386,R39,9006692.0
386,R40,5404015.0
386,R41,9884.0
386,R42,296527.0
386,R43,3377510.0
386,R44,38.0
386,R45,976.0
386,R46,36.0
386,R47,1517.0
386,R48,90066.0
386,R49,118610.0
386,R50,8106023.0
386,R51,2476840.0
386,R52,900669.0
386,R53,51.0
386,R54,112584.0
386,R55,1008.0
386,R56,2063.0
387,R1,10192380.0
387,R2,3567332.0
387,R3,3057714.0
387,R4,815390.0
387,R5,50961900.0
387,R6,152885700.0
387,R7,20384760.0
387,R8,66108.0
387,R9,88314.0
387,R10,3907079.0
387,R11,3228244.0
387,R12,1200.0
387,R13,840.0
387,R14,3398.0
387,R15,502.0
387,R16,1359.0
387,R17,101924.0
387,R18,135898.0
387,R19,849364.0
387,R20,67950.0
387,R21,2265.0
387,R22,895.0
387,R23,2718.0
387,R24,1190.0
387,R25,3398.0
387,R26,272.0
387,R27,28.0
387,R28,35.0
387,R29,748.0
387,R30,1184.0
387,R31,56.0
387,R32,68.0
387,R33,4.0
387,R34,339.0
387,R35,14.0
387,R36,36.0
387,R37,10.0
387,R38,20.0
387,R39,6794920.0
387,R40,4076952.0
387,R41,7346.0
387,R42,220361.0
387,R43,2548635.0
387,R44,28.0
387,R45,748.0
387,R46,50.0
387,R47,1132.0
387,R48,67950.0
387,R49,88145.0
387,R50,6115428.0
387,R51,1868604.0
387,R52,679492.0
387,R53,18.0
387,R54,84936.0
387,R55,755.0
387,R56,1544.0
388,R1,21174186.0
388,R2,7410965.0
388,R3,6352256.0
388,R4,1693934.0
388,R5,105870930.0
388,R6,317612790.0
388,R7,42348372.0
388,R8,136488.0
388,R9,181984.0
388,R10,8116771.0
388,R11,6705158.0
388,R12,1200.0
388,R13,840.0
388,R14,7058.0
388,R15,882.0
388,R16,2823.0
388,R17,211742.0
388,R18,282322.0
388,R19,1764516.0
388,R20,141162.0
388,R21,4706.0
388,R22,1784.0
388,R23,5646.0
388,R24,2530.0
388,R25,7058.0
388,R26,854.0
388,R27,172.0
388,R28,15.0
388,R29,1424.0
388,R30,2517.0
388,R31,278.0
388,R32,71.0
388,R33,16.0
388,R34,896.0
388,R35,173.0
388,R36,39.0
388,R37,2.0
388,R38,60.0
388,R39,14116124.0
388,R40,8469674.0
388,R41,15166.0
388,R42,454961.0
388,R43,5293546.0
388,R44,58.0
388,R45,1412.0
388,R46,134.0
388,R47,2352.0
388,R48,141162.0
388,R49,181984.0
388,R50,12704512.0
388,R51,3881935.0
388,R52,1411612.0
388,R53,39.0
388,R54,176452.0
388,R55,1569.0
388,R56,3208.0
389,R1,3466902.0
389,R2,1213416.0
389,R3,1040070.0
389,R4,277352.0
389,R5,17334510.0
389,R6,52003530.0
389,R7,6933804.0
389,R8,23134.0
389,R9,30846.0
389,R10,1328980.0
389,R11,1097852.0
389,R12,1058.56
389,R13,689.28
389,R14,1156.0
389,R15,144.0
389,R16,462.0
389,R17,34670.0
389,R18,46226.0
389,R19,288908.0
389,R20,23112.0
389,R21,770.0
389,R22,289.0
389,R23,925.0
389,R24,405.0
389,R25,1156.0
389,R26,93.0
389,R27,15.0
389,R28,2.0
389,R29,242.0
389,R30,386.0
389,R31,10.0
389,R32,12.0
389,R33,4.0
389,R34,116.0
389,R35,4.0
389,R36,6.0
389,R37,0.0
389,R38,2.0
389,R39,2311268.0
389,R40,1386760.0
389,R41,2571.0
389,R42,77114.0
389,R43,866726.0
389,R44,10.0
389,R45,231.0
389,R46,6.0
389,R47,386.0
389,R48,23112.0
389,R49,30846.0
389,R50,2080142.0
389,R51,635598.0
389,R52,231126.0
389,R53,6.0
389,R54,28891.0
389,R55,257.0
389,R56,526.0
39,R1,3673860.0
39,R2,1285852.0
39,R3,1102158.0
39,R4,293909.0
39,R5,18369300.0
39,R6,55107900.0
39,R7,7347720.0
39,R8,23310.0
39,R9,31080.0
39,R10,1408312.0
39,R11,1163388.0
39,R12,1200.0
39,R13,773.84
39,R14,1224.0
39,R15,164.0
39,R16,490.0
39,R17,36738.0
39,R18,48985.0
39,R19,306156.0
39,R20,24492.0
39,R21,817.0
39,R22,306.0
39,R23,980.0
39,R24,428.0
39,R25,1224.0
39,R26,133.0
39,R27,40.0
39,R28,4.0
39,R29,281.0
39,R30,431.0
39,R31,30.0
39,R32,12.0
39,R33,6.0
39,R34,141.0
39,R35,35.0
39,R36,7.0
39,R37,0.0
39,R38,4.0
39,R39,2449240.0
39,R40,1469544.0
39,R41,2590.0
39,R42,77700.0
39,R43,918464.0
39,R44,10.0
39,R45,272.0
39,R46,9.0
39,R47,422.0
39,R48,24492.0
39,R49,31080.0
39,R50,2204316.0
39,R51,673541.0
39,R52,244924.0
39,R53,21.0
39,R54,30615.0
39,R55,272.0
39,R56,568.0
390,R1,4398660.0
390,R2,1539531.0
390,R3,1319598.0
390,R4,351892.0
390,R5,21993300.0
390,R6,65979900.0
390,R7,8797320.0
390,R8,30964.0
390,R9,41286.0
390,R10,1686153.0
390,R11,1392908.0
390,R12,1068.24
390,R13,694.16
390,R14,1466.0
390,R15,204.0
390,R16,586.0
390,R17,43986.0
390,R18,58648.0
390,R19,366556.0
390,R20,29325.0
390,R21,978.0
390,R22,366.0
390,R23,1173.0
390,R24,543.0
390,R25,1466.0
390,R26,118.0
390,R27,6.0
390,R28,10.0
390,R29,377.0
390,R30,582.0
390,R31,30.0
390,R32,48.0
390,R33,2.0
390,R34,146.0
390,R35,6.0
390,R36,28.0
390,R37,0.0
390,R38,10.0
390,R39,2932440.0
390,R40,1759464.0
390,R41,3441.0
390,R42,103214.0
390,R43,1099664.0
390,R44,13.0
390,R45,386.0
390,R46,24.0
390,R47,488.0
390,R48,29325.0
390,R49,41286.0
390,R50,2639196.0
390,R51,806421.0
390,R52,293244.0
390,R53,8.0
390,R54,36656.0
390,R55,326.0
390,R56,666.0
391,R1,2646972.0
391,R2,926440.0
391,R3,794092.0
391,R4,211758.0
391,R5,13234860.0
391,R6,39704580.0
391,R7,5293944.0
391,R8,19252.0
391,R9,25670.0
391,R10,1014673.0
391,R11,838208.0
391,R12,872.96
391,R13,596.48
391,R14,882.0
391,R15,121.0
391,R16,352.0
391,R17,26470.0
391,R18,35293.0
391,R19,220580.0
391,R20,17646.0
391,R21,588.0
391,R22,220.0
391,R23,706.0
391,R24,308.0
391,R25,882.0
391,R26,71.0
391,R27,20.0
391,R28,2.0
391,R29,182.0
391,R30,305.0
391,R31,33.0
391,R32,31.0
391,R33,9.0
391,R34,88.0
391,R35,4.0
391,R36,17.0
391,R37,0.0
391,R38,2.0
391,R39,1764648.0
391,R40,1058789.0
391,R41,2140.0
391,R42,64177.0
391,R43,661744.0
391,R44,8.0
391,R45,185.0
391,R46,4.0
391,R47,294.0
391,R48,17646.0
391,R49,25670.0
391,R50,1588183.0
391,R51,485278.0
391,R52,176465.0
391,R53,6.0
391,R54,22058.0
391,R55,196.0
391,R56,401.0
392,R1,3661098.0
392,R2,1281384.0
392,R3,1098330.0
392,R4,292888.0
392,R5,18305490.0
392,R6,54916470.0
392,R7,7322196.0
392,R8,27204.0
392,R9,36273.0
392,R10,1403420.0
392,R11,1159620.0
392,R12,988.64
392,R13,654.32
392,R14,1220.0
392,R15,152.0
392,R16,488.0
392,R17,36610.0
392,R18,48815.0
392,R19,305149.0
392,R20,24408.0
392,R21,813.0
392,R22,305.0
392,R23,976.0
392,R24,427.0
392,R25,1220.0
392,R26,98.0
392,R27,8.0
392,R28,2.0
392,R29,283.0
392,R30,407.0
392,R31,102.0
392,R32,24.0
392,R33,4.0
392,R34,122.0
392,R35,48.0
392,R36,6.0
392,R37,0.0
392,R38,2.0
392,R39,2440732.0
392,R40,1464439.0
392,R41,3022.0
392,R42,90772.0
392,R43,915275.0
392,R44,20.0
392,R45,262.0
392,R46,8.0
392,R47,431.0
392,R48,24408.0
392,R49,36356.0
392,R50,2196659.0
392,R51,671202.0
392,R52,244073.0
392,R53,12.0
392,R54,30510.0
392,R55,271.0
392,R56,555.0
393,R1,9893982.0
393,R2,3462894.0
393,R3,2968194.0
393,R4,791518.0
393,R5,49469910.0
393,R6,148409730.0
393,R7,19787964.0
393,R8,74655.0
393,R9,99540.0
393,R10,3792693.0
393,R11,3133094.0
393,R12,1200.0
393,R13,840.0
393,R14,3298.0
393,R15,422.0
393,R16,1320.0
393,R17,98939.0
393,R18,131920.0
393,R19,824498.0
393,R20,65960.0
393,R21,2199.0
393,R22,824.0
393,R23,2638.0
393,R24,1154.0
393,R25,3298.0
393,R26,264.0
393,R27,24.0
393,R28,6.0
393,R29,661.0
393,R30,1110.0
393,R31,38.0
393,R32,57.0
393,R33,6.0
393,R34,330.0
393,R35,19.0
393,R36,29.0
393,R37,2.0
393,R38,4.0
393,R39,6595988.0
393,R40,3957592.0
393,R41,8295.0
393,R42,248850.0
393,R43,2473496.0
393,R44,28.0
393,R45,670.0
393,R46,29.0
393,R47,1100.0
393,R48,65960.0
393,R49,99540.0
393,R50,5936390.0
393,R51,1813897.0
393,R52,659598.0
393,R53,18.0
393,R54,82450.0
393,R55,733.0
393,R56,1500.0
394,R1,3662292.0
394,R2,1281802.0
394,R3,1098688.0
394,R4,292984.0
394,R5,18311460.0
394,R6,54934380.0
394,R7,7324584.0
394,R8,27398.0
394,R9,36530.0
394,R10,1404218.0
394,R11,1159726.0
394,R12,926.5600000000001
394,R13,623.28
394,R14,1220.0
394,R15,152.0
394,R16,489.0
394,R17,36623.0
394,R18,48830.0
394,R19,305192.0
394,R20,24416.0
394,R21,814.0
394,R22,306.0
394,R23,976.0
394,R24,440.0
394,R25,1220.0
394,R26,142.0
394,R27,8.0
394,R28,2.0
394,R29,252.0
394,R30,445.0
394,R31,10.0
394,R32,12.0
394,R33,4.0
394,R34,122.0
394,R35,4.0
394,R36,18.0
394,R37,0.0
394,R38,6.0
394,R39,2441528.0
394,R40,1464917.0
394,R41,3044.0
394,R42,91326.0
394,R43,915572.0
394,R44,79.0
394,R45,244.0
394,R46,12.0
394,R47,406.0
394,R48,24416.0
394,R49,36530.0
394,R50,2197375.0
394,R51,671420.0
394,R52,244153.0
394,R53,12.0
394,R54,30519.0
394,R55,274.0
394,R56,570.0
395,R1,9461214.0
395,R2,3311424.0
395,R3,2838364.0
395,R4,756898.0
395,R5,47306070.0
395,R6,141918210.0
395,R7,18922428.0
395,R8,72225.0
395,R9,96300.0
395,R10,3626798.0
395,R11,2996052.0
395,R12,1200.0
395,R13,783.6
395,R14,3154.0
395,R15,394.0
395,R16,1262.0
395,R17,94612.0
395,R18,126149.0
395,R19,788434.0
395,R20,63075.0
395,R21,2102.0
395,R22,788.0
395,R23,2523.0
395,R24,1116.0
395,R25,3154.0
395,R26,311.0
395,R27,37.0
395,R28,30.0
395,R29,694.0
395,R30,1152.0
395,R31,26.0
395,R32,32.0
395,R33,4.0
395,R34,315.0
395,R35,12.0
395,R36,18.0
395,R37,8.0
395,R38,24.0
395,R39,6307476.0
395,R40,3784485.0
395,R41,8025.0
395,R42,240750.0
395,R43,2365304.0
395,R44,26.0
395,R45,702.0
395,R46,54.0
395,R47,1052.0
395,R48,63075.0
395,R49,96300.0
395,R50,5676729.0
395,R51,1734556.0
395,R52,630747.0
395,R53,51.0
395,R54,78844.0
395,R55,708.0
395,R56,1450.0
396,R1,5807466.0
396,R2,2032613.0
396,R3,1742239.0
396,R4,464598.0
396,R5,29037330.0
396,R6,87111990.0
396,R7,11614932.0
396,R8,40706.0
396,R9,54274.0
396,R10,2226196.0
396,R11,1839031.0
396,R12,1200.0
396,R13,836.64
396,R14,1936.0
396,R15,242.0
396,R16,774.0
396,R17,58074.0
396,R18,77433.0
396,R19,483956.0
396,R20,38716.0
396,R21,1290.0
396,R22,484.0
396,R23,1549.0
396,R24,685.0
396,R25,1936.0
396,R26,193.0
396,R27,28.0
396,R28,4.0
396,R29,396.0
396,R30,672.0
396,R31,16.0
396,R32,19.0
396,R33,4.0
396,R34,194.0
396,R35,8.0
396,R36,11.0
396,R37,0.0
396,R38,4.0
396,R39,3871644.0
396,R40,2322986.0
396,R41,4523.0
396,R42,135686.0
396,R43,1451866.0
396,R44,16.0
396,R45,387.0
396,R46,15.0
396,R47,646.0
396,R48,38716.0
396,R49,54274.0
396,R50,3484480.0
396,R51,1064702.0
396,R52,387164.0
396,R53,22.0
396,R54,48396.0
396,R55,432.0
396,R56,894.0
397,R1,7325676.0
397,R2,2563986.0
397,R3,2197702.0
397,R4,586054.0
397,R5,36628380.0
397,R6,109885140.0
397,R7,14651352.0
397,R8,49216.0
397,R9,65622.0
397,R10,2808176.0
397,R11,2319798.0
397,R12,1123.44
397,R13,721.76
397,R14,2442.0
397,R15,306.0
397,R16,976.0
397,R17,73257.0
397,R18,97676.0
397,R19,610472.0
397,R20,48837.0
397,R21,1628.0
397,R22,610.0
397,R23,1954.0
397,R24,855.0
397,R25,2445.0
397,R26,196.0
397,R27,10.0
397,R28,4.0
397,R29,489.0
397,R30,814.0
397,R31,112.0
397,R32,24.0
397,R33,3.0
397,R34,244.0
397,R35,62.0
397,R36,13.0
397,R37,94.0
397,R38,4.0
397,R39,4883784.0
397,R40,2930270.0
397,R41,5468.0
397,R42,164053.0
397,R43,1831420.0
397,R44,20.0
397,R45,489.0
397,R46,6.0
397,R47,830.0
397,R48,48837.0
397,R49,65622.0
397,R50,4395406.0
397,R51,1343041.0
397,R52,488378.0
397,R53,13.0
397,R54,61048.0
397,R55,542.0
397,R56,1110.0
398,R1,8277882.0
398,R2,2897258.0
398,R3,2483364.0
398,R4,662231.0
398,R5,41389410.0
398,R6,124168230.0
398,R7,16555764.0
398,R8,60781.0
398,R9,81180.0
398,R10,3173188.0
398,R11,2621330.0
398,R12,1200.0
398,R13,840.0
398,R14,2779.0
398,R15,414.0
398,R16,1103.0
398,R17,82778.0
398,R18,110372.0
398,R19,689824.0
398,R20,55186.0
398,R21,1943.0
398,R22,723.0
398,R23,2210.0
398,R24,966.0
398,R25,2759.0
398,R26,220.0
398,R27,24.0
398,R28,10.0
398,R29,552.0
398,R30,934.0
398,R31,70.0
398,R32,85.0
398,R33,3.0
398,R34,276.0
398,R35,12.0
398,R36,45.0
398,R37,1.0
398,R38,4.0
398,R39,5518588.0
398,R40,3311153.0
398,R41,6754.0
398,R42,202760.0
398,R43,2069859.0
398,R44,23.0
398,R45,568.0
398,R46,16.0
398,R47,1007.0
398,R48,55186.0
398,R49,81042.0
398,R50,4966729.0
398,R51,1517808.0
398,R52,551859.0
398,R53,15.0
398,R54,68982.0
398,R55,613.0
398,R56,1254.0
399,R1,3679152.0
399,R2,1287777.0
399,R3,1103746.0
399,R4,294332.0
399,R5,18395760.0
399,R6,55187280.0
399,R7,7358304.0
399,R8,24768.0
399,R9,33024.0
399,R10,1410700.0
399,R11,1165065.0
399,R12,982.0
399,R13,650.96
399,R14,1227.0
399,R15,153.0
399,R16,490.0
399,R17,36792.0
399,R18,49056.0
399,R19,306596.0
399,R20,24528.0
399,R21,818.0
399,R22,306.0
399,R23,982.0
399,R24,429.0
399,R25,1227.0
399,R26,98.0
399,R27,18.0
399,R28,2.0
399,R29,257.0
399,R30,499.0
399,R31,98.0
399,R32,12.0
399,R33,83.0
399,R34,122.0
399,R35,56.0
399,R36,12.0
399,R37,0.0
399,R38,2.0
399,R39,2453117.0
399,R40,1471852.0
399,R41,2752.0
399,R42,82560.0
399,R43,919788.0
399,R44,10.0
399,R45,246.0
399,R46,8.0
399,R47,449.0
399,R48,24528.0
399,R49,33024.0
399,R50,2207747.0
399,R51,674511.0
399,R52,245277.0
399,R53,12.0
399,R54,30660.0
399,R55,291.0
399,R56,558.0
4,R1,844864.0
4,R2,296229.0
4,R3,253524.0
4,R4,67682.0
4,R5,4224186.0
4,R6,12672180.0
4,R7,1689624.0
4,R8,3300.0
4,R9,4402.0
4,R10,323845.0
4,R11,267524.0
4,R12,5000.0
4,R13,3500.0
4,R14,281.0
4,R15,46.0
4,R16,113.0
4,R17,8448.0
4,R18,11265.0
4,R19,70400.0
4,R20,5632.0
4,R21,188.0
4,R22,72.0
4,R23,226.0
4,R24,99.0
4,R25,281.0
4,R26,37.0
4,R27,1.0
4,R28,0.0
4,R29,81.0
4,R30,116.0
4,R31,26.0
4,R32,15.0
4,R33,0.0
4,R34,42.0
4,R35,1.0
4,R36,2.0
4,R37,0.0
4,R38,0.0
4,R39,563208.0
4,R40,337925.0
4,R41,366.0
4,R42,11002.0
4,R43,211204.0
4,R44,2.0
4,R45,81.0
4,R46,0.0
4,R47,105.0
4,R48,5632.0
4,R49,4402.0
4,R50,506887.0
4,R51,154882.0
4,R52,56321.0
4,R53,17.0
4,R54,7040.0
4,R55,63.0
4,R56,140.0
40,R1,3600978.0
40,R2,1260342.0
40,R3,1080294.0
40,R4,288078.0
40,R5,18004890.0
40,R6,54014670.0
40,R7,7201956.0
40,R8,21258.0
40,R9,28344.0
40,R10,1380374.0
40,R11,1140310.0
40,R12,1200.0
40,R13,840.0
40,R14,1200.0
40,R15,195.0
40,R16,480.0
40,R17,36009.0
40,R18,48013.0
40,R19,300081.0
40,R20,24007.0
40,R21,800.0
40,R22,300.0
40,R23,960.0
40,R24,420.0
40,R25,1233.0
40,R26,136.0
40,R27,10.0
40,R28,2.0
40,R29,240.0
40,R30,490.0
40,R31,30.0
40,R32,24.0
40,R33,18.0
40,R34,145.0
40,R35,40.0
40,R36,72.0
40,R37,0.0
40,R38,6.0
40,R39,2400652.0
40,R40,1440391.0
40,R41,2362.0
40,R42,70924.0
40,R43,900245.0
40,R44,20.0
40,R45,286.0
40,R46,12.0
40,R47,400.0
40,R48,24007.0
40,R49,28344.0
40,R50,2160587.0
40,R51,660180.0
40,R52,240065.0
40,R53,20.0
40,R54,30070.0
40,R55,283.0
40,R56,595.0
400,R1,3953502.0
400,R2,1383726.0
400,R3,1186050.0
400,R4,316280.0
400,R5,19767510.0
400,R6,59302530.0
400,R7,7907004.0
400,R8,27589.0
400,R9,36786.0
400,R10,1515510.0
400,R11,1251942.0
400,R12,1200.0
400,R13,840.0
400,R14,1318.0
400,R15,232.0
400,R16,527.0
400,R17,39536.0
400,R18,52714.0
400,R19,329458.0
400,R20,26356.0
400,R21,878.0
400,R22,329.0
400,R23,1054.0
400,R24,462.0
400,R25,1318.0
400,R26,105.0
400,R27,6.0
400,R28,2.0
400,R29,264.0
400,R30,456.0
400,R31,118.0
400,R32,48.0
400,R33,2.0
400,R34,132.0
400,R35,54.0
400,R36,25.0
400,R37,0.0
400,R38,2.0
400,R39,2635668.0
400,R40,1581401.0
400,R41,3066.0
400,R42,91964.0
400,R43,988376.0
400,R44,11.0
400,R45,277.0
400,R46,8.0
400,R47,455.0
400,R48,26356.0
400,R49,36786.0
400,R50,2372101.0
400,R51,724808.0
400,R52,263567.0
400,R53,8.0
400,R54,32945.0
400,R55,293.0
400,R56,599.0
401,R1,14159316.0
401,R2,4955760.0
401,R3,4247794.0
401,R4,1132746.0
401,R5,70796580.0
401,R6,212389740.0
401,R7,28318632.0
401,R8,94688.0
401,R9,126252.0
401,R10,5427738.0
401,R11,4483784.0
401,R12,1200.0
401,R13,840.0
401,R14,4720.0
401,R15,603.0
401,R16,1888.0
401,R17,141594.0
401,R18,188791.0
401,R19,1179943.0
401,R20,94395.0
401,R21,3146.0
401,R22,1180.0
401,R23,3776.0
401,R24,1696.0
401,R25,4720.0
401,R26,644.0
401,R27,144.0
401,R28,9.0
401,R29,944.0
401,R30,1757.0
401,R31,286.0
401,R32,100.0
401,R33,6.0
401,R34,622.0
401,R35,148.0
401,R36,45.0
401,R37,2.0
401,R38,48.0
401,R39,9439544.0
401,R40,5663726.0
401,R41,10521.0
401,R42,315630.0
401,R43,3539829.0
401,R44,40.0
401,R45,958.0
401,R46,112.0
401,R47,1574.0
401,R48,94395.0
401,R49,126252.0
401,R50,8495590.0
401,R51,2595875.0
401,R52,943954.0
401,R53,52.0
401,R54,117994.0
401,R55,1050.0
401,R56,2153.0
402,R1,5110014.0
402,R2,1788505.0
402,R3,1533004.0
402,R4,408801.0
402,R5,25550070.0
402,R6,76650210.0
402,R7,10220028.0
402,R8,34662.0
402,R9,46217.0
402,R10,1958839.0
402,R11,1618171.0
402,R12,1064.64
402,R13,692.32
402,R14,1704.0
402,R15,212.0
402,R16,681.0
402,R17,51100.0
402,R18,68134.0
402,R19,425834.0
402,R20,34067.0
402,R21,1136.0
402,R22,426.0
402,R23,1363.0
402,R24,596.0
402,R25,1704.0
402,R26,136.0
402,R27,6.0
402,R28,4.0
402,R29,340.0
402,R30,568.0
402,R31,114.0
402,R32,18.0
402,R33,2.0
402,R34,171.0
402,R35,58.0
402,R36,9.0
402,R37,0.0
402,R38,2.0
402,R39,3406676.0
402,R40,2044005.0
402,R41,3851.0
402,R42,115542.0
402,R43,1277504.0
402,R44,14.0
402,R45,340.0
402,R46,4.0
402,R47,584.0
402,R48,34067.0
402,R49,46217.0
402,R50,3066009.0
402,R51,936836.0
402,R52,340667.0
402,R53,9.0
402,R54,42584.0
402,R55,378.0
402,R56,775.0
403,R1,8963904.0
403,R2,3137366.0
403,R3,2689172.0
403,R4,717112.0
403,R5,44819520.0
403,R6,134458560.0
403,R7,17927808.0
403,R8,66234.0
403,R9,88310.0
403,R10,3436163.0
403,R11,2838570.0
403,R12,1200.0
403,R13,840.0
403,R14,2988.0
403,R15,392.0
403,R16,1196.0
403,R17,89639.0
403,R18,119518.0
403,R19,746992.0
403,R20,59760.0
403,R21,1992.0
403,R22,777.0
403,R23,2390.0
403,R24,1126.0
403,R25,2988.0
403,R26,520.0
403,R27,90.0
403,R28,5.0
403,R29,598.0
403,R30,1190.0
403,R31,174.0
403,R32,91.0
403,R33,4.0
403,R34,534.0
403,R35,72.0
403,R36,33.0
403,R37,1.0
403,R38,28.0
403,R39,5975936.0
403,R40,3585561.0
403,R41,7360.0
403,R42,220778.0
403,R43,2240976.0
403,R44,24.0
403,R45,618.0
403,R46,63.0
403,R47,996.0
403,R48,59760.0
403,R49,88310.0
403,R50,5378343.0
403,R51,1643382.0
403,R52,597593.0
403,R53,31.0
403,R54,74700.0
403,R55,664.0
403,R56,1358.0
404,R1,7239840.0
404,R2,2533944.0
404,R3,2171952.0
404,R4,579188.0
404,R5,36199200.0
404,R6,108597600.0
404,R7,14479680.0
404,R8,50414.0
404,R9,67218.0
404,R10,2775271.0
404,R11,2292616.0
404,R12,1200.0
404,R13,840.0
404,R14,2413.0
404,R15,313.0
404,R16,966.0
404,R17,72398.0
404,R18,96532.0
404,R19,603320.0
404,R20,48266.0
404,R21,1609.0
404,R22,604.0
404,R23,1930.0
404,R24,904.0
404,R25,2413.0
404,R26,454.0
404,R27,60.0
404,R28,5.0
404,R29,482.0
404,R30,966.0
404,R31,248.0
404,R32,60.0
404,R33,4.0
404,R34,437.0
404,R35,120.0
404,R36,29.0
404,R37,0.0
404,R38,24.0
404,R39,4826560.0
404,R40,2895936.0
404,R41,5602.0
404,R42,168043.0
404,R43,1809960.0
404,R44,20.0
404,R45,494.0
404,R46,42.0
404,R47,820.0
404,R48,48266.0
404,R49,67218.0
404,R50,4343904.0
404,R51,1327305.0
404,R52,482656.0
404,R53,13.0
404,R54,60332.0
404,R55,536.0
404,R56,1097.0
405,R1,9718242.0
405,R2,3401384.0
405,R3,2915472.0
405,R4,777460.0
405,R5,48591210.0
405,R6,145773630.0
405,R7,19436484.0
405,R8,65616.0
405,R9,87488.0
405,R10,3725326.0
405,R11,3077444.0
405,R12,1200.0
405,R13,840.0
405,R14,3240.0
405,R15,421.0
405,R16,1296.0
405,R17,97182.0
405,R18,129576.0
405,R19,809854.0
405,R20,64788.0
405,R21,2160.0
405,R22,810.0
405,R23,2592.0
405,R24,1134.0
405,R25,3240.0
405,R26,260.0
405,R27,77.0
405,R28,6.0
405,R29,648.0
405,R30,1102.0
405,R31,59.0
405,R32,125.0
405,R33,4.0
405,R34,324.0
405,R35,13.0
405,R36,55.0
405,R37,2.0
405,R38,8.0
405,R39,6478828.0
405,R40,3887296.0
405,R41,7290.0
405,R42,218719.0
405,R43,2429560.0
405,R44,55.0
405,R45,667.0
405,R46,20.0
405,R47,1080.0
405,R48,64788.0
405,R49,87488.0
405,R50,5830946.0
405,R51,1781678.0
405,R52,647882.0
405,R53,18.0
405,R54,80986.0
405,R55,720.0
405,R56,1472.0
406,R1,15981774.0
406,R2,5593620.0
406,R3,4794532.0
406,R4,1278542.0
406,R5,79908870.0
406,R6,239726610.0
406,R7,31963548.0
406,R8,108148.0
406,R9,144197.0
406,R10,6126346.0
406,R11,5060895.0
406,R12,1200.0
406,R13,840.0
406,R14,5328.0
406,R15,705.0
406,R16,2131.0
406,R17,159818.0
406,R18,213090.0
406,R19,1331995.0
406,R20,106545.0
406,R21,3552.0
406,R22,1332.0
406,R23,4262.0
406,R24,1874.0
406,R25,5328.0
406,R26,666.0
406,R27,122.0
406,R28,10.0
406,R29,1066.0
406,R30,1891.0
406,R31,281.0
406,R32,150.0
406,R33,12.0
406,R34,682.0
406,R35,122.0
406,R36,30.0
406,R37,2.0
406,R38,48.0
406,R39,10654516.0
406,R40,6392710.0
406,R41,12016.0
406,R42,360997.0
406,R43,3995443.0
406,R44,127.0
406,R45,1238.0
406,R46,86.0
406,R47,1776.0
406,R48,106545.0
406,R49,144431.0
406,R50,9589064.0
406,R51,2930340.0
406,R52,1065452.0
406,R53,57.0
406,R54,133394.0
406,R55,1242.0
406,R56,2594.0
407,R1,4935156.0
407,R2,1727305.0
407,R3,1480547.0
407,R4,394812.0
407,R5,24675780.0
407,R6,74027340.0
407,R7,9870312.0
407,R8,32120.0
407,R9,42828.0
407,R10,1891810.0
407,R11,1562799.0
407,R12,1106.32
407,R13,713.2
407,R14,1645.0
407,R15,206.0
407,R16,658.0
407,R17,49352.0
407,R18,65802.0
407,R19,411264.0
407,R20,32902.0
407,R21,1096.0
407,R22,422.0
407,R23,1316.0
407,R24,616.0
407,R25,1645.0
407,R26,342.0
407,R27,36.0
407,R28,3.0
407,R29,329.0
407,R30,708.0
407,R31,110.0
407,R32,16.0
407,R33,2.0
407,R34,360.0
407,R35,76.0
407,R36,9.0
407,R37,0.0
407,R38,12.0
407,R39,3290104.0
407,R40,1974062.0
407,R41,3568.0
407,R42,107068.0
407,R43,1233788.0
407,R44,14.0
407,R45,329.0
407,R46,24.0
407,R47,556.0
407,R48,32902.0
407,R49,42828.0
407,R50,2961094.0
407,R51,904778.0
407,R52,329010.0
407,R53,9.0
407,R54,41126.0
407,R55,365.0
407,R56,748.0
408,R1,9222798.0
408,R2,3227980.0
408,R3,2766840.0
408,R4,737824.0
408,R5,46113990.0
408,R6,138341970.0
408,R7,18445596.0
408,R8,57328.0
408,R9,76438.0
408,R10,3535406.0
408,R11,2920552.0
408,R12,1200.0
408,R13,840.0
408,R14,3075.0
408,R15,384.0
408,R16,1230.0
408,R17,92228.0
408,R18,122970.0
408,R19,768566.0
408,R20,61485.0
408,R21,2050.0
408,R22,768.0
408,R23,2460.0
408,R24,1116.0
408,R25,3075.0
408,R26,481.0
408,R27,72.0
408,R28,7.0
408,R29,615.0
408,R30,1155.0
408,R31,260.0
408,R32,31.0
408,R33,4.0
408,R34,497.0
408,R35,132.0
408,R36,18.0
408,R37,2.0
408,R38,24.0
408,R39,6148532.0
408,R40,3689119.0
408,R41,6370.0
408,R42,191092.0
408,R43,2305700.0
408,R44,26.0
408,R45,615.0
408,R46,54.0
408,R47,1025.0
408,R48,61485.0
408,R49,76438.0
408,R50,5533679.0
408,R51,1690847.0
408,R52,614853.0
408,R53,18.0
408,R54,76857.0
408,R55,684.0
408,R56,1398.0
409,R1,20063232.0
409,R2,7022131.0
409,R3,6018969.0
409,R4,1605059.0
409,R5,100316160.0
409,R6,300948480.0
409,R7,40126464.0
409,R8,126307.0
409,R9,168410.0
409,R10,7690906.0
409,R11,6353357.0
409,R12,1200.0
409,R13,840.0
409,R14,6688.0
409,R15,852.0
409,R16,2676.0
409,R17,200632.0
409,R18,267510.0
409,R19,1671936.0
409,R20,133754.0
409,R21,4459.0
409,R22,1672.0
409,R23,5350.0
409,R24,2341.0
409,R25,6688.0
409,R26,536.0
409,R27,40.0
409,R28,70.0
409,R29,1396.0
409,R30,2305.0
409,R31,102.0
409,R32,128.0
409,R33,18.0
409,R34,668.0
409,R35,26.0
409,R36,71.0
409,R37,15.0
409,R38,45.0
409,R39,13375488.0
409,R40,8025292.0
409,R41,14034.0
409,R42,421024.0
409,R43,5015808.0
409,R44,56.0
409,R45,1413.0
409,R46,122.0
409,R47,2229.0
409,R48,133754.0
409,R49,168410.0
409,R50,12037940.0
409,R51,3678260.0
409,R52,1337548.0
409,R53,54.0
409,R54,167194.0
409,R55,1487.0
409,R56,3040.0
41,R1,20992434.0
41,R2,7347352.0
41,R3,6297730.0
41,R4,1679394.0
41,R5,104962170.0
41,R6,314886510.0
41,R7,41984868.0
41,R8,129029.0
41,R9,172039.0
41,R10,8047100.0
41,R11,6647604.0
41,R12,1200.0
41,R13,840.0
41,R14,6998.0
41,R15,887.0
41,R16,2799.0
41,R17,209924.0
41,R18,279899.0
41,R19,1749370.0
41,R20,139950.0
41,R21,4665.0
41,R22,1749.0
41,R23,5598.0
41,R24,2449.0
41,R25,6998.0
41,R26,585.0
41,R27,28.0
41,R28,14.0
41,R29,1400.0
41,R30,2332.0
41,R31,89.0
41,R32,70.0
41,R33,18.0
41,R34,720.0
41,R35,28.0
41,R36,38.0
41,R37,57.0
41,R38,20.0
41,R39,13994956.0
41,R40,8396974.0
41,R41,14336.0
41,R42,430096.0
41,R43,5248108.0
41,R44,58.0
41,R45,1400.0
41,R46,41.0
41,R47,2332.0
41,R48,139950.0
41,R49,172039.0
41,R50,12595460.0
41,R51,3848612.0
41,R52,1399496.0
41,R53,77.0
41,R54,174937.0
41,R55,1555.0
41,R56,3181.0
410,R1,24383232.0
410,R2,8534131.0
410,R3,7314970.0
410,R4,1950658.0
410,R5,121916160.0
410,R6,365748480.0
410,R7,48766464.0
410,R8,156820.0
410,R9,209094.0
410,R10,9346905.0
410,R11,7721357.0
410,R12,1200.0
410,R13,840.0
410,R14,8128.0
410,R15,1016.0
410,R16,3251.0
410,R17,243832.0
410,R18,325110.0
410,R19,2031936.0
410,R20,162555.0
410,R21,5418.0
410,R22,2032.0
410,R23,6502.0
410,R24,2844.0
410,R25,8128.0
410,R26,650.0
410,R27,32.0
410,R28,16.0
410,R29,1626.0
410,R30,2709.0
410,R31,68.0
410,R32,82.0
410,R33,10.0
410,R34,812.0
410,R35,32.0
410,R36,45.0
410,R37,4.0
410,R38,10.0
410,R39,16255488.0
410,R40,9753293.0
410,R41,17424.0
410,R42,522735.0
410,R43,6095808.0
410,R44,68.0
410,R45,1626.0
410,R46,23.0
410,R47,2709.0
410,R48,162555.0
410,R49,209094.0
410,R50,14629939.0
410,R51,4470260.0
410,R52,1625549.0
410,R53,45.0
410,R54,203194.0
410,R55,1806.0
410,R56,3694.0
411,R1,6196524.0
411,R2,2168784.0
411,R3,1858958.0
411,R4,495721.0
411,R5,30982620.0
411,R6,92947860.0
411,R7,12393048.0
411,R8,44740.0
411,R9,59654.0
411,R10,2375334.0
411,R11,1962232.0
411,R12,1200.0
411,R13,776.24
411,R14,2066.0
411,R15,258.0
411,R16,826.0
411,R17,61966.0
411,R18,82620.0
411,R19,516376.0
411,R20,41310.0
411,R21,1377.0
411,R22,516.0
411,R23,1652.0
411,R24,722.0
411,R25,2066.0
411,R26,166.0
411,R27,8.0
411,R28,4.0
411,R29,414.0
411,R30,688.0
411,R31,18.0
411,R32,20.0
411,R33,2.0
411,R34,206.0
411,R35,8.0
411,R36,12.0
411,R37,65.0
411,R38,2.0
411,R39,4131016.0
411,R40,2478609.0
411,R41,4971.0
411,R42,149136.0
411,R43,1549132.0
411,R44,18.0
411,R45,414.0
411,R46,6.0
411,R47,688.0
411,R48,41310.0
411,R49,59654.0
411,R50,3717915.0
411,R51,1136030.0
411,R52,413101.0
411,R53,12.0
411,R54,51638.0
411,R55,460.0
411,R56,939.0
412,R1,4798686.0
412,R2,1679540.0
412,R3,1439606.0
412,R4,383895.0
412,R5,23993430.0
412,R6,71980290.0
412,R7,9597372.0
412,R8,30772.0
412,R9,41029.0
412,R10,1839496.0
412,R11,1519584.0
412,R12,1200.0
412,R13,820.0
412,R14,1600.0
412,R15,200.0
412,R16,640.0
412,R17,47987.0
412,R18,63982.0
412,R19,399890.0
412,R20,31992.0
412,R21,1066.0
412,R22,400.0
412,R23,1279.0
412,R24,560.0
412,R25,1600.0
412,R26,128.0
412,R27,7.0
412,R28,3.0
412,R29,320.0
412,R30,534.0
412,R31,13.0
412,R32,16.0
412,R33,2.0
412,R34,160.0
412,R35,7.0
412,R36,9.0
412,R37,0.0
412,R38,2.0
412,R39,3199124.0
412,R40,1919474.0
412,R41,3420.0
412,R42,102570.0
412,R43,1199672.0
412,R44,13.0
412,R45,320.0
412,R46,4.0
412,R47,534.0
412,R48,31992.0
412,R49,41029.0
412,R50,2879212.0
412,R51,879759.0
412,R52,319912.0
412,R53,9.0
412,R54,39990.0
412,R55,356.0
412,R56,728.0
413,R1,4493646.0
413,R2,1572776.0
413,R3,1348094.0
413,R4,359492.0
413,R5,22468230.0
413,R6,67404690.0
413,R7,8987292.0
413,R8,28969.0
413,R9,38625.0
413,R10,1722564.0
413,R11,1422988.0
413,R12,1084.8
413,R13,702.4
413,R14,1498.0
413,R15,194.0
413,R16,600.0
413,R17,44936.0
413,R18,59915.0
413,R19,374470.0
413,R20,29958.0
413,R21,998.0
413,R22,374.0
413,R23,1198.0
413,R24,524.0
413,R25,1498.0
413,R26,120.0
413,R27,6.0
413,R28,2.0
413,R29,303.0
413,R30,504.0
413,R31,113.0
413,R32,15.0
413,R33,4.0
413,R34,150.0
413,R35,50.0
413,R36,18.0
413,R37,0.0
413,R38,4.0
413,R39,2995764.0
413,R40,1797458.0
413,R41,3218.0
413,R42,96562.0
413,R43,1123412.0
413,R44,27.0
413,R45,307.0
413,R46,4.0
413,R47,516.0
413,R48,29958.0
413,R49,38625.0
413,R50,2696188.0
413,R51,823836.0
413,R52,299576.0
413,R53,8.0
413,R54,37447.0
413,R55,332.0
413,R56,681.0
414,R1,8479194.0
414,R2,2967718.0
414,R3,2543758.0
414,R4,678336.0
414,R5,42395970.0
414,R6,127187910.0
414,R7,16958388.0
414,R8,56076.0
414,R9,74770.0
414,R10,3250358.0
414,R11,2685078.0
414,R12,1200.0
414,R13,840.0
414,R14,2826.0
414,R15,366.0
414,R16,1130.0
414,R17,84792.0
414,R18,113056.0
414,R19,706600.0
414,R20,56528.0
414,R21,1884.0
414,R22,706.0
414,R23,2262.0
414,R24,990.0
414,R25,2826.0
414,R26,226.0
414,R27,12.0
414,R28,5.0
414,R29,571.0
414,R30,961.0
414,R31,58.0
414,R32,56.0
414,R33,8.0
414,R34,282.0
414,R35,12.0
414,R36,28.0
414,R37,1.0
414,R38,4.0
414,R39,5652796.0
414,R40,3391678.0
414,R41,6231.0
414,R42,186922.0
414,R43,2119798.0
414,R44,24.0
414,R45,584.0
414,R46,16.0
414,R47,942.0
414,R48,56528.0
414,R49,74770.0
414,R50,5087516.0
414,R51,1554519.0
414,R52,565280.0
414,R53,16.0
414,R54,70660.0
414,R55,628.0
414,R56,1284.0
415,R1,838920.0
415,R2,293635.0
415,R3,251676.0
415,R4,67113.0
415,R5,4194600.0
415,R6,12583800.0
415,R7,1677840.0
415,R8,5036.0
415,R9,6716.0
415,R10,321586.0
415,R11,265658.0
415,R12,4404.0
415,R13,3500.0
415,R14,280.0
415,R15,44.0
415,R16,112.0
415,R17,8389.0
415,R18,11209.0
415,R19,69909.0
415,R20,5592.0
415,R21,186.0
415,R22,70.0
415,R23,224.0
415,R24,102.0
415,R25,286.0
415,R26,52.0
415,R27,1.0
415,R28,0.0
415,R29,62.0
415,R30,133.0
415,R31,17.0
415,R32,33.0
415,R33,0.0
415,R34,28.0
415,R35,1.0
415,R36,28.0
415,R37,0.0
415,R38,0.0
415,R39,559280.0
415,R40,335601.0
415,R41,560.0
415,R42,16789.0
415,R43,209731.0
415,R44,13.0
415,R45,70.0
415,R46,0.0
415,R47,93.0
415,R48,5624.0
415,R49,6716.0
415,R50,503352.0
415,R51,153802.0
415,R52,55928.0
415,R53,4.0
415,R54,6992.0
415,R55,65.0
415,R56,138.0
416,R1,3201828.0
416,R2,1120640.0
416,R3,960548.0
416,R4,256146.0
416,R5,16009140.0
416,R6,48027420.0
416,R7,6403656.0
416,R8,21753.0
416,R9,29004.0
416,R10,1227368.0
416,R11,1013912.0
416,R12,1161.2
416,R13,740.64
416,R14,1067.0
416,R15,134.0
416,R16,426.0
416,R17,32018.0
416,R18,42691.0
416,R19,266819.0
416,R20,21346.0
416,R21,712.0
416,R22,266.0
416,R23,854.0
416,R24,374.0
416,R25,1067.0
416,R26,86.0
416,R27,4.0
416,R28,2.0
416,R29,219.0
416,R30,356.0
416,R31,9.0
416,R32,10.0
416,R33,4.0
416,R34,107.0
416,R35,4.0
416,R36,6.0
416,R37,0.0
416,R38,2.0
416,R39,2134552.0
416,R40,1280732.0
416,R41,2417.0
416,R42,72509.0
416,R43,800457.0
416,R44,9.0
416,R45,213.0
416,R46,3.0
416,R47,356.0
416,R48,21346.0
416,R49,29004.0
416,R50,1921096.0
416,R51,587002.0
416,R52,213456.0
416,R53,6.0
416,R54,26682.0
416,R55,237.0
416,R56,486.0
417,R1,1531380.0
417,R2,535984.0
417,R3,459414.0
417,R4,122510.0
417,R5,7656900.0
417,R6,22970700.0
417,R7,3062760.0
417,R8,9856.0
417,R9,13142.0
417,R10,587028.0
417,R11,484936.0
417,R12,903.52
417,R13,611.76
417,R14,511.0
417,R15,64.0
417,R16,204.0
417,R17,15314.0
417,R18,20418.0
417,R19,127616.0
417,R20,10210.0
417,R21,340.0
417,R22,127.0
417,R23,409.0
417,R24,178.0
417,R25,523.0
417,R26,40.0
417,R27,4.0
417,R28,1.0
417,R29,109.0
417,R30,170.0
417,R31,4.0
417,R32,5.0
417,R33,0.0
417,R34,52.0
417,R35,36.0
417,R36,66.0
417,R37,64.0
417,R38,0.0
417,R39,1020920.0
417,R40,612552.0
417,R41,1096.0
417,R42,32854.0
417,R43,382844.0
417,R44,4.0
417,R45,102.0
417,R46,2.0
417,R47,170.0
417,R48,10210.0
417,R49,13142.0
417,R50,918828.0
417,R51,280753.0
417,R52,102092.0
417,R53,4.0
417,R54,12762.0
417,R55,114.0
417,R56,232.0
418,R1,4127166.0
418,R2,1444508.0
418,R3,1238150.0
418,R4,330173.0
418,R5,20635830.0
418,R6,61907490.0
418,R7,8254332.0
418,R8,26288.0
418,R9,35051.0
418,R10,1582080.0
418,R11,1306936.0
418,R12,1128.32
418,R13,724.16
418,R14,1376.0
418,R15,172.0
418,R16,550.0
418,R17,41272.0
418,R18,55028.0
418,R19,343930.0
418,R20,27514.0
418,R21,918.0
418,R22,344.0
418,R23,1100.0
418,R24,482.0
418,R25,1376.0
418,R26,110.0
418,R27,5.0
418,R28,2.0
418,R29,275.0
418,R30,459.0
418,R31,12.0
418,R32,14.0
418,R33,2.0
418,R34,138.0
418,R35,5.0
418,R36,8.0
418,R37,0.0
418,R38,2.0
418,R39,2751444.0
418,R40,1650866.0
418,R41,2920.0
418,R42,87626.0
418,R43,1031792.0
418,R44,12.0
418,R45,275.0
418,R46,4.0
418,R47,459.0
418,R48,27514.0
418,R49,35051.0
418,R50,2476300.0
418,R51,756648.0
418,R52,275144.0
418,R53,8.0
418,R54,34394.0
418,R55,306.0
418,R56,626.0
419,R1,11795820.0
419,R2,4128536.0
419,R3,3538746.0
419,R4,943666.0
419,R5,58979100.0
419,R6,176937300.0
419,R7,23591640.0
419,R8,65276.0
419,R9,87036.0
419,R10,4521731.0
419,R11,3735344.0
419,R12,1200.0
419,R13,840.0
419,R14,3932.0
419,R15,500.0
419,R16,1572.0
419,R17,117958.0
419,R18,157277.0
419,R19,982985.0
419,R20,78638.0
419,R21,2622.0
419,R22,983.0
419,R23,3145.0
419,R24,1376.0
419,R25,3932.0
419,R26,329.0
419,R27,16.0
419,R28,8.0
419,R29,790.0
419,R30,1319.0
419,R31,32.0
419,R32,40.0
419,R33,10.0
419,R34,394.0
419,R35,16.0
419,R36,22.0
419,R37,2.0
419,R38,6.0
419,R39,7863880.0
419,R40,4718328.0
419,R41,7252.0
419,R42,217588.0
419,R43,2948955.0
419,R44,32.0
419,R45,786.0
419,R46,11.0
419,R47,1311.0
419,R48,78638.0
419,R49,87036.0
419,R50,7077492.0
419,R51,2162567.0
419,R52,786388.0
419,R53,22.0
419,R54,98299.0
419,R55,874.0
419,R56,1788.0
42,R1,5974476.0
42,R2,2091066.0
42,R3,1792342.0
42,R4,477958.0
42,R5,29872380.0
42,R6,89617140.0
42,R7,11948952.0
42,R8,34786.0
42,R9,46382.0
42,R10,2290216.0
42,R11,1891918.0
42,R12,1200.0
42,R13,840.0
42,R14,1991.0
42,R15,261.0
42,R16,796.0
42,R17,59744.0
42,R18,79660.0
42,R19,497873.0
42,R20,39830.0
42,R21,1327.0
42,R22,498.0
42,R23,1594.0
42,R24,698.0
42,R25,1991.0
42,R26,184.0
42,R27,22.0
42,R28,8.0
42,R29,430.0
42,R30,691.0
42,R31,48.0
42,R32,20.0
42,R33,6.0
42,R34,221.0
42,R35,8.0
42,R36,21.0
42,R37,0.0
42,R38,6.0
42,R39,3982984.0
42,R40,2389790.0
42,R41,3866.0
42,R42,115953.0
42,R43,1493619.0
42,R44,25.0
42,R45,433.0
42,R46,18.0
42,R47,681.0
42,R48,39830.0
42,R49,46382.0
42,R50,3584686.0
42,R51,1095320.0
42,R52,398298.0
42,R53,33.0
42,R54,49787.0
42,R55,444.0
42,R56,917.0
420,R1,10218030.0
420,R2,3576310.0
420,R3,3065409.0
420,R4,817442.0
420,R5,51090150.0
420,R6,153270450.0
420,R7,20436060.0
420,R8,53862.0
420,R9,71816.0
420,R10,3916911.0
420,R11,3235710.0
420,R12,1200.0
420,R13,840.0
420,R14,3406.0
420,R15,426.0
420,R16,1362.0
420,R17,102180.0
420,R18,136240.0
420,R19,851502.0
420,R20,68120.0
420,R21,2271.0
420,R22,852.0
420,R23,2724.0
420,R24,1193.0
420,R25,3406.0
420,R26,273.0
420,R27,25.0
420,R28,7.0
420,R29,684.0
420,R30,1137.0
420,R31,49.0
420,R32,55.0
420,R33,15.0
420,R34,340.0
420,R35,14.0
420,R36,52.0
420,R37,2.0
420,R38,10.0
420,R39,6812020.0
420,R40,4087212.0
420,R41,5985.0
420,R42,179540.0
420,R43,2554508.0
420,R44,45.0
420,R45,686.0
420,R46,20.0
420,R47,1135.0
420,R48,68120.0
420,R49,71816.0
420,R50,6130818.0
420,R51,1873306.0
420,R52,681202.0
420,R53,50.0
420,R54,85150.0
420,R55,756.0
420,R56,1548.0
421,R1,12192216.0
421,R2,4267276.0
421,R3,3657665.0
421,R4,975378.0
421,R5,60961080.0
421,R6,182883240.0
421,R7,24384432.0
421,R8,69092.0
421,R9,92122.0
421,R10,4673683.0
421,R11,3860868.0
421,R12,1200.0
421,R13,840.0
421,R14,4064.0
421,R15,524.0
421,R16,1626.0
421,R17,121922.0
421,R18,162563.0
421,R19,1016018.0
421,R20,81282.0
421,R21,2709.0
421,R22,1016.0
421,R23,3252.0
421,R24,1422.0
421,R25,4064.0
421,R26,326.0
421,R27,16.0
421,R28,9.0
421,R29,817.0
421,R30,1445.0
421,R31,69.0
421,R32,83.0
421,R33,12.0
421,R34,406.0
421,R35,16.0
421,R36,37.0
421,R37,2.0
421,R38,6.0
421,R39,8128144.0
421,R40,4876886.0
421,R41,7677.0
421,R42,230307.0
421,R43,3048054.0
421,R44,34.0
421,R45,832.0
421,R46,24.0
421,R47,1355.0
421,R48,81282.0
421,R49,92122.0
421,R50,7315330.0
421,R51,2235240.0
421,R52,812814.0
421,R53,22.0
421,R54,101602.0
421,R55,903.0
421,R56,1848.0
422,R1,4720524.0
422,R2,1652184.0
422,R3,1416158.0
422,R4,377642.0
422,R5,23602620.0
422,R6,70807860.0
422,R7,9441048.0
422,R8,28839.0
422,R9,38452.0
422,R10,1809534.0
422,R11,1494832.0
422,R12,1200.0
422,R13,833.6
422,R14,1574.0
422,R15,236.0
422,R16,630.0
422,R17,47205.0
422,R18,62940.0
422,R19,393377.0
422,R20,31470.0
422,R21,1049.0
422,R22,393.0
422,R23,1259.0
422,R24,551.0
422,R25,1609.0
422,R26,139.0
422,R27,12.0
422,R28,3.0
422,R29,324.0
422,R30,622.0
422,R31,28.0
422,R32,32.0
422,R33,6.0
422,R34,157.0
422,R35,6.0
422,R36,16.0
422,R37,0.0
422,R38,2.0
422,R39,3147016.0
422,R40,1888209.0
422,R41,3204.0
422,R42,96199.0
422,R43,1180131.0
422,R44,54.0
422,R45,368.0
422,R46,5.0
422,R47,525.0
422,R48,31470.0
422,R49,38452.0
422,R50,2832315.0
422,R51,865430.0
422,R52,314701.0
422,R53,14.0
422,R54,39404.0
422,R55,367.0
422,R56,770.0
423,R1,10356300.0
423,R2,3624704.0
423,R3,3106890.0
423,R4,828504.0
423,R5,51781500.0
423,R6,155344500.0
423,R7,20712600.0
423,R8,64794.0
423,R9,86392.0
423,R10,3969914.0
423,R11,3279496.0
423,R12,1200.0
423,R13,840.0
423,R14,3452.0
423,R15,436.0
423,R16,1380.0
423,R17,103564.0
423,R18,138084.0
423,R19,863025.0
423,R20,69042.0
423,R21,2302.0
423,R22,864.0
423,R23,2762.0
423,R24,1208.0
423,R25,3452.0
423,R26,276.0
423,R27,27.0
423,R28,7.0
423,R29,694.0
423,R30,1415.0
423,R31,28.0
423,R32,42.0
423,R33,8.0
423,R34,346.0
423,R35,14.0
423,R36,20.0
423,R37,2.0
423,R38,8.0
423,R39,6904200.0
423,R40,4142520.0
423,R41,7200.0
423,R42,215982.0
423,R43,2589075.0
423,R44,28.0
423,R45,690.0
423,R46,10.0
423,R47,1150.0
423,R48,69042.0
423,R49,86392.0
423,R50,6214535.0
423,R51,1898656.0
423,R52,690420.0
423,R53,20.0
423,R54,86303.0
423,R55,823.0
423,R56,1569.0
424,R1,8670996.0
424,R2,3034849.0
424,R3,2601299.0
424,R4,693680.0
424,R5,43354980.0
424,R6,130064940.0
424,R7,17341992.0
424,R8,53301.0
424,R9,71068.0
424,R10,3323882.0
424,R11,2745815.0
424,R12,1200.0
424,R13,840.0
424,R14,2890.0
424,R15,398.0
424,R16,1156.0
424,R17,86710.0
424,R18,115614.0
424,R19,722583.0
424,R20,57806.0
424,R21,1927.0
424,R22,722.0
424,R23,2312.0
424,R24,1025.0
424,R25,2890.0
424,R26,294.0
424,R27,29.0
424,R28,5.0
424,R29,585.0
424,R30,1012.0
424,R31,49.0
424,R32,174.0
424,R33,6.0
424,R34,290.0
424,R35,12.0
424,R36,31.0
424,R37,1.0
424,R38,12.0
424,R39,5780664.0
424,R40,3468399.0
424,R41,5922.0
424,R42,177670.0
424,R43,2167749.0
424,R44,24.0
424,R45,598.0
424,R46,24.0
424,R47,963.0
424,R48,57806.0
424,R49,71068.0
424,R50,5202597.0
424,R51,1589682.0
424,R52,578067.0
424,R53,32.0
424,R54,72258.0
424,R55,655.0
424,R56,1330.0
425,R1,10574250.0
425,R2,3700988.0
425,R3,3172275.0
425,R4,845940.0
425,R5,52871250.0
425,R6,158613750.0
425,R7,21148500.0
425,R8,64133.0
425,R9,85511.0
425,R10,4053462.0
425,R11,3348512.0
425,R12,1200.0
425,R13,840.0
425,R14,3524.0
425,R15,446.0
425,R16,1410.0
425,R17,105742.0
425,R18,140990.0
425,R19,881188.0
425,R20,70495.0
425,R21,2350.0
425,R22,882.0
425,R23,2820.0
425,R24,1242.0
425,R25,3524.0
425,R26,282.0
425,R27,19.0
425,R28,40.0
425,R29,781.0
425,R30,1244.0
425,R31,60.0
425,R32,82.0
425,R33,8.0
425,R34,352.0
425,R35,14.0
425,R36,63.0
425,R37,10.0
425,R38,35.0
425,R39,7049500.0
425,R40,4229700.0
425,R41,7126.0
425,R42,213778.0
425,R43,2643562.0
425,R44,51.0
425,R45,933.0
425,R46,62.0
425,R47,1174.0
425,R48,70495.0
425,R49,85511.0
425,R50,6344550.0
425,R51,1938612.0
425,R52,704950.0
425,R53,41.0
425,R54,88118.0
425,R55,784.0
425,R56,1602.0
426,R1,6099120.0
426,R2,2134692.0
426,R3,1829736.0
426,R4,487929.0
426,R5,30495600.0
426,R6,91486800.0
426,R7,12198240.0
426,R8,41168.0
426,R9,54890.0
426,R10,2337996.0
426,R11,1931388.0
426,R12,1200.0
426,R13,761.36
426,R14,2033.0
426,R15,262.0
426,R16,813.0
426,R17,60992.0
426,R18,81321.0
426,R19,508260.0
426,R20,40661.0
426,R21,1356.0
426,R22,508.0
426,R23,1626.0
426,R24,712.0
426,R25,2033.0
426,R26,172.0
426,R27,19.0
426,R28,4.0
426,R29,412.0
426,R30,686.0
426,R31,39.0
426,R32,118.0
426,R33,6.0
426,R34,204.0
426,R35,9.0
426,R36,37.0
426,R37,0.0
426,R38,4.0
426,R39,4066080.0
426,R40,2439648.0
426,R41,4574.0
426,R42,137226.0
426,R43,1524780.0
426,R44,16.0
426,R45,406.0
426,R46,21.0
426,R47,678.0
426,R48,40661.0
426,R49,54890.0
426,R50,3659472.0
426,R51,1118172.0
426,R52,406608.0
426,R53,35.0
426,R54,50826.0
426,R55,452.0
426,R56,924.0
427,R1,14270748.0
427,R2,4994762.0
427,R3,4281224.0
427,R4,1141660.0
427,R5,71353740.0
427,R6,214061220.0
427,R7,28541496.0
427,R8,93212.0
427,R9,124284.0
427,R10,5470453.0
427,R11,4519070.0
427,R12,1200.0
427,R13,840.0
427,R14,4757.0
427,R15,595.0
427,R16,1903.0
427,R17,142708.0
427,R18,190276.0
427,R19,1189229.0
427,R20,95138.0
427,R21,3178.0
427,R22,1189.0
427,R23,3806.0
427,R24,1664.0
427,R25,4757.0
427,R26,381.0
427,R27,34.0
427,R28,9.0
427,R29,956.0
427,R30,1586.0
427,R31,40.0
427,R32,62.0
427,R33,12.0
427,R34,476.0
427,R35,20.0
427,R36,26.0
427,R37,2.0
427,R38,12.0
427,R39,9513832.0
427,R40,5708299.0
427,R41,10356.0
427,R42,310710.0
427,R43,3567687.0
427,R44,40.0
427,R45,952.0
427,R46,14.0
427,R47,1586.0
427,R48,95138.0
427,R49,124284.0
427,R50,8562449.0
427,R51,2616304.0
427,R52,951383.0
427,R53,26.0
427,R54,118923.0
427,R55,1058.0
427,R56,2162.0
428,R1,7585314.0
428,R2,2654860.0
428,R3,2275594.0
428,R4,606825.0
428,R5,37926570.0
428,R6,113779710.0
428,R7,15170628.0
428,R8,53570.0
428,R9,71426.0
428,R10,2907704.0
428,R11,2402016.0
428,R12,1200.0
428,R13,840.0
428,R14,2529.0
428,R15,340.0
428,R16,1011.0
428,R17,75854.0
428,R18,101138.0
428,R19,632110.0
428,R20,50568.0
428,R21,1686.0
428,R22,632.0
428,R23,2022.0
428,R24,885.0
428,R25,2529.0
428,R26,217.0
428,R27,10.0
428,R28,6.0
428,R29,512.0
428,R30,871.0
428,R31,43.0
428,R32,65.0
428,R33,6.0
428,R34,252.0
428,R35,10.0
428,R36,32.0
428,R37,1.0
428,R38,3.0
428,R39,5056876.0
428,R40,3034126.0
428,R41,5952.0
428,R42,178564.0
428,R43,1896328.0
428,R44,21.0
428,R45,522.0
428,R46,16.0
428,R47,847.0
428,R48,50568.0
428,R49,71426.0
428,R50,4551188.0
428,R51,1390640.0
428,R52,505688.0
428,R53,14.0
428,R54,63211.0
428,R55,562.0
428,R56,1150.0
429,R1,13373610.0
429,R2,4680764.0
429,R3,4012083.0
429,R4,1069888.0
429,R5,66868050.0
429,R6,200604150.0
429,R7,26747220.0
429,R8,86174.0
429,R9,114898.0
429,R10,5126551.0
429,R11,4234976.0
429,R12,1200.0
429,R13,840.0
429,R14,4458.0
429,R15,575.0
429,R16,1784.0
429,R17,133737.0
429,R18,178315.0
429,R19,1114467.0
429,R20,89157.0
429,R21,2972.0
429,R22,1115.0
429,R23,3567.0
429,R24,1560.0
429,R25,4458.0
429,R26,356.0
429,R27,18.0
429,R28,9.0
429,R29,899.0
429,R30,1505.0
429,R31,67.0
429,R32,79.0
429,R33,12.0
429,R34,445.0
429,R35,18.0
429,R36,40.0
429,R37,2.0
429,R38,6.0
429,R39,8915740.0
429,R40,5349444.0
429,R41,9575.0
429,R42,287244.0
429,R43,3343403.0
429,R44,38.0
429,R45,913.0
429,R46,24.0
429,R47,1486.0
429,R48,89157.0
429,R49,114898.0
429,R50,8024166.0
429,R51,2451828.0
429,R52,891574.0
429,R53,25.0
429,R54,111446.0
429,R55,990.0
429,R56,2027.0
43,R1,12174444.0
43,R2,4261056.0
43,R3,3652333.0
43,R4,973955.0
43,R5,60872220.0
43,R6,182616660.0
43,R7,24348888.0
43,R8,70699.0
43,R9,92638.0
43,R10,4666870.0
43,R11,3855240.0
43,R12,1200.0
43,R13,840.0
43,R14,4059.0
43,R15,523.0
43,R16,1624.0
43,R17,121745.0
43,R18,162326.0
43,R19,1014537.0
43,R20,81162.0
43,R21,2705.0
43,R22,1014.0
43,R23,3246.0
43,R24,1422.0
43,R25,4059.0
43,R26,436.0
43,R27,45.0
43,R28,16.0
43,R29,905.0
43,R30,1383.0
43,R31,125.0
43,R32,41.0
43,R33,90.0
43,R34,508.0
43,R35,136.0
43,R36,136.0
43,R37,2.0
43,R38,12.0
43,R39,8116296.0
43,R40,4869778.0
43,R41,7720.0
43,R42,231596.0
43,R43,3043611.0
43,R44,34.0
43,R45,1080.0
43,R46,36.0
43,R47,1369.0
43,R48,81162.0
43,R49,92638.0
43,R50,7304666.0
43,R51,2232296.0
43,R52,811630.0
43,R53,63.0
43,R54,101454.0
43,R55,907.0
43,R56,1855.0
430,R1,14190636.0
430,R2,4966722.0
430,R3,4257190.0
430,R4,1135250.0
430,R5,70953180.0
430,R6,212859540.0
430,R7,28381272.0
430,R8,94694.0
430,R9,126256.0
430,R10,5439744.0
430,R11,4493702.0
430,R12,1200.0
430,R13,840.0
430,R14,4730.0
430,R15,751.0
430,R16,1892.0
430,R17,141907.0
430,R18,189208.0
430,R19,1182552.0
430,R20,94604.0
430,R21,3154.0
430,R22,1182.0
430,R23,3790.0
430,R24,1656.0
430,R25,4889.0
430,R26,379.0
430,R27,26.0
430,R28,10.0
430,R29,946.0
430,R30,1999.0
430,R31,114.0
430,R32,90.0
430,R33,5.0
430,R34,474.0
430,R35,19.0
430,R36,53.0
430,R37,2.0
430,R38,13.0
430,R39,9460424.0
430,R40,5676254.0
430,R41,10522.0
430,R42,315639.0
430,R43,3547660.0
430,R44,78.0
430,R45,1210.0
430,R46,28.0
430,R47,1576.0
430,R48,94604.0
430,R49,126256.0
430,R50,8514382.0
430,R51,2602110.0
430,R52,946042.0
430,R53,26.0
430,R54,118556.0
430,R55,1135.0
430,R56,2405.0
431,R1,3868548.0
431,R2,1353992.0
431,R3,1160565.0
431,R4,309484.0
431,R5,19342740.0
431,R6,58028220.0
431,R7,7737096.0
431,R8,26104.0
431,R9,34806.0
431,R10,1482944.0
431,R11,1225040.0
431,R12,1180.56
431,R13,750.24
431,R14,1290.0
431,R15,177.0
431,R16,516.0
431,R17,38685.0
431,R18,51581.0
431,R19,322380.0
431,R20,25790.0
431,R21,860.0
431,R22,323.0
431,R23,1031.0
431,R24,452.0
431,R25,1290.0
431,R26,104.0
431,R27,5.0
431,R28,2.0
431,R29,258.0
431,R30,447.0
431,R31,29.0
431,R32,44.0
431,R33,2.0
431,R34,128.0
431,R35,5.0
431,R36,27.0
431,R37,0.0
431,R38,2.0
431,R39,2579032.0
431,R40,1547420.0
431,R41,2900.0
431,R42,87014.0
431,R43,967136.0
431,R44,10.0
431,R45,275.0
431,R46,8.0
431,R47,430.0
431,R48,25790.0
431,R49,34806.0
431,R50,2321128.0
431,R51,709234.0
431,R52,257904.0
431,R53,8.0
431,R54,32238.0
431,R55,287.0
431,R56,586.0
432,R1,4956402.0
432,R2,1734741.0
432,R3,1486920.0
432,R4,396512.0
432,R5,24782010.0
432,R6,74346030.0
432,R7,9912804.0
432,R8,32354.0
432,R9,43139.0
432,R10,1899954.0
432,R11,1569527.0
432,R12,1200.0
432,R13,840.0
432,R14,1652.0
432,R15,247.0
432,R16,660.0
432,R17,49564.0
432,R18,66085.0
432,R19,413034.0
432,R20,33043.0
432,R21,1101.0
432,R22,413.0
432,R23,1322.0
432,R24,578.0
432,R25,1696.0
432,R26,132.0
432,R27,6.0
432,R28,3.0
432,R29,330.0
432,R30,663.0
432,R31,14.0
432,R32,32.0
432,R33,4.0
432,R34,166.0
432,R35,6.0
432,R36,18.0
432,R37,0.0
432,R38,2.0
432,R39,3304268.0
432,R40,1982797.0
432,R41,3594.0
432,R42,107944.0
432,R43,1239100.0
432,R44,28.0
432,R45,398.0
432,R46,5.0
432,R47,551.0
432,R48,33043.0
432,R49,43139.0
432,R50,2973842.0
432,R51,908673.0
432,R52,330426.0
432,R53,9.0
432,R54,41388.0
432,R55,390.0
432,R56,818.0
433,R1,8042466.0
433,R2,2814863.0
433,R3,2412740.0
433,R4,643398.0
433,R5,40212330.0
433,R6,120636990.0
433,R7,16084932.0
433,R8,51626.0
433,R9,68834.0
433,R10,3082946.0
433,R11,2546781.0
433,R12,1200.0
433,R13,840.0
433,R14,2681.0
433,R15,342.0
433,R16,1072.0
433,R17,80424.0
433,R18,107232.0
433,R19,670206.0
433,R20,53616.0
433,R21,1788.0
433,R22,670.0
433,R23,2144.0
433,R24,938.0
433,R25,2681.0
433,R26,214.0
433,R27,10.0
433,R28,6.0
433,R29,537.0
433,R30,898.0
433,R31,22.0
433,R32,27.0
433,R33,3.0
433,R34,268.0
433,R35,10.0
433,R36,31.0
433,R37,1.0
433,R38,6.0
433,R39,5361644.0
433,R40,3216986.0
433,R41,5736.0
433,R42,172084.0
433,R43,2010616.0
433,R44,45.0
433,R45,543.0
433,R46,8.0
433,R47,894.0
433,R48,53616.0
433,R49,68834.0
433,R50,4825480.0
433,R51,1474452.0
433,R52,536164.0
433,R53,15.0
433,R54,67020.0
433,R55,596.0
433,R56,1218.0
434,R1,8730414.0
434,R2,3055645.0
434,R3,2619124.0
434,R4,698433.0
434,R5,43652070.0
434,R6,130956210.0
434,R7,17460828.0
434,R8,53403.0
434,R9,71203.0
434,R10,3346659.0
434,R11,2764631.0
434,R12,1200.0
434,R13,840.0
434,R14,2910.0
434,R15,364.0
434,R16,1164.0
434,R17,87304.0
434,R18,116406.0
434,R19,727535.0
434,R20,58203.0
434,R21,1940.0
434,R22,728.0
434,R23,2328.0
434,R24,1018.0
434,R25,2910.0
434,R26,233.0
434,R27,12.0
434,R28,6.0
434,R29,582.0
434,R30,970.0
434,R31,25.0
434,R32,29.0
434,R33,121.0
434,R34,292.0
434,R35,12.0
434,R36,16.0
434,R37,1.0
434,R38,4.0
434,R39,5820276.0
434,R40,3492166.0
434,R41,5934.0
434,R42,178010.0
434,R43,2182603.0
434,R44,25.0
434,R45,582.0
434,R46,8.0
434,R47,970.0
434,R48,58203.0
434,R49,71203.0
434,R50,5238248.0
434,R51,1600576.0
434,R52,582028.0
434,R53,16.0
434,R54,72754.0
434,R55,647.0
434,R56,1323.0
435,R1,11921184.0
435,R2,4172415.0
435,R3,3576356.0
435,R4,953694.0
435,R5,59605920.0
435,R6,178817760.0
435,R7,23842368.0
435,R8,70459.0
435,R9,93946.0
435,R10,4569788.0
435,R11,3775041.0
435,R12,1200.0
435,R13,840.0
435,R14,3974.0
435,R15,506.0
435,R16,1590.0
435,R17,119212.0
435,R18,158950.0
435,R19,993432.0
435,R20,79474.0
435,R21,2649.0
435,R22,994.0
435,R23,3178.0
435,R24,1391.0
435,R25,3974.0
435,R26,335.0
435,R27,16.0
435,R28,8.0
435,R29,795.0
435,R30,1340.0
435,R31,33.0
435,R32,40.0
435,R33,5.0
435,R34,398.0
435,R35,16.0
435,R36,41.0
435,R37,1.0
435,R38,12.0
435,R39,7947456.0
435,R40,4768474.0
435,R41,7829.0
435,R42,234862.0
435,R43,2980296.0
435,R44,54.0
435,R45,803.0
435,R46,11.0
435,R47,1327.0
435,R48,79474.0
435,R49,93946.0
435,R50,7152710.0
435,R51,2185550.0
435,R52,794746.0
435,R53,22.0
435,R54,99343.0
435,R55,883.0
435,R56,1806.0
436,R1,9076086.0
436,R2,3176630.0
436,R3,2722826.0
436,R4,726087.0
436,R5,45380430.0
436,R6,136141290.0
436,R7,18152172.0
436,R8,54004.0
436,R9,72006.0
436,R10,3479166.0
436,R11,2874094.0
436,R12,1200.0
436,R13,840.0
436,R14,3026.0
436,R15,461.0
436,R16,1210.0
436,R17,90760.0
436,R18,121014.0
436,R19,756340.0
436,R20,60508.0
436,R21,2017.0
436,R22,756.0
436,R23,2420.0
436,R24,1059.0
436,R25,3106.0
436,R26,242.0
436,R27,12.0
436,R28,6.0
436,R29,612.0
436,R30,1224.0
436,R31,78.0
436,R32,95.0
436,R33,12.0
436,R34,302.0
436,R35,12.0
436,R36,51.0
436,R37,97.0
436,R38,4.0
436,R39,6050724.0
436,R40,3630435.0
436,R41,6000.0
436,R42,180173.0
436,R43,2269022.0
436,R44,50.0
436,R45,745.0
436,R46,8.0
436,R47,1008.0
436,R48,60508.0
436,R49,72006.0
436,R50,5445651.0
436,R51,1664196.0
436,R52,605073.0
436,R53,17.0
436,R54,75785.0
436,R55,713.0
436,R56,1773.0
437,R1,9382290.0
437,R2,3283802.0
437,R3,2814687.0
437,R4,750583.0
437,R5,46911450.0
437,R6,140734350.0
437,R7,18764580.0
437,R8,55597.0
437,R9,74129.0
437,R10,3596544.0
437,R11,2971058.0
437,R12,1200.0
437,R13,840.0
437,R14,3128.0
437,R15,492.0
437,R16,1251.0
437,R17,93823.0
437,R18,125097.0
437,R19,781858.0
437,R20,62548.0
437,R21,2084.0
437,R22,782.0
437,R23,2502.0
437,R24,1094.0
437,R25,3212.0
437,R26,267.0
437,R27,20.0
437,R28,6.0
437,R29,635.0
437,R30,1276.0
437,R31,106.0
437,R32,132.0
437,R33,16.0
437,R34,312.0
437,R35,12.0
437,R36,76.0
437,R37,1.0
437,R38,4.0
437,R39,6254860.0
437,R40,3752916.0
437,R41,6178.0
437,R42,185487.0
437,R43,2345572.0
437,R44,52.0
437,R45,771.0
437,R46,26.0
437,R47,1045.0
437,R48,62548.0
437,R49,74129.0
437,R50,5629374.0
437,R51,1720347.0
437,R52,625486.0
437,R53,52.0
437,R54,78345.0
437,R55,738.0
437,R56,1550.0
438,R1,13114758.0
438,R2,4590166.0
438,R3,3934428.0
438,R4,1049180.0
438,R5,65573790.0
438,R6,196721370.0
438,R7,26229516.0
438,R8,76665.0
438,R9,102220.0
438,R10,5027324.0
438,R11,4153006.0
438,R12,1200.0
438,R13,840.0
438,R14,4372.0
438,R15,555.0
438,R16,1748.0
438,R17,131148.0
438,R18,174864.0
438,R19,1092896.0
438,R20,87431.0
438,R21,2914.0
438,R22,1092.0
438,R23,3498.0
438,R24,1530.0
438,R25,4372.0
438,R26,363.0
438,R27,32.0
438,R28,57.0
438,R29,877.0
438,R30,1464.0
438,R31,36.0
438,R32,59.0
438,R33,12.0
438,R34,437.0
438,R35,18.0
438,R36,24.0
438,R37,2.0
438,R38,12.0
438,R39,8743172.0
438,R40,5245903.0
438,R41,8518.0
438,R42,255548.0
438,R43,3278690.0
438,R44,36.0
438,R45,875.0
438,R46,12.0
438,R47,1458.0
438,R48,87431.0
438,R49,102220.0
438,R50,7868855.0
438,R51,2404373.0
438,R52,874317.0
438,R53,24.0
438,R54,109290.0
438,R55,972.0
438,R56,1988.0
439,R1,19660182.0
439,R2,6881063.0
439,R3,5898054.0
439,R4,1572814.0
439,R5,98300910.0
439,R6,294902730.0
439,R7,39320364.0
439,R8,116918.0
439,R9,155890.0
439,R10,7536403.0
439,R11,6225725.0
439,R12,1200.0
439,R13,840.0
439,R14,6554.0
439,R15,828.0
439,R16,2622.0
439,R17,196602.0
439,R18,262136.0
439,R19,1638348.0
439,R20,131068.0
439,R21,4368.0
439,R22,1638.0
439,R23,5242.0
439,R24,2294.0
439,R25,6554.0
439,R26,539.0
439,R27,32.0
439,R28,14.0
439,R29,1311.0
439,R30,2193.0
439,R31,54.0
439,R32,71.0
439,R33,8.0
439,R34,656.0
439,R35,26.0
439,R36,36.0
439,R37,2.0
439,R38,16.0
439,R39,13106788.0
439,R40,7864073.0
439,R41,12990.0
439,R42,389724.0
439,R43,4915046.0
439,R44,54.0
439,R45,1311.0
439,R46,18.0
439,R47,2186.0
439,R48,131068.0
439,R49,155890.0
439,R50,11796109.0
439,R51,3604366.0
439,R52,1310679.0
439,R53,36.0
439,R54,163835.0
439,R55,1456.0
439,R56,2979.0
44,R1,5411376.0
44,R2,1893982.0
44,R3,1623412.0
44,R4,432910.0
44,R5,27056880.0
44,R6,81170640.0
44,R7,10822752.0
44,R8,31384.0
44,R9,41846.0
44,R10,2074361.0
44,R11,1713602.0
44,R12,1200.0
44,R13,840.0
44,R14,1804.0
44,R15,236.0
44,R16,722.0
44,R17,54114.0
44,R18,72152.0
44,R19,450948.0
44,R20,36076.0
44,R21,1202.0
44,R22,450.0
44,R23,1444.0
44,R24,631.0
44,R25,1804.0
44,R26,160.0
44,R27,12.0
44,R28,4.0
44,R29,360.0
44,R30,602.0
44,R31,26.0
44,R32,18.0
44,R33,4.0
44,R34,194.0
44,R35,8.0
44,R36,10.0
44,R37,0.0
44,R38,4.0
44,R39,3607584.0
44,R40,2164550.0
44,R41,3487.0
44,R42,104616.0
44,R43,1352844.0
44,R44,15.0
44,R45,360.0
44,R46,10.0
44,R47,602.0
44,R48,36076.0
44,R49,41846.0
44,R50,3246826.0
44,R51,992086.0
44,R52,360758.0
44,R53,17.0
44,R54,45095.0
44,R55,400.0
44,R56,820.0
440,R1,11238276.0
440,R2,3933397.0
440,R3,3371482.0
440,R4,899062.0
440,R5,56191380.0
440,R6,168574140.0
440,R7,22476552.0
440,R8,66238.0
440,R9,88318.0
440,R10,4308005.0
440,R11,3558787.0
440,R12,1200.0
440,R13,840.0
440,R14,3746.0
440,R15,488.0
440,R16,1502.0
440,R17,112383.0
440,R18,149844.0
440,R19,936524.0
440,R20,74922.0
440,R21,2497.0
440,R22,937.0
440,R23,2996.0
440,R24,1312.0
440,R25,3746.0
440,R26,320.0
440,R27,14.0
440,R28,8.0
440,R29,750.0
440,R30,1267.0
440,R31,31.0
440,R32,38.0
440,R33,4.0
440,R34,374.0
440,R35,98.0
440,R36,175.0
440,R37,113.0
440,R38,8.0
440,R39,7492184.0
440,R40,4495310.0
440,R41,7360.0
440,R42,220792.0
440,R43,2809568.0
440,R44,60.0
440,R45,758.0
440,R46,10.0
440,R47,1259.0
440,R48,74922.0
440,R49,88318.0
440,R50,6742966.0
440,R51,2060351.0
440,R52,749218.0
440,R53,21.0
440,R54,93652.0
440,R55,832.0
440,R56,1745.0
441,R1,8315286.0
441,R2,2910350.0
441,R3,2494586.0
441,R4,665223.0
441,R5,41576430.0
441,R6,124729290.0
441,R7,16630572.0
441,R8,43790.0
441,R9,58386.0
441,R10,3187526.0
441,R11,2633174.0
441,R12,1200.0
441,R13,840.0
441,R14,2772.0
441,R15,351.0
441,R16,1109.0
441,R17,83152.0
441,R18,110870.0
441,R19,692940.0
441,R20,55435.0
441,R21,1852.0
441,R22,692.0
441,R23,2217.0
441,R24,970.0
441,R25,2772.0
441,R26,222.0
441,R27,12.0
441,R28,5.0
441,R29,560.0
441,R30,1117.0
441,R31,47.0
441,R32,58.0
441,R33,9.0
441,R34,277.0
441,R35,12.0
441,R36,57.0
441,R37,1.0
441,R38,8.0
441,R39,5543524.0
441,R40,3326114.0
441,R41,4865.0
441,R42,145966.0
441,R43,2078822.0
441,R44,42.0
441,R45,558.0
441,R46,23.0
441,R47,924.0
441,R48,55435.0
441,R49,58386.0
441,R50,4989172.0
441,R51,1524470.0
441,R52,554352.0
441,R53,41.0
441,R54,69294.0
441,R55,655.0
441,R56,1269.0
442,R1,9274884.0
442,R2,3246210.0
442,R3,2782465.0
442,R4,741991.0
442,R5,46374420.0
442,R6,139123260.0
442,R7,18549768.0
442,R8,62154.0
442,R9,82871.0
442,R10,3555373.0
442,R11,2937046.0
442,R12,1200.0
442,R13,840.0
442,R14,3091.0
442,R15,387.0
442,R16,1237.0
442,R17,92749.0
442,R18,123665.0
442,R19,772907.0
442,R20,61832.0
442,R21,2061.0
442,R22,772.0
442,R23,2473.0
442,R24,1082.0
442,R25,3091.0
442,R26,248.0
442,R27,12.0
442,R28,7.0
442,R29,618.0
442,R30,1030.0
442,R31,26.0
442,R32,31.0
442,R33,4.0
442,R34,334.0
442,R35,12.0
442,R36,18.0
442,R37,2.0
442,R38,4.0
442,R39,6183256.0
442,R40,3709953.0
442,R41,6906.0
442,R42,207178.0
442,R43,2318721.0
442,R44,26.0
442,R45,618.0
442,R46,9.0
442,R47,1030.0
442,R48,61832.0
442,R49,82871.0
442,R50,5564931.0
442,R51,1700395.0
442,R52,618325.0
442,R53,18.0
442,R54,77290.0
442,R55,687.0
442,R56,1406.0
443,R1,8753250.0
443,R2,3063638.0
443,R3,2625975.0
443,R4,700260.0
443,R5,43766250.0
443,R6,131298750.0
443,R7,17506500.0
443,R8,53942.0
443,R9,71923.0
443,R10,3355413.0
443,R11,2771862.0
443,R12,1200.0
443,R13,840.0
443,R14,2918.0
443,R15,383.0
443,R16,1168.0
443,R17,87533.0
443,R18,116710.0
443,R19,729437.0
443,R20,58355.0
443,R21,1945.0
443,R22,730.0
443,R23,2334.0
443,R24,1022.0
443,R25,2918.0
443,R26,234.0
443,R27,11.0
443,R28,6.0
443,R29,584.0
443,R30,987.0
443,R31,73.0
443,R32,96.0
443,R33,6.0
443,R34,292.0
443,R35,11.0
443,R36,58.0
443,R37,1.0
443,R38,3.0
443,R39,5835500.0
443,R40,3501300.0
443,R41,5994.0
443,R42,179806.0
443,R43,2188313.0
443,R44,24.0
443,R45,601.0
443,R46,19.0
443,R47,972.0
443,R48,58355.0
443,R49,71923.0
443,R50,5251950.0
443,R51,1604762.0
443,R52,583550.0
443,R53,37.0
443,R54,72943.0
443,R55,656.0
443,R56,1326.0
444,R1,14226366.0
444,R2,4979228.0
444,R3,4267910.0
444,R4,1138109.0
444,R5,71131830.0
444,R6,213395490.0
444,R7,28452732.0
444,R8,90324.0
444,R9,120434.0
444,R10,5453440.0
444,R11,4505016.0
444,R12,1200.0
444,R13,840.0
444,R14,4742.0
444,R15,597.0
444,R16,1897.0
444,R17,142264.0
444,R18,189684.0
444,R19,1185530.0
444,R20,94842.0
444,R21,3162.0
444,R22,1186.0
444,R23,3794.0
444,R24,1660.0
444,R25,4742.0
444,R26,379.0
444,R27,31.0
444,R28,10.0
444,R29,952.0
444,R30,1584.0
444,R31,40.0
444,R32,62.0
444,R33,12.0
444,R34,474.0
444,R35,19.0
444,R36,43.0
444,R37,2.0
444,R38,22.0
444,R39,9484244.0
444,R40,5690546.0
444,R41,10036.0
444,R42,301083.0
444,R43,3556592.0
444,R44,70.0
444,R45,952.0
444,R46,13.0
444,R47,1580.0
444,R48,94842.0
444,R49,120434.0
444,R50,8535820.0
444,R51,2608168.0
444,R52,948424.0
444,R53,27.0
444,R54,118553.0
444,R55,1054.0
444,R56,2155.0
445,R1,7867992.0
445,R2,2753798.0
445,R3,2360398.0
445,R4,629440.0
445,R5,39339960.0
445,R6,118019880.0
445,R7,15735984.0
445,R8,46316.0
445,R9,61754.0
445,R10,3016063.0
445,R11,2491530.0
445,R12,1200.0
445,R13,840.0
445,R14,2622.0
445,R15,328.0
445,R16,1049.0
445,R17,78680.0
445,R18,104906.0
445,R19,655667.0
445,R20,52453.0
445,R21,1749.0
445,R22,656.0
445,R23,2098.0
445,R24,918.0
445,R25,2622.0
445,R26,210.0
445,R27,16.0
445,R28,25.0
445,R29,593.0
445,R30,939.0
445,R31,55.0
445,R32,57.0
445,R33,6.0
445,R34,262.0
445,R35,10.0
445,R36,36.0
445,R37,1.0
445,R38,18.0
445,R39,5245328.0
445,R40,3147196.0
445,R41,5146.0
445,R42,154386.0
445,R43,1966997.0
445,R44,22.0
445,R45,589.0
445,R46,53.0
445,R47,874.0
445,R48,52453.0
445,R49,61754.0
445,R50,4720796.0
445,R51,1442465.0
445,R52,524532.0
445,R53,24.0
445,R54,65567.0
445,R55,582.0
445,R56,1192.0
446,R1,7989582.0
446,R2,2796354.0
446,R3,2396874.0
446,R4,639166.0
446,R5,39947910.0
446,R6,119843730.0
446,R7,15979164.0
446,R8,50201.0
446,R9,66934.0
446,R10,3062674.0
446,R11,2530034.0
446,R12,1200.0
446,R13,840.0
446,R14,2663.0
446,R15,353.0
446,R16,1065.0
446,R17,79896.0
446,R18,106528.0
446,R19,665798.0
446,R20,53263.0
446,R21,1775.0
446,R22,666.0
446,R23,2131.0
446,R24,932.0
446,R25,2663.0
446,R26,213.0
446,R27,10.0
446,R28,6.0
446,R29,533.0
446,R30,909.0
446,R31,40.0
446,R32,63.0
446,R33,3.0
446,R34,266.0
446,R35,10.0
446,R36,39.0
446,R37,1.0
446,R38,6.0
446,R39,5326388.0
446,R40,3195832.0
446,R41,5578.0
446,R42,167337.0
446,R43,1997396.0
446,R44,42.0
446,R45,558.0
446,R46,16.0
446,R47,888.0
446,R48,53263.0
446,R49,66934.0
446,R50,4793750.0
446,R51,1464757.0
446,R52,532638.0
446,R53,15.0
446,R54,66580.0
446,R55,591.0
446,R56,1210.0
447,R1,9452172.0
447,R2,3308261.0
447,R3,2835652.0
447,R4,756174.0
447,R5,47260860.0
447,R6,141782580.0
447,R7,18904344.0
447,R8,59370.0
447,R9,79159.0
447,R10,3623333.0
447,R11,2993187.0
447,R12,1200.0
447,R13,840.0
447,R14,3150.0
447,R15,403.0
447,R16,1260.0
447,R17,94522.0
447,R18,126028.0
447,R19,787681.0
447,R20,63014.0
447,R21,2100.0
447,R22,788.0
447,R23,2520.0
447,R24,1102.0
447,R25,3150.0
447,R26,268.0
447,R27,31.0
447,R28,7.0
447,R29,630.0
447,R30,1058.0
447,R31,27.0
447,R32,48.0
447,R33,4.0
447,R34,316.0
447,R35,90.0
447,R36,132.0
447,R37,29.0
447,R38,8.0
447,R39,6301448.0
447,R40,3780868.0
447,R41,6597.0
447,R42,197900.0
447,R43,2363043.0
447,R44,27.0
447,R45,630.0
447,R46,10.0
447,R47,1056.0
447,R48,63014.0
447,R49,79159.0
447,R50,5671304.0
447,R51,1732898.0
447,R52,630144.0
447,R53,32.0
447,R54,78768.0
447,R55,700.0
447,R56,1451.0
448,R1,3422790.0
448,R2,1197976.0
448,R3,1026837.0
448,R4,273823.0
448,R5,17113950.0
448,R6,51341850.0
448,R7,6845580.0
448,R8,20408.0
448,R9,27210.0
448,R10,1312070.0
448,R11,1083884.0
448,R12,1178.16
448,R13,749.12
448,R14,1140.0
448,R15,157.0
448,R16,456.0
448,R17,34228.0
448,R18,45638.0
448,R19,285232.0
448,R20,22818.0
448,R21,761.0
448,R22,286.0
448,R23,912.0
448,R24,400.0
448,R25,1140.0
448,R26,104.0
448,R27,107.0
448,R28,2.0
448,R29,228.0
448,R30,398.0
448,R31,10.0
448,R32,12.0
448,R33,2.0
448,R34,137.0
448,R35,4.0
448,R36,16.0
448,R37,0.0
448,R38,4.0
448,R39,2281860.0
448,R40,1369116.0
448,R41,2267.0
448,R42,68028.0
448,R43,855698.0
448,R44,19.0
448,R45,233.0
448,R46,48.0
448,R47,386.0
448,R48,22818.0
448,R49,27210.0
448,R50,2053674.0
448,R51,627512.0
448,R52,228186.0
448,R53,7.0
448,R54,28524.0
448,R55,254.0
448,R56,518.0
449,R1,7448100.0
449,R2,2606835.0
449,R3,2234430.0
449,R4,595848.0
449,R5,37240500.0
449,R6,111721500.0
449,R7,14896200.0
449,R8,46296.0
449,R9,61727.0
449,R10,2855105.0
449,R11,2358565.0
449,R12,1200.0
449,R13,840.0
449,R14,2482.0
449,R15,320.0
449,R16,994.0
449,R17,74481.0
449,R18,99308.0
449,R19,620675.0
449,R20,49654.0
449,R21,1656.0
449,R22,620.0
449,R23,1986.0
449,R24,868.0
449,R25,2482.0
449,R26,214.0
449,R27,20.0
449,R28,5.0
449,R29,496.0
449,R30,835.0
449,R31,20.0
449,R32,38.0
449,R33,3.0
449,R34,248.0
449,R35,70.0
449,R36,110.0
449,R37,0.0
449,R38,8.0
449,R39,4965400.0
449,R40,2979240.0
449,R41,5144.0
449,R42,154320.0
449,R43,1862025.0
449,R44,20.0
449,R45,496.0
449,R46,7.0
449,R47,832.0
449,R48,49654.0
449,R49,61727.0
449,R50,4468860.0
449,R51,1365484.0
449,R52,496540.0
449,R53,28.0
449,R54,62068.0
449,R55,552.0
449,R56,1152.0
45,R1,3705160.0
45,R2,1296767.0
45,R3,1111514.0
45,R4,296404.0
45,R5,18525240.0
45,R6,55575720.0
45,R7,7410096.0
45,R8,21761.0
45,R9,29068.0
45,R10,1420269.0
45,R11,1173265.0
45,R12,1200.0
45,R13,840.0
45,R14,1235.0
45,R15,154.0
45,R16,513.0
45,R17,37051.0
45,R18,49400.0
45,R19,308754.0
45,R20,24700.0
45,R21,824.0
45,R22,308.0
45,R23,988.0
45,R24,432.0
45,R25,1235.0
45,R26,129.0
45,R27,15.0
45,R28,2.0
45,R29,247.0
45,R30,569.0
45,R31,30.0
45,R32,12.0
45,R33,4.0
45,R34,124.0
45,R35,5.0
45,R36,6.0
45,R37,0.0
45,R38,4.0
45,R39,2470032.0
45,R40,1482184.0
45,R41,2418.0
45,R42,72536.0
45,R43,926262.0
45,R44,10.0
45,R45,294.0
45,R46,8.0
45,R47,454.0
45,R48,24700.0
45,R49,29014.0
45,R50,2223029.0
45,R51,679258.0
45,R52,247003.0
45,R53,6.0
45,R54,30933.0
45,R55,274.0
45,R56,562.0
450,R1,7752252.0
450,R2,2713288.0
450,R3,2325676.0
450,R4,620180.0
450,R5,38761260.0
450,R6,116283780.0
450,R7,15504504.0
450,R8,52120.0
450,R9,69492.0
450,R10,2971696.0
450,R11,2454880.0
450,R12,1200.0
450,R13,840.0
450,R14,2584.0
450,R15,330.0
450,R16,1033.0
450,R17,77522.0
450,R18,103364.0
450,R19,646021.0
450,R20,51682.0
450,R21,1723.0
450,R22,646.0
450,R23,2068.0
450,R24,904.0
450,R25,2584.0
450,R26,206.0
450,R27,10.0
450,R28,6.0
450,R29,517.0
450,R30,868.0
450,R31,50.0
450,R32,53.0
450,R33,6.0
450,R34,258.0
450,R35,10.0
450,R36,54.0
450,R37,1.0
450,R38,6.0
450,R39,5168168.0
450,R40,3100901.0
450,R41,5791.0
450,R42,173731.0
450,R43,1938063.0
450,R44,42.0
450,R45,525.0
450,R46,19.0
450,R47,927.0
450,R48,51682.0
450,R49,69492.0
450,R50,4651351.0
450,R51,1421246.0
450,R52,516817.0
450,R53,39.0
450,R54,64602.0
450,R55,575.0
450,R56,1174.0
451,R1,14779734.0
451,R2,5172907.0
451,R3,4433921.0
451,R4,1182378.0
451,R5,73898670.0
451,R6,221696010.0
451,R7,29559468.0
451,R8,97031.0
451,R9,129374.0
451,R10,5665564.0
451,R11,4680249.0
451,R12,1200.0
451,R13,840.0
451,R14,4926.0
451,R15,616.0
451,R16,1970.0
451,R17,147798.0
451,R18,197063.0
451,R19,1231644.0
451,R20,98532.0
451,R21,3284.0
451,R22,1232.0
451,R23,3942.0
451,R24,1724.0
451,R25,4926.0
451,R26,394.0
451,R27,32.0
451,R28,10.0
451,R29,992.0
451,R30,1642.0
451,R31,84.0
451,R32,99.0
451,R33,18.0
451,R34,492.0
451,R35,20.0
451,R36,55.0
451,R37,2.0
451,R38,12.0
451,R39,9853156.0
451,R40,5911894.0
451,R41,10782.0
451,R42,323436.0
451,R43,3694934.0
451,R44,42.0
451,R45,986.0
451,R46,24.0
451,R47,1642.0
451,R48,98532.0
451,R49,129374.0
451,R50,8867840.0
451,R51,2709618.0
451,R52,985316.0
451,R53,54.0
451,R54,123164.0
451,R55,1094.0
451,R56,2240.0
452,R1,6551124.0
452,R2,2292894.0
452,R3,1965338.0
452,R4,524090.0
452,R5,32755620.0
452,R6,98266860.0
452,R7,13102248.0
452,R8,45051.0
452,R9,60068.0
452,R10,2511264.0
452,R11,2074522.0
452,R12,1200.0
452,R13,840.0
452,R14,2184.0
452,R15,294.0
452,R16,873.0
452,R17,65511.0
452,R18,87349.0
452,R19,545927.0
452,R20,43674.0
452,R21,1465.0
452,R22,546.0
452,R23,1747.0
452,R24,764.0
452,R25,2184.0
452,R26,174.0
452,R27,9.0
452,R28,4.0
452,R29,437.0
452,R30,750.0
452,R31,100.0
452,R32,53.0
452,R33,2.0
452,R34,218.0
452,R35,9.0
452,R36,37.0
452,R37,0.0
452,R38,4.0
452,R39,4367416.0
452,R40,2620450.0
452,R41,5006.0
452,R42,150172.0
452,R43,1637781.0
452,R44,37.0
452,R45,461.0
452,R46,14.0
452,R47,728.0
452,R48,43674.0
452,R49,60068.0
452,R50,3930674.0
452,R51,1201040.0
452,R52,436742.0
452,R53,12.0
452,R54,54592.0
452,R55,485.0
452,R56,993.0
453,R1,4227144.0
453,R2,1479500.0
453,R3,1268143.0
453,R4,338171.0
453,R5,21135720.0
453,R6,63407160.0
453,R7,8454288.0
453,R8,30534.0
453,R9,40711.0
453,R10,1620406.0
453,R11,1338596.0
453,R12,918.5600000000001
453,R13,619.28
453,R14,1409.0
453,R15,176.0
453,R16,564.0
453,R17,42272.0
453,R18,56362.0
453,R19,352263.0
453,R20,28180.0
453,R21,940.0
453,R22,352.0
453,R23,1128.0
453,R24,493.0
453,R25,1409.0
453,R26,113.0
453,R27,17.0
453,R28,4.0
453,R29,281.0
453,R30,470.0
453,R31,36.0
453,R32,46.0
453,R33,4.0
453,R34,140.0
453,R35,6.0
453,R36,33.0
453,R37,0.0
453,R38,4.0
453,R39,2818096.0
453,R40,1690858.0
453,R41,3392.0
453,R42,101778.0
453,R43,1056785.0
453,R44,128.0
453,R45,281.0
453,R46,14.0
453,R47,470.0
453,R48,28180.0
453,R49,40711.0
453,R50,2536286.0
453,R51,774976.0
453,R52,281810.0
453,R53,36.0
453,R54,35226.0
453,R55,313.0
453,R56,641.0
454,R1,6329430.0
454,R2,2215418.0
454,R3,1898828.0
454,R4,506354.0
454,R5,31647150.0
454,R6,94941450.0
454,R7,12658860.0
454,R8,45026.0
454,R9,60036.0
454,R10,2426281.0
454,R11,2004320.0
454,R12,1200.0
454,R13,794.64
454,R14,2110.0
454,R15,270.0
454,R16,844.0
454,R17,63428.0
454,R18,84603.0
454,R19,527452.0
454,R20,42196.0
454,R21,1406.0
454,R22,557.0
454,R23,1688.0
454,R24,751.0
454,R25,2224.0
454,R26,275.0
454,R27,18.0
454,R28,8.0
454,R29,422.0
454,R30,743.0
454,R31,47.0
454,R32,44.0
454,R33,4.0
454,R34,268.0
454,R35,18.0
454,R36,62.0
454,R37,0.0
454,R38,6.0
454,R39,4219620.0
454,R40,2532074.0
454,R41,5002.0
454,R42,150087.0
454,R43,1582358.0
454,R44,35.0
454,R45,426.0
454,R46,24.0
454,R47,703.0
454,R48,42487.0
454,R49,60036.0
454,R50,3797658.0
454,R51,1160396.0
454,R52,421962.0
454,R53,46.0
454,R54,52853.0
454,R55,530.0
454,R56,972.0
455,R1,12545532.0
455,R2,4390936.0
455,R3,3763660.0
455,R4,1003642.0
455,R5,62727660.0
455,R6,188182980.0
455,R7,25091064.0
455,R8,79804.0
455,R9,106406.0
455,R10,4809120.0
455,R11,3972752.0
455,R12,1200.0
455,R13,840.0
455,R14,4182.0
455,R15,522.0
455,R16,1672.0
455,R17,125455.0
455,R18,167274.0
455,R19,1045461.0
455,R20,83637.0
455,R21,2972.0
455,R22,1045.0
455,R23,3346.0
455,R24,1464.0
455,R25,4182.0
455,R26,334.0
455,R27,16.0
455,R28,16.0
455,R29,836.0
455,R30,1394.0
455,R31,34.0
455,R32,42.0
455,R33,6.0
455,R34,419.0
455,R35,16.0
455,R36,24.0
455,R37,2.0
455,R38,6.0
455,R39,8363688.0
455,R40,5018213.0
455,R41,8867.0
455,R42,266255.0
455,R43,3136383.0
455,R44,34.0
455,R45,836.0
455,R46,12.0
455,R47,1552.0
455,R48,83637.0
455,R49,106406.0
455,R50,7527319.0
455,R51,2300364.0
455,R52,836369.0
455,R53,24.0
455,R54,104546.0
455,R55,929.0
455,R56,1901.0
456,R1,8274786.0
456,R2,2896175.0
456,R3,2482436.0
456,R4,661983.0
456,R5,41373930.0
456,R6,124121790.0
456,R7,16549572.0
456,R8,56658.0
456,R9,75544.0
456,R10,3172001.0
456,R11,2620349.0
456,R12,1200.0
456,R13,840.0
456,R14,2758.0
456,R15,359.0
456,R16,1104.0
456,R17,82748.0
456,R18,110331.0
456,R19,689565.0
456,R20,55166.0
456,R21,1838.0
456,R22,690.0
456,R23,2206.0
456,R24,965.0
456,R25,2758.0
456,R26,232.0
456,R27,24.0
456,R28,5.0
456,R29,552.0
456,R30,937.0
456,R31,22.0
456,R32,28.0
456,R33,4.0
456,R34,276.0
456,R35,24.0
456,R36,33.0
456,R37,1.0
456,R38,8.0
456,R39,5516524.0
456,R40,3309914.0
456,R41,6295.0
456,R42,188860.0
456,R43,2068697.0
456,R44,42.0
456,R45,557.0
456,R46,7.0
456,R47,922.0
456,R48,55166.0
456,R49,75544.0
456,R50,4964872.0
456,R51,1517045.0
456,R52,551652.0
456,R53,32.0
456,R54,68956.0
456,R55,612.0
456,R56,1253.0
457,R1,10210188.0
457,R2,3573566.0
457,R3,3063056.0
457,R4,816816.0
457,R5,51050940.0
457,R6,153152820.0
457,R7,20420376.0
457,R8,70530.0
457,R9,94040.0
457,R10,3913905.0
457,R11,3233226.0
457,R12,1200.0
457,R13,840.0
457,R14,3404.0
457,R15,432.0
457,R16,1362.0
457,R17,102101.0
457,R18,136136.0
457,R19,850848.0
457,R20,68068.0
457,R21,2268.0
457,R22,850.0
457,R23,2723.0
457,R24,1192.0
457,R25,3404.0
457,R26,273.0
457,R27,34.0
457,R28,6.0
457,R29,680.0
457,R30,1139.0
457,R31,57.0
457,R32,72.0
457,R33,8.0
457,R34,340.0
457,R35,14.0
457,R36,58.0
457,R37,2.0
457,R38,12.0
457,R39,6806792.0
457,R40,4084075.0
457,R41,7837.0
457,R42,235102.0
457,R43,2552548.0
457,R44,57.0
457,R45,686.0
457,R46,20.0
457,R47,1135.0
457,R48,68068.0
457,R49,94040.0
457,R50,6126113.0
457,R51,1871868.0
457,R52,680679.0
457,R53,53.0
457,R54,85084.0
457,R55,756.0
457,R56,1546.0
458,R1,7449114.0
458,R2,2607190.0
458,R3,2234735.0
458,R4,595930.0
458,R5,37245570.0
458,R6,111736710.0
458,R7,14898228.0
458,R8,43992.0
458,R9,58656.0
458,R10,2855494.0
458,R11,2358886.0
458,R12,1200.0
458,R13,840.0
458,R14,2484.0
458,R15,330.0
458,R16,994.0
458,R17,74491.0
458,R18,99322.0
458,R19,620760.0
458,R20,49661.0
458,R21,1655.0
458,R22,620.0
458,R23,1986.0
458,R24,869.0
458,R25,2484.0
458,R26,198.0
458,R27,15.0
458,R28,5.0
458,R29,497.0
458,R30,848.0
458,R31,55.0
458,R32,62.0
458,R33,3.0
458,R34,248.0
458,R35,277.0
458,R36,31.0
458,R37,50.0
458,R38,6.0
458,R39,4966076.0
458,R40,2979646.0
458,R41,4888.0
458,R42,146640.0
458,R43,1862278.0
458,R44,21.0
458,R45,521.0
458,R46,16.0
458,R47,828.0
458,R48,49661.0
458,R49,58656.0
458,R50,4469468.0
458,R51,1365670.0
458,R52,496608.0
458,R53,14.0
458,R54,62076.0
458,R55,551.0
458,R56,1128.0
459,R1,5070426.0
459,R2,1774649.0
459,R3,1521128.0
459,R4,405634.0
459,R5,25352130.0
459,R6,76056390.0
459,R7,10140852.0
459,R8,31082.0
459,R9,41443.0
459,R10,1943664.0
459,R11,1605635.0
459,R12,1200.0
459,R13,799.12
459,R14,1690.0
459,R15,228.0
459,R16,676.0
459,R17,50705.0
459,R18,67605.0
459,R19,422536.0
459,R20,33803.0
459,R21,1126.0
459,R22,422.0
459,R23,1352.0
459,R24,592.0
459,R25,1690.0
459,R26,135.0
459,R27,7.0
459,R28,3.0
459,R29,338.0
459,R30,581.0
459,R31,29.0
459,R32,47.0
459,R33,2.0
459,R34,169.0
459,R35,7.0
459,R36,27.0
459,R37,0.0
459,R38,2.0
459,R39,3380284.0
459,R40,2028170.0
459,R41,3454.0
459,R42,103608.0
459,R43,1267606.0
459,R44,14.0
459,R45,356.0
459,R46,8.0
459,R47,563.0
459,R48,33803.0
459,R49,41443.0
459,R50,3042256.0
459,R51,929578.0
459,R52,338028.0
459,R53,10.0
459,R54,42254.0
459,R55,376.0
459,R56,768.0
46,R1,8331150.0
46,R2,2915902.0
46,R3,2499344.0
46,R4,666492.0
46,R5,41655750.0
46,R6,124967250.0
46,R7,16662300.0
46,R8,49302.0
46,R9,65736.0
46,R10,3193608.0
46,R11,2638198.0
46,R12,1200.0
46,R13,840.0
46,R14,2777.0
46,R15,347.0
46,R16,1151.0
46,R17,83312.0
46,R18,111082.0
46,R19,694262.0
46,R20,55540.0
46,R21,1852.0
46,R22,694.0
46,R23,2221.0
46,R24,972.0
46,R25,2777.0
46,R26,238.0
46,R27,12.0
46,R28,12.0
46,R29,591.0
46,R30,1118.0
46,R31,68.0
46,R32,28.0
46,R33,81.0
46,R34,278.0
46,R35,24.0
46,R36,16.0
46,R37,1.0
46,R38,8.0
46,R39,5554100.0
46,R40,3332812.0
46,R41,5478.0
46,R42,164342.0
46,R43,2082788.0
46,R44,23.0
46,R45,595.0
46,R46,24.0
46,R47,1038.0
46,R48,55540.0
46,R49,65736.0
46,R50,4998690.0
46,R51,1527377.0
46,R52,555410.0
46,R53,49.0
46,R54,69426.0
46,R55,622.0
46,R56,1276.0
460,R1,6396378.0
460,R2,2238732.0
460,R3,1918914.0
460,R4,511710.0
460,R5,31981890.0
460,R6,95945670.0
460,R7,12792756.0
460,R8,45262.0
460,R9,60348.0
460,R10,2451944.0
460,R11,2025520.0
460,R12,1200.0
460,R13,840.0
460,R14,2132.0
460,R15,266.0
460,R16,853.0
460,R17,63964.0
460,R18,85286.0
460,R19,533032.0
460,R20,42642.0
460,R21,1421.0
460,R22,534.0
460,R23,1706.0
460,R24,746.0
460,R25,2132.0
460,R26,171.0
460,R27,8.0
460,R28,4.0
460,R29,426.0
460,R30,710.0
460,R31,48.0
460,R32,21.0
460,R33,2.0
460,R34,214.0
460,R35,8.0
460,R36,12.0
460,R37,0.0
460,R38,2.0
460,R39,4264252.0
460,R40,2558552.0
460,R41,5030.0
460,R42,150871.0
460,R43,1599094.0
460,R44,18.0
460,R45,426.0
460,R46,6.0
460,R47,710.0
460,R48,42642.0
460,R49,60348.0
460,R50,3837826.0
460,R51,1172670.0
460,R52,426426.0
460,R53,12.0
460,R54,53304.0
460,R55,474.0
460,R56,970.0
461,R1,4495422.0
461,R2,1573398.0
461,R3,1348626.0
461,R4,359634.0
461,R5,22477110.0
461,R6,67431330.0
461,R7,8990844.0
461,R8,30729.0
461,R9,40972.0
461,R10,1723245.0
461,R11,1423550.0
461,R12,1200.0
461,R13,840.0
461,R14,1498.0
461,R15,188.0
461,R16,600.0
461,R17,44954.0
461,R18,59939.0
461,R19,374618.0
461,R20,29970.0
461,R21,999.0
461,R22,374.0
461,R23,1198.0
461,R24,524.0
461,R25,1498.0
461,R26,120.0
461,R27,11.0
461,R28,10.0
461,R29,358.0
461,R30,551.0
461,R31,13.0
461,R32,14.0
461,R33,4.0
461,R34,150.0
461,R35,6.0
461,R36,8.0
461,R37,0.0
461,R38,10.0
461,R39,2996948.0
461,R40,1798168.0
461,R41,3415.0
461,R42,102428.0
461,R43,1123856.0
461,R44,13.0
461,R45,352.0
461,R46,25.0
461,R47,499.0
461,R48,29970.0
461,R49,40972.0
461,R50,2697254.0
461,R51,824161.0
461,R52,299694.0
461,R53,14.0
461,R54,37462.0
461,R55,333.0
461,R56,681.0
462,R1,6762198.0
462,R2,2366770.0
462,R3,2028660.0
462,R4,540976.0
462,R5,33810990.0
462,R6,101432970.0
462,R7,13524396.0
462,R8,42921.0
462,R9,57228.0
462,R10,2592176.0
462,R11,2141362.0
462,R12,1094.0
462,R13,706.96
462,R14,2254.0
462,R15,282.0
462,R16,902.0
462,R17,67622.0
462,R18,90162.0
462,R19,563516.0
462,R20,45081.0
462,R21,1502.0
462,R22,563.0
462,R23,1803.0
462,R24,789.0
462,R25,2254.0
462,R26,180.0
462,R27,9.0
462,R28,4.0
462,R29,451.0
462,R30,752.0
462,R31,19.0
462,R32,22.0
462,R33,2.0
462,R34,225.0
462,R35,9.0
462,R36,13.0
462,R37,0.0
462,R38,3.0
462,R39,4508132.0
462,R40,2704879.0
462,R41,4769.0
462,R42,143068.0
462,R43,1690550.0
462,R44,19.0
462,R45,451.0
462,R46,6.0
462,R47,752.0
462,R48,45081.0
462,R49,57228.0
462,R50,4057319.0
462,R51,1239737.0
462,R52,450813.0
462,R53,13.0
462,R54,56352.0
462,R55,501.0
462,R56,1024.0
463,R1,7069638.0
463,R2,2474373.0
463,R3,2120891.0
463,R4,565572.0
463,R5,35348190.0
463,R6,106044570.0
463,R7,14139276.0
463,R8,43906.0
463,R9,58542.0
463,R10,2710028.0
463,R11,2238719.0
463,R12,1200.0
463,R13,840.0
463,R14,2356.0
463,R15,304.0
463,R16,943.0
463,R17,70697.0
463,R18,94261.0
463,R19,589136.0
463,R20,47131.0
463,R21,1571.0
463,R22,590.0
463,R23,1885.0
463,R24,824.0
463,R25,2356.0
463,R26,204.0
463,R27,15.0
463,R28,20.0
463,R29,547.0
463,R30,849.0
463,R31,20.0
463,R32,24.0
463,R33,2.0
463,R34,236.0
463,R35,10.0
463,R36,13.0
463,R37,0.0
463,R38,59.0
463,R39,4713092.0
463,R40,2827855.0
463,R41,4878.0
463,R42,146356.0
463,R43,1767410.0
463,R44,20.0
463,R45,552.0
463,R46,35.0
463,R47,788.0
463,R48,47131.0
463,R49,58542.0
463,R50,4241783.0
463,R51,1296100.0
463,R52,471309.0
463,R53,24.0
463,R54,58914.0
463,R55,523.0
463,R56,1071.0
464,R1,6150288.0
464,R2,2152600.0
464,R3,1845086.0
464,R4,492024.0
464,R5,30751440.0
464,R6,92254320.0
464,R7,12300576.0
464,R8,34948.0
464,R9,46598.0
464,R10,2357610.0
464,R11,1947592.0
464,R12,1091.6
464,R13,705.76
464,R14,2050.0
464,R15,275.0
464,R16,820.0
464,R17,61502.0
464,R18,82004.0
464,R19,512524.0
464,R20,41002.0
464,R21,1366.0
464,R22,512.0
464,R23,1640.0
464,R24,718.0
464,R25,2050.0
464,R26,181.0
464,R27,15.0
464,R28,4.0
464,R29,416.0
464,R30,707.0
464,R31,37.0
464,R32,66.0
464,R33,4.0
464,R34,205.0
464,R35,8.0
464,R36,28.0
464,R37,0.0
464,R38,4.0
464,R39,4100192.0
464,R40,2460116.0
464,R41,3883.0
464,R42,116494.0
464,R43,1537572.0
464,R44,18.0
464,R45,427.0
464,R46,12.0
464,R47,686.0
464,R48,41002.0
464,R49,46598.0
464,R50,3690172.0
464,R51,1127553.0
464,R52,410020.0
464,R53,12.0
464,R54,51253.0
464,R55,455.0
464,R56,932.0
465,R1,4373994.0
465,R2,1530898.0
465,R3,1312198.0
465,R4,349920.0
465,R5,21869970.0
465,R6,65609910.0
465,R7,8747988.0
465,R8,22284.0
465,R9,29712.0
465,R10,1676698.0
465,R11,1385098.0
465,R12,970.72
465,R13,645.36
465,R14,1458.0
465,R15,188.0
465,R16,584.0
465,R17,43740.0
465,R18,58320.0
465,R19,364499.0
465,R20,29159.0
465,R21,972.0
465,R22,364.0
465,R23,1167.0
465,R24,522.0
465,R25,1458.0
465,R26,155.0
465,R27,12.0
465,R28,2.0
465,R29,291.0
465,R30,523.0
465,R31,12.0
465,R32,15.0
465,R33,2.0
465,R34,146.0
465,R35,6.0
465,R36,19.0
465,R37,0.0
465,R38,6.0
465,R39,2915996.0
465,R40,1749598.0
465,R41,2476.0
465,R42,74280.0
465,R43,1093499.0
465,R44,25.0
465,R45,295.0
465,R46,8.0
465,R47,486.0
465,R48,29159.0
465,R49,29712.0
465,R50,2624396.0
465,R51,801899.0
465,R52,291600.0
465,R53,16.0
465,R54,36450.0
465,R55,328.0
465,R56,680.0
466,R1,7860366.0
466,R2,2751128.0
466,R3,2358109.0
466,R4,628830.0
466,R5,39301830.0
466,R6,117905490.0
466,R7,15720732.0
466,R8,47998.0
466,R9,63998.0
466,R10,3013842.0
466,R11,2489116.0
466,R12,1200.0
466,R13,840.0
466,R14,2620.0
466,R15,343.0
466,R16,1048.0
466,R17,78604.0
466,R18,105064.0
466,R19,655030.0
466,R20,52402.0
466,R21,1746.0
466,R22,656.0
466,R23,2096.0
466,R24,918.0
466,R25,2690.0
466,R26,210.0
466,R27,10.0
466,R28,12.0
466,R29,524.0
466,R30,890.0
466,R31,71.0
466,R32,80.0
466,R33,6.0
466,R34,262.0
466,R35,10.0
466,R36,52.0
466,R37,1.0
466,R38,3.0
466,R39,5240244.0
466,R40,3144520.0
466,R41,5334.0
466,R42,159993.0
466,R43,1965092.0
466,R44,22.0
466,R45,542.0
466,R46,26.0
466,R47,873.0
466,R48,52761.0
466,R49,63998.0
466,R50,4716220.0
466,R51,1441068.0
466,R52,524024.0
466,R53,40.0
466,R54,65504.0
466,R55,618.0
466,R56,1191.0
467,R1,4547082.0
467,R2,1591478.0
467,R3,1364124.0
467,R4,363766.0
467,R5,22735410.0
467,R6,68206230.0
467,R7,9094164.0
467,R8,26342.0
467,R9,35122.0
467,R10,1743048.0
467,R11,1439910.0
467,R12,1200.0
467,R13,840.0
467,R14,1516.0
467,R15,223.0
467,R16,606.0
467,R17,45471.0
467,R18,60627.0
467,R19,378924.0
467,R20,30314.0
467,R21,1011.0
467,R22,378.0
467,R23,1212.0
467,R24,530.0
467,R25,1516.0
467,R26,122.0
467,R27,6.0
467,R28,4.0
467,R29,304.0
467,R30,530.0
467,R31,46.0
467,R32,48.0
467,R33,2.0
467,R34,152.0
467,R35,6.0
467,R36,32.0
467,R37,0.0
467,R38,4.0
467,R39,3031388.0
467,R40,1818832.0
467,R41,2926.0
467,R42,87805.0
467,R43,1136770.0
467,R44,25.0
467,R45,327.0
467,R46,52.0
467,R47,506.0
467,R48,30314.0
467,R49,35122.0
467,R50,2728250.0
467,R51,833632.0
467,R52,303138.0
467,R53,8.0
467,R54,37892.0
467,R55,337.0
467,R56,688.0
468,R1,12554226.0
468,R2,4393980.0
468,R3,3766268.0
468,R4,1004338.0
468,R5,62771130.0
468,R6,188313390.0
468,R7,25108452.0
468,R8,80220.0
468,R9,106962.0
468,R10,4812453.0
468,R11,3975504.0
468,R12,1200.0
468,R13,840.0
468,R14,4185.0
468,R15,537.0
468,R16,1674.0
468,R17,125542.0
468,R18,167389.0
468,R19,1046186.0
468,R20,83695.0
468,R21,2790.0
468,R22,1046.0
468,R23,3348.0
468,R24,1464.0
468,R25,4185.0
468,R26,334.0
468,R27,16.0
468,R28,16.0
468,R29,841.0
468,R30,1423.0
468,R31,70.0
468,R32,95.0
468,R33,18.0
468,R34,440.0
468,R35,16.0
468,R36,49.0
468,R37,4.0
468,R38,6.0
468,R39,8369484.0
468,R40,5021690.0
468,R41,8914.0
468,R42,267403.0
468,R43,3138556.0
468,R44,34.0
468,R45,854.0
468,R46,24.0
468,R47,1405.0
468,R48,83695.0
468,R49,106962.0
468,R50,7532536.0
468,R51,2301608.0
468,R52,836948.0
468,R53,70.0
468,R54,104618.0
468,R55,930.0
468,R56,1906.0
469,R1,18723036.0
469,R2,6553063.0
469,R3,5616911.0
469,R4,1497843.0
469,R5,93615180.0
469,R6,280845540.0
469,R7,37446072.0
469,R8,100874.0
469,R9,134499.0
469,R10,7177164.0
469,R11,5928961.0
469,R12,1200.0
469,R13,840.0
469,R14,6242.0
469,R15,816.0
469,R16,2496.0
469,R17,187230.0
469,R18,249641.0
469,R19,1560253.0
469,R20,124820.0
469,R21,4161.0
469,R22,1560.0
469,R23,4992.0
469,R24,2184.0
469,R25,6242.0
469,R26,513.0
469,R27,25.0
469,R28,12.0
469,R29,1248.0
469,R30,2137.0
469,R31,52.0
469,R32,62.0
469,R33,16.0
469,R34,643.0
469,R35,115.0
469,R36,273.0
469,R37,16.0
469,R38,18.0
469,R39,12482024.0
469,R40,7489214.0
469,R41,11208.0
469,R42,336246.0
469,R43,4680759.0
469,R44,79.0
469,R45,1274.0
469,R46,18.0
469,R47,2088.0
469,R48,124820.0
469,R49,134499.0
469,R50,11233822.0
469,R51,3432556.0
469,R52,1248202.0
469,R53,67.0
469,R54,156026.0
469,R55,1392.0
469,R56,2879.0
47,R1,4618506.0
47,R2,1616477.0
47,R3,1385552.0
47,R4,369480.0
47,R5,23092530.0
47,R6,69277590.0
47,R7,9237012.0
47,R8,26934.0
47,R9,35912.0
47,R10,1770428.0
47,R11,1462527.0
47,R12,1200.0
47,R13,819.2
47,R14,1540.0
47,R15,205.0
47,R16,615.0
47,R17,46185.0
47,R18,61580.0
47,R19,384876.0
47,R20,30790.0
47,R21,1026.0
47,R22,385.0
47,R23,1232.0
47,R24,538.0
47,R25,1540.0
47,R26,176.0
47,R27,48.0
47,R28,3.0
47,R29,308.0
47,R30,522.0
47,R31,24.0
47,R32,16.0
47,R33,16.0
47,R34,170.0
47,R35,72.0
47,R36,62.0
47,R37,0.0
47,R38,4.0
47,R39,3079004.0
47,R40,1847402.0
47,R41,2992.0
47,R42,89778.0
47,R43,1154626.0
47,R44,12.0
47,R45,353.0
47,R46,8.0
47,R47,514.0
47,R48,30790.0
47,R49,35912.0
47,R50,2771104.0
47,R51,846726.0
47,R52,307900.0
47,R53,24.0
47,R54,38488.0
47,R55,342.0
47,R56,700.0
470,R1,8062404.0
470,R2,2821842.0
470,R3,2418722.0
470,R4,644992.0
470,R5,40312020.0
470,R6,120936060.0
470,R7,16124808.0
470,R8,48174.0
470,R9,64232.0
470,R10,3090588.0
470,R11,2553094.0
470,R12,1200.0
470,R13,840.0
470,R14,2688.0
470,R15,351.0
470,R16,1074.0
470,R17,80624.0
470,R18,107498.0
470,R19,671867.0
470,R20,53750.0
470,R21,1791.0
470,R22,672.0
470,R23,2150.0
470,R24,940.0
470,R25,2688.0
470,R26,214.0
470,R27,17.0
470,R28,6.0
470,R29,544.0
470,R30,908.0
470,R31,45.0
470,R32,68.0
470,R33,12.0
470,R34,288.0
470,R35,10.0
470,R36,39.0
470,R37,1.0
470,R38,6.0
470,R39,5374936.0
470,R40,3224962.0
470,R41,5353.0
470,R42,160580.0
470,R43,2015601.0
470,R44,22.0
470,R45,553.0
470,R46,19.0
470,R47,896.0
470,R48,53750.0
470,R49,64232.0
470,R50,4837442.0
470,R51,1478108.0
470,R52,537494.0
470,R53,58.0
470,R54,67186.0
470,R55,597.0
470,R56,1222.0
471,R1,12210384.0
471,R2,4273634.0
471,R3,3663116.0
471,R4,976830.0
471,R5,61051920.0
471,R6,183155760.0
471,R7,24420768.0
471,R8,76406.0
471,R9,101874.0
471,R10,4680648.0
471,R11,3866622.0
471,R12,1200.0
471,R13,840.0
471,R14,4070.0
471,R15,520.0
471,R16,1628.0
471,R17,122104.0
471,R18,162805.0
471,R19,1017532.0
471,R20,81403.0
471,R21,2714.0
471,R22,1018.0
471,R23,3256.0
471,R24,1434.0
471,R25,4070.0
471,R26,372.0
471,R27,40.0
471,R28,8.0
471,R29,818.0
471,R30,1393.0
471,R31,34.0
471,R32,55.0
471,R33,18.0
471,R34,427.0
471,R35,16.0
471,R36,22.0
471,R37,4.0
471,R38,18.0
471,R39,8140256.0
471,R40,4884154.0
471,R41,8489.0
471,R42,254688.0
471,R43,3052596.0
471,R44,34.0
471,R45,834.0
471,R46,22.0
471,R47,1356.0
471,R48,81403.0
471,R49,101874.0
471,R50,7326230.0
471,R51,2238571.0
471,R52,814026.0
471,R53,67.0
471,R54,101753.0
471,R55,906.0
471,R56,1862.0
472,R1,14571534.0
472,R2,5100036.0
472,R3,4371460.0
472,R4,1165723.0
472,R5,72857670.0
472,R6,218573010.0
472,R7,29143068.0
472,R8,86655.0
472,R9,115540.0
472,R10,5585754.0
472,R11,4614320.0
472,R12,1200.0
472,R13,840.0
472,R14,4858.0
472,R15,627.0
472,R16,1942.0
472,R17,145716.0
472,R18,194288.0
472,R19,1214294.0
472,R20,97143.0
472,R21,3238.0
472,R22,1214.0
472,R23,3886.0
472,R24,1700.0
472,R25,4858.0
472,R26,388.0
472,R27,19.0
472,R28,10.0
472,R29,972.0
472,R30,1636.0
472,R31,40.0
472,R32,49.0
472,R33,12.0
472,R34,507.0
472,R35,19.0
472,R36,45.0
472,R37,4.0
472,R38,12.0
472,R39,9714356.0
472,R40,5828614.0
472,R41,9628.0
472,R42,288848.0
472,R43,3642884.0
472,R44,60.0
472,R45,993.0
472,R46,14.0
472,R47,1619.0
472,R48,97143.0
472,R49,115540.0
472,R50,8742920.0
472,R51,2671448.0
472,R52,971436.0
472,R53,39.0
472,R54,121430.0
472,R55,1080.0
472,R56,2208.0
473,R1,8350518.0
473,R2,2922681.0
473,R3,2505155.0
473,R4,668041.0
473,R5,41752590.0
473,R6,125257770.0
473,R7,16701036.0
473,R8,52198.0
473,R9,69598.0
473,R10,3201032.0
473,R11,2644331.0
473,R12,1200.0
473,R13,840.0
473,R14,2784.0
473,R15,358.0
473,R16,1113.0
473,R17,83506.0
473,R18,111340.0
473,R19,695877.0
473,R20,55671.0
473,R21,1855.0
473,R22,696.0
473,R23,2227.0
473,R24,974.0
473,R25,2784.0
473,R26,232.0
473,R27,11.0
473,R28,10.0
473,R29,556.0
473,R30,952.0
473,R31,49.0
473,R32,50.0
473,R33,6.0
473,R34,293.0
473,R35,11.0
473,R36,42.0
473,R37,1.0
473,R38,6.0
473,R39,5567012.0
473,R40,3340207.0
473,R41,5800.0
473,R42,173994.0
473,R43,2087629.0
473,R44,38.0
473,R45,567.0
473,R46,14.0
473,R47,928.0
473,R48,55671.0
473,R49,69598.0
473,R50,5010311.0
473,R51,1530928.0
473,R52,556701.0
473,R53,64.0
473,R54,69588.0
473,R55,618.0
473,R56,1266.0
474,R1,43285350.0
474,R2,15149872.0
474,R3,12985604.0
474,R4,3462828.0
474,R5,216426750.0
474,R6,649280250.0
474,R7,86570700.0
474,R8,271824.0
474,R9,362432.0
474,R10,16592718.0
474,R11,13707028.0
474,R12,1200.0
474,R13,840.0
474,R14,14428.0
474,R15,1816.0
474,R16,5771.0
474,R17,432853.0
474,R18,577138.0
474,R19,3607112.0
474,R20,288569.0
474,R21,9618.0
474,R22,2200.0
474,R23,11542.0
474,R24,5050.0
474,R25,14428.0
474,R26,1154.0
474,R27,72.0
474,R28,28.0
474,R29,2886.0
474,R30,4824.0
474,R31,121.0
474,R32,157.0
474,R33,37.0
474,R34,1465.0
474,R35,58.0
474,R36,80.0
474,R37,10.0
474,R38,33.0
474,R39,28856900.0
474,R40,17314140.0
474,R41,30203.0
474,R42,906081.0
474,R43,10821338.0
474,R44,121.0
474,R45,2901.0
474,R46,41.0
474,R47,4810.0
474,R48,288569.0
474,R49,362432.0
474,R50,25971210.0
474,R51,7935648.0
474,R52,2885690.0
474,R53,117.0
474,R54,360711.0
474,R55,3206.0
474,R56,6558.0
475,R1,10537608.0
475,R2,3688163.0
475,R3,3161282.0
475,R4,843008.0
475,R5,52688040.0
475,R6,158064120.0
475,R7,21075216.0
475,R8,61778.0
475,R9,82371.0
475,R10,4039416.0
475,R11,3336909.0
475,R12,1200.0
475,R13,840.0
475,R14,3512.0
475,R15,460.0
475,R16,1406.0
475,R17,105376.0
475,R18,140502.0
475,R19,878134.0
475,R20,70250.0
475,R21,2342.0
475,R22,878.0
475,R23,2810.0
475,R24,1230.0
475,R25,3521.0
475,R26,282.0
475,R27,14.0
475,R28,8.0
475,R29,708.0
475,R30,1209.0
475,R31,64.0
475,R32,91.0
475,R33,15.0
475,R34,384.0
475,R35,14.0
475,R36,61.0
475,R37,4.0
475,R38,10.0
475,R39,7025072.0
475,R40,4215043.0
475,R41,6864.0
475,R42,205928.0
475,R43,2634402.0
475,R44,59.0
475,R45,729.0
475,R46,20.0
475,R47,1182.0
475,R48,70250.0
475,R49,82371.0
475,R50,6322565.0
475,R51,1931895.0
475,R52,702507.0
475,R53,56.0
475,R54,87814.0
475,R55,780.0
475,R56,1604.0
476,R1,22827348.0
476,R2,7989571.0
476,R3,6848204.0
476,R4,1826188.0
476,R5,114136740.0
476,R6,342410220.0
476,R7,45654696.0
476,R8,141585.0
476,R9,188780.0
476,R10,8750484.0
476,R11,7228661.0
476,R12,1200.0
476,R13,840.0
476,R14,7610.0
476,R15,963.0
476,R16,3044.0
476,R17,228274.0
476,R18,304364.0
476,R19,1902279.0
476,R20,152182.0
476,R21,5072.0
476,R22,1903.0
476,R23,6087.0
476,R24,2664.0
476,R25,7610.0
476,R26,608.0
476,R27,30.0
476,R28,15.0
476,R29,1522.0
476,R30,2552.0
476,R31,111.0
476,R32,113.0
476,R33,30.0
476,R34,780.0
476,R35,30.0
476,R36,81.0
476,R37,8.0
476,R38,10.0
476,R39,15218232.0
476,R40,9130940.0
476,R41,15732.0
476,R42,471952.0
476,R43,5706837.0
476,R44,63.0
476,R45,1542.0
476,R46,35.0
476,R47,2536.0
476,R48,152182.0
476,R49,188780.0
476,R50,13696408.0
476,R51,4185014.0
476,R52,1521824.0
476,R53,112.0
476,R54,190228.0
476,R55,1690.0
476,R56,3458.0
477,R1,12960714.0
477,R2,4536250.0
477,R3,3888214.0
477,R4,1036858.0
477,R5,64803570.0
477,R6,194410710.0
477,R7,25921428.0
477,R8,77569.0
477,R9,103426.0
477,R10,4968274.0
477,R11,4104226.0
477,R12,1200.0
477,R13,840.0
477,R14,4320.0
477,R15,554.0
477,R16,1728.0
477,R17,129608.0
477,R18,172810.0
477,R19,1080060.0
477,R20,86404.0
477,R21,2880.0
477,R22,1080.0
477,R23,3456.0
477,R24,1512.0
477,R25,4320.0
477,R26,346.0
477,R27,18.0
477,R28,16.0
477,R29,870.0
477,R30,1471.0
477,R31,109.0
477,R32,134.0
477,R33,20.0
477,R34,451.0
477,R35,18.0
477,R36,74.0
477,R37,1.0
477,R38,6.0
477,R39,8640476.0
477,R40,5184286.0
477,R41,8618.0
477,R42,258564.0
477,R43,3240178.0
477,R44,36.0
477,R45,884.0
477,R46,348.0
477,R47,1450.0
477,R48,86404.0
477,R49,103426.0
477,R50,7776428.0
477,R51,2376131.0
477,R52,864048.0
477,R53,98.0
477,R54,108006.0
477,R55,960.0
477,R56,1973.0
478,R1,3512694.0
478,R2,1229515.0
478,R3,1053809.0
478,R4,281016.0
478,R5,17563470.0
478,R6,52690410.0
478,R7,7025388.0
478,R8,22420.0
478,R9,29893.0
478,R10,1346881.0
478,R11,1112353.0
478,R12,1200.0
478,R13,840.0
478,R14,1171.0
478,R15,172.0
478,R16,480.0
478,R17,35126.0
478,R18,46836.0
478,R19,292724.0
478,R20,23418.0
478,R21,780.0
478,R22,292.0
478,R23,937.0
478,R24,410.0
478,R25,1206.0
478,R26,110.0
478,R27,4.0
478,R28,9.0
478,R29,238.0
478,R30,437.0
478,R31,71.0
478,R32,85.0
478,R33,1.0
478,R34,140.0
478,R35,4.0
478,R36,54.0
478,R37,0.0
478,R38,1.0
478,R39,2341796.0
478,R40,1405078.0
478,R41,2492.0
478,R42,74734.0
478,R43,878174.0
478,R44,9.0
478,R45,254.0
478,R46,20.0
478,R47,406.0
478,R48,23597.0
478,R49,29893.0
478,R50,2107616.0
478,R51,643994.0
478,R52,234180.0
478,R53,61.0
478,R54,29272.0
478,R55,278.0
478,R56,540.0
479,R1,16458492.0
479,R2,5760473.0
479,R3,4937548.0
479,R4,1316680.0
479,R5,82292460.0
479,R6,246877380.0
479,R7,32916984.0
479,R8,94918.0
479,R9,126558.0
479,R10,6309088.0
479,R11,5211855.0
479,R12,1200.0
479,R13,840.0
479,R14,5486.0
479,R15,712.0
479,R16,2195.0
479,R17,164584.0
479,R18,219446.0
479,R19,1371541.0
479,R20,109723.0
479,R21,3657.0
479,R22,1372.0
479,R23,4388.0
479,R24,1920.0
479,R25,5486.0
479,R26,453.0
479,R27,22.0
479,R28,11.0
479,R29,1097.0
479,R30,1853.0
479,R31,84.0
479,R32,106.0
479,R33,18.0
479,R34,565.0
479,R35,160.0
479,R36,269.0
479,R37,10.0
479,R38,14.0
479,R39,10972328.0
479,R40,6583396.0
479,R41,10546.0
479,R42,316396.0
479,R43,4114623.0
479,R44,67.0
479,R45,1120.0
479,R46,33.0
479,R47,1828.0
479,R48,109723.0
479,R49,126558.0
479,R50,9875096.0
479,R51,3017391.0
479,R52,1097232.0
479,R53,83.0
479,R54,137154.0
479,R55,1219.0
479,R56,2530.0
48,R1,11374116.0
48,R2,3980940.0
48,R3,3412234.0
48,R4,909929.0
48,R5,56870580.0
48,R6,170611740.0
48,R7,22748232.0
48,R8,67012.0
48,R9,89350.0
48,R10,4360078.0
48,R11,3601804.0
48,R12,1200.0
48,R13,840.0
48,R14,3791.0
48,R15,482.0
48,R16,1516.0
48,R17,113741.0
48,R18,151654.0
48,R19,947844.0
48,R20,75828.0
48,R21,2528.0
48,R22,948.0
48,R23,3034.0
48,R24,1326.0
48,R25,3791.0
48,R26,367.0
48,R27,24.0
48,R28,12.0
48,R29,773.0
48,R30,1406.0
48,R31,67.0
48,R32,38.0
48,R33,8.0
48,R34,390.0
48,R35,16.0
48,R36,21.0
48,R37,1.0
48,R38,10.0
48,R39,7582744.0
48,R40,4549646.0
48,R41,7446.0
48,R42,223376.0
48,R43,2843528.0
48,R44,31.0
48,R45,776.0
48,R46,22.0
48,R47,1269.0
48,R48,75828.0
48,R49,89350.0
48,R50,6824470.0
48,R51,2085254.0
48,R52,758274.0
48,R53,46.0
48,R54,94878.0
48,R55,843.0
48,R56,1724.0
480,R1,9085140.0
480,R2,3179800.0
480,R3,2725543.0
480,R4,726811.0
480,R5,45425700.0
480,R6,136277100.0
480,R7,18170280.0
480,R8,53071.0
480,R9,70761.0
480,R10,3482636.0
480,R11,2876960.0
480,R12,1200.0
480,R13,840.0
480,R14,3029.0
480,R15,388.0
480,R16,1212.0
480,R17,90852.0
480,R18,121135.0
480,R19,757096.0
480,R20,60568.0
480,R21,2019.0
480,R22,758.0
480,R23,2422.0
480,R24,1060.0
480,R25,3029.0
480,R26,242.0
480,R27,13.0
480,R28,30.0
480,R29,658.0
480,R30,1067.0
480,R31,25.0
480,R32,30.0
480,R33,6.0
480,R34,317.0
480,R35,13.0
480,R36,16.0
480,R37,1.0
480,R38,25.0
480,R39,6056760.0
480,R40,3634056.0
480,R41,5896.0
480,R42,176902.0
480,R43,2271284.0
480,R44,25.0
480,R45,661.0
480,R46,36.0
480,R47,1019.0
480,R48,60568.0
480,R49,70761.0
480,R50,5451084.0
480,R51,1665609.0
480,R52,605676.0
480,R53,31.0
480,R54,75710.0
480,R55,673.0
480,R56,1377.0
481,R1,17282190.0
481,R2,6048766.0
481,R3,5184657.0
481,R4,1382575.0
481,R5,86410950.0
481,R6,259232850.0
481,R7,34564380.0
481,R8,96948.0
481,R9,129265.0
481,R10,6624840.0
481,R11,5472694.0
481,R12,1200.0
481,R13,840.0
481,R14,5760.0
481,R15,730.0
481,R16,2304.0
481,R17,172822.0
481,R18,230430.0
481,R19,1440182.0
481,R20,115214.0
481,R21,3840.0
481,R22,1440.0
481,R23,4608.0
481,R24,2016.0
481,R25,5760.0
481,R26,472.0
481,R27,30.0
481,R28,46.0
481,R29,1192.0
481,R30,1983.0
481,R31,84.0
481,R32,111.0
481,R33,17.0
481,R34,592.0
481,R35,24.0
481,R36,55.0
481,R37,6.0
481,R38,39.0
481,R39,11521460.0
481,R40,6912876.0
481,R41,10772.0
481,R42,323163.0
481,R43,4320548.0
481,R44,48.0
481,R45,1205.0
481,R46,73.0
481,R47,1920.0
481,R48,115214.0
481,R49,129265.0
481,R50,10369314.0
481,R51,3168402.0
481,R52,1152146.0
481,R53,77.0
481,R54,144018.0
481,R55,1280.0
481,R56,2618.0
482,R1,12556470.0
482,R2,4394764.0
482,R3,3766940.0
482,R4,1004518.0
482,R5,62782350.0
482,R6,188347050.0
482,R7,25112940.0
482,R8,76968.0
482,R9,102626.0
482,R10,4813314.0
482,R11,3976216.0
482,R12,1200.0
482,R13,840.0
482,R14,4186.0
482,R15,534.0
482,R16,1674.0
482,R17,125565.0
482,R18,167419.0
482,R19,1046373.0
482,R20,83710.0
482,R21,2790.0
482,R22,1046.0
482,R23,3348.0
482,R24,1464.0
482,R25,4186.0
482,R26,335.0
482,R27,17.0
482,R28,16.0
482,R29,838.0
482,R30,1650.0
482,R31,99.0
482,R32,101.0
482,R33,18.0
482,R34,434.0
482,R35,17.0
482,R36,65.0
482,R37,4.0
482,R38,30.0
482,R39,8370980.0
482,R40,5022588.0
482,R41,8552.0
482,R42,256563.0
482,R43,3139117.0
482,R44,34.0
482,R45,853.0
482,R46,36.0
482,R47,1404.0
482,R48,83710.0
482,R49,102626.0
482,R50,7533882.0
482,R51,2302020.0
482,R52,837098.0
482,R53,85.0
482,R54,104638.0
482,R55,930.0
482,R56,1905.0
483,R1,13799310.0
483,R2,4829758.0
483,R3,4139792.0
483,R4,1103944.0
483,R5,68996550.0
483,R6,206989650.0
483,R7,27598620.0
483,R8,84034.0
483,R9,112046.0
483,R10,5289735.0
483,R11,4369782.0
483,R12,1200.0
483,R13,840.0
483,R14,4600.0
483,R15,596.0
483,R16,1840.0
483,R17,137993.0
483,R18,183990.0
483,R19,1149942.0
483,R20,91996.0
483,R21,3066.0
483,R22,1150.0
483,R23,3680.0
483,R24,1610.0
483,R25,4600.0
483,R26,380.0
483,R27,18.0
483,R28,10.0
483,R29,926.0
483,R30,1554.0
483,R31,75.0
483,R32,94.0
483,R33,24.0
483,R34,484.0
483,R35,18.0
483,R36,53.0
483,R37,4.0
483,R38,6.0
483,R39,9199540.0
483,R40,5519724.0
483,R41,9338.0
483,R42,280114.0
483,R43,3449828.0
483,R44,38.0
483,R45,940.0
483,R46,25.0
483,R47,1534.0
483,R48,91996.0
483,R49,112046.0
483,R50,8279586.0
483,R51,2529874.0
483,R52,919954.0
483,R53,68.0
483,R54,114994.0
483,R55,1022.0
483,R56,2090.0
484,R1,14344656.0
484,R2,5020629.0
484,R3,4303396.0
484,R4,1147572.0
484,R5,71723280.0
484,R6,215169840.0
484,R7,28689312.0
484,R8,80390.0
484,R9,107187.0
484,R10,5498784.0
484,R11,4542475.0
484,R12,1200.0
484,R13,840.0
484,R14,4782.0
484,R15,606.0
484,R16,1912.0
484,R17,143446.0
484,R18,191262.0
484,R19,1195388.0
484,R20,95632.0
484,R21,3188.0
484,R22,1196.0
484,R23,3826.0
484,R24,1674.0
484,R25,4782.0
484,R26,382.0
484,R27,19.0
484,R28,50.0
484,R29,1008.0
484,R30,1654.0
484,R31,67.0
484,R32,92.0
484,R33,11.0
484,R34,495.0
484,R35,19.0
484,R36,38.0
484,R37,12.0
484,R38,26.0
484,R39,9563104.0
484,R40,5737862.0
484,R41,8932.0
484,R42,267966.0
484,R43,3586164.0
484,R44,40.0
484,R45,1014.0
484,R46,73.0
484,R47,1598.0
484,R48,95632.0
484,R49,107187.0
484,R50,8606794.0
484,R51,2629854.0
484,R52,956310.0
484,R53,61.0
484,R54,119539.0
484,R55,1062.0
484,R56,2174.0
485,R1,12762516.0
485,R2,4466880.0
485,R3,3828754.0
485,R4,1021002.0
485,R5,63812580.0
485,R6,191437740.0
485,R7,25525032.0
485,R8,60168.0
485,R9,80225.0
485,R10,4892298.0
485,R11,4041464.0
485,R12,1200.0
485,R13,840.0
485,R14,4254.0
485,R15,544.0
485,R16,1702.0
485,R17,127869.0
485,R18,170166.0
485,R19,1063543.0
485,R20,85083.0
485,R21,2836.0
485,R22,1118.0
485,R23,3403.0
485,R24,1488.0
485,R25,4357.0
485,R26,444.0
485,R27,18.0
485,R28,8.0
485,R29,854.0
485,R30,1430.0
485,R31,36.0
485,R32,42.0
485,R33,15.0
485,R34,553.0
485,R35,36.0
485,R36,48.0
485,R37,4.0
485,R38,6.0
485,R39,8508344.0
485,R40,5105006.0
485,R41,6686.0
485,R42,200564.0
485,R43,3190629.0
485,R44,36.0
485,R45,866.0
485,R46,13.0
485,R47,1418.0
485,R48,85083.0
485,R49,80225.0
485,R50,7657510.0
485,R51,2339795.0
485,R52,850834.0
485,R53,49.0
485,R54,106550.0
485,R55,1000.0
485,R56,1934.0
486,R1,24993756.0
486,R2,8747815.0
486,R3,7498127.0
486,R4,1999500.0
486,R5,124968780.0
486,R6,374906340.0
486,R7,49987512.0
486,R8,157880.0
486,R9,210506.0
486,R10,9580940.0
486,R11,7914689.0
486,R12,1200.0
486,R13,840.0
486,R14,8332.0
486,R15,1051.0
486,R16,3332.0
486,R17,249938.0
486,R18,333250.0
486,R19,2082813.0
486,R20,166625.0
486,R21,5554.0
486,R22,2082.0
486,R23,6666.0
486,R24,2916.0
486,R25,8332.0
486,R26,666.0
486,R27,44.0
486,R28,28.0
486,R29,1666.0
486,R30,2792.0
486,R31,117.0
486,R32,143.0
486,R33,19.0
486,R34,844.0
486,R35,33.0
486,R36,73.0
486,R37,7.0
486,R38,18.0
486,R39,16662504.0
486,R40,9997502.0
486,R41,17542.0
486,R42,526264.0
486,R43,6248439.0
486,R44,69.0
486,R45,1677.0
486,R46,38.0
486,R47,2778.0
486,R48,166625.0
486,R49,210506.0
486,R50,14996254.0
486,R51,4582188.0
486,R52,1666250.0
486,R53,92.0
486,R54,208281.0
486,R55,1852.0
486,R56,3786.0
487,R1,3541782.0
487,R2,1239624.0
487,R3,1062534.0
487,R4,283342.0
487,R5,17708910.0
487,R6,53126730.0
487,R7,7083564.0
487,R8,21992.0
487,R9,29321.0
487,R10,1357684.0
487,R11,1121564.0
487,R12,1011.36
487,R13,665.6800000000001
487,R14,1180.0
487,R15,163.0
487,R16,472.0
487,R17,35418.0
487,R18,47224.0
487,R19,295148.0
487,R20,23611.0
487,R21,787.0
487,R22,295.0
487,R23,944.0
487,R24,424.0
487,R25,1180.0
487,R26,127.0
487,R27,8.0
487,R28,4.0
487,R29,240.0
487,R30,459.0
487,R31,64.0
487,R32,81.0
487,R33,8.0
487,R34,134.0
487,R35,4.0
487,R36,46.0
487,R37,0.0
487,R38,2.0
487,R39,2361188.0
487,R40,1416712.0
487,R41,2444.0
487,R42,73305.0
487,R43,885446.0
487,R44,10.0
487,R45,249.0
487,R46,16.0
487,R47,400.0
487,R48,23611.0
487,R49,29321.0
487,R50,2125070.0
487,R51,649327.0
487,R52,236118.0
487,R53,64.0
487,R54,29515.0
487,R55,266.0
487,R56,552.0
488,R1,9306114.0
488,R2,3257140.0
488,R3,2791834.0
488,R4,744489.0
488,R5,46530570.0
488,R6,139591710.0
488,R7,18612228.0
488,R8,60027.0
488,R9,80036.0
488,R10,3567344.0
488,R11,2946936.0
488,R12,1200.0
488,R13,840.0
488,R14,3102.0
488,R15,403.0
488,R16,1240.0
488,R17,93062.0
488,R18,124081.0
488,R19,775510.0
488,R20,62040.0
488,R21,2068.0
488,R22,776.0
488,R23,2482.0
488,R24,1086.0
488,R25,3102.0
488,R26,248.0
488,R27,12.0
488,R28,12.0
488,R29,622.0
488,R30,1059.0
488,R31,90.0
488,R32,88.0
488,R33,12.0
488,R34,330.0
488,R35,12.0
488,R36,59.0
488,R37,1.0
488,R38,4.0
488,R39,6204076.0
488,R40,3722446.0
488,R41,6670.0
488,R42,200090.0
488,R43,2326528.0
488,R44,26.0
488,R45,635.0
488,R46,27.0
488,R47,1040.0
488,R48,62040.0
488,R49,80036.0
488,R50,5583668.0
488,R51,1706120.0
488,R52,620408.0
488,R53,78.0
488,R54,77551.0
488,R55,690.0
488,R56,1412.0
489,R1,1369746.0
489,R2,479411.0
489,R3,410924.0
489,R4,109580.0
489,R5,6848730.0
489,R6,20546190.0
489,R7,2739492.0
489,R8,8046.0
489,R9,10728.0
489,R10,525070.0
489,R11,433753.0
489,R12,876.96
489,R13,2041.0
489,R14,457.0
489,R15,74.0
489,R16,182.0
489,R17,13698.0
489,R18,18263.0
489,R19,114146.0
489,R20,9132.0
489,R21,304.0
489,R22,114.0
489,R23,366.0
489,R24,160.0
489,R25,460.0
489,R26,47.0
489,R27,2.0
489,R28,0.0
489,R29,92.0
489,R30,177.0
489,R31,4.0
489,R32,4.0
489,R33,0.0
489,R34,58.0
489,R35,2.0
489,R36,2.0
489,R37,0.0
489,R38,0.0
489,R39,913164.0
489,R40,547898.0
489,R41,894.0
489,R42,26820.0
489,R43,342436.0
489,R44,4.0
489,R45,108.0
489,R46,2.0
489,R47,154.0
489,R48,9132.0
489,R49,10728.0
489,R50,821848.0
489,R51,251120.0
489,R52,91316.0
489,R53,18.0
489,R54,11414.0
489,R55,101.0
489,R56,216.0
49,R1,14944357.0
49,R2,5230378.0
49,R3,4483180.0
49,R4,1195515.0
49,R5,74719680.0
49,R6,224159040.0
49,R7,29887872.0
49,R8,88001.0
49,R9,117336.0
49,R10,5728509.0
49,R11,4732246.0
49,R12,1200.0
49,R13,840.0
49,R14,4982.0
49,R15,636.0
49,R16,1992.0
49,R17,149439.0
49,R18,199252.0
49,R19,1245328.0
49,R20,99626.0
49,R21,3321.0
49,R22,1246.0
49,R23,3986.0
49,R24,1744.0
49,R25,4982.0
49,R26,537.0
49,R27,50.0
49,R28,20.0
49,R29,1023.0
49,R30,1986.0
49,R31,115.0
49,R32,50.0
49,R33,30.0
49,R34,516.0
49,R35,20.0
49,R36,45.0
49,R37,2.0
49,R38,21.0
49,R39,9962624.0
49,R40,5977574.0
49,R41,9778.0
49,R42,293339.0
49,R43,3735984.0
49,R44,63.0
49,R45,1027.0
49,R46,42.0
49,R47,1675.0
49,R48,99626.0
49,R49,117336.0
49,R50,8966362.0
49,R51,2739722.0
49,R52,996262.0
49,R53,69.0
49,R54,124751.0
49,R55,1109.0
49,R56,2276.0
490,R1,7978032.0
490,R2,2792312.0
490,R3,2393410.0
490,R4,638242.0
490,R5,39890160.0
490,R6,119670480.0
490,R7,15956064.0
490,R8,53124.0
490,R9,70832.0
490,R10,3058246.0
490,R11,2526376.0
490,R12,1200.0
490,R13,840.0
490,R14,2660.0
490,R15,344.0
490,R16,1064.0
490,R17,79780.0
490,R18,106373.0
490,R19,664836.0
490,R20,53187.0
490,R21,1773.0
490,R22,664.0
490,R23,2127.0
490,R24,930.0
490,R25,2660.0
490,R26,222.0
490,R27,11.0
490,R28,10.0
490,R29,532.0
490,R30,904.0
490,R31,43.0
490,R32,91.0
490,R33,6.0
490,R34,281.0
490,R35,11.0
490,R36,33.0
490,R37,1.0
490,R38,6.0
490,R39,5318688.0
490,R40,3191212.0
490,R41,5902.0
490,R42,177078.0
490,R43,1994508.0
490,R44,40.0
490,R45,542.0
490,R46,8.0
490,R47,886.0
490,R48,53187.0
490,R49,70832.0
490,R50,4786820.0
490,R51,1462639.0
490,R52,531868.0
490,R53,39.0
490,R54,66483.0
490,R55,591.0
490,R56,1208.0
491,R1,10234068.0
491,R2,3581924.0
491,R3,3070220.0
491,R4,818725.0
491,R5,51170340.0
491,R6,153511020.0
491,R7,20468136.0
491,R8,65592.0
491,R9,87457.0
491,R10,3923060.0
491,R11,3240788.0
491,R12,1200.0
491,R13,840.0
491,R14,3412.0
491,R15,440.0
491,R16,1364.0
491,R17,102340.0
491,R18,136454.0
491,R19,852839.0
491,R20,68228.0
491,R21,2274.0
491,R22,853.0
491,R23,2729.0
491,R24,1194.0
491,R25,3412.0
491,R26,273.0
491,R27,14.0
491,R28,30.0
491,R29,738.0
491,R30,1209.0
491,R31,28.0
491,R32,34.0
491,R33,8.0
491,R34,372.0
491,R35,14.0
491,R36,19.0
491,R37,1.0
491,R38,20.0
491,R39,6822712.0
491,R40,4093627.0
491,R41,7288.0
491,R42,218641.0
491,R43,2558517.0
491,R44,28.0
491,R45,749.0
491,R46,50.0
491,R47,1138.0
491,R48,68228.0
491,R49,87457.0
491,R50,6140441.0
491,R51,1876246.0
491,R52,682271.0
491,R53,39.0
491,R54,85284.0
491,R55,758.0
491,R56,1550.0
492,R1,36487932.0
492,R2,12770776.0
492,R3,10946380.0
492,R4,2919034.0
492,R5,182439660.0
492,R6,547318980.0
492,R7,72975864.0
492,R8,239976.0
492,R9,319968.0
492,R10,13987040.0
492,R11,11554512.0
492,R12,1200.0
492,R13,840.0
492,R14,12162.0
492,R15,1524.0
492,R16,4866.0
492,R17,364879.0
492,R18,486506.0
492,R19,3040660.0
492,R20,243252.0
492,R21,8108.0
492,R22,2200.0
492,R23,9730.0
492,R24,4256.0
492,R25,12345.0
492,R26,974.0
492,R27,54.0
492,R28,24.0
492,R29,2432.0
492,R30,4524.0
492,R31,101.0
492,R32,208.0
492,R33,32.0
492,R34,1228.0
492,R35,48.0
492,R36,112.0
492,R37,6.0
492,R38,41.0
492,R39,24325288.0
492,R40,14596149.0
492,R41,26664.0
492,R42,800319.0
492,R43,9121984.0
492,R44,166.0
492,R45,2440.0
492,R46,35.0
492,R47,4054.0
492,R48,243252.0
492,R49,319968.0
492,R50,21892759.0
492,R51,6690022.0
492,R52,2432529.0
492,R53,97.0
492,R54,304066.0
492,R55,2751.0
492,R56,5637.0
493,R1,4842132.0
493,R2,1694746.0
493,R3,1452640.0
493,R4,387370.0
493,R5,24210660.0
493,R6,72631980.0
493,R7,9684264.0
493,R8,31877.0
493,R9,42502.0
493,R10,1856150.0
493,R11,1533342.0
493,R12,1073.04
493,R13,696.48
493,R14,1614.0
493,R15,232.0
493,R16,646.0
493,R17,48422.0
493,R18,64561.0
493,R19,403512.0
493,R20,32281.0
493,R21,1076.0
493,R22,404.0
493,R23,1292.0
493,R24,565.0
493,R25,1614.0
493,R26,148.0
493,R27,6.0
493,R28,3.0
493,R29,323.0
493,R30,577.0
493,R31,39.0
493,R32,43.0
493,R33,6.0
493,R34,184.0
493,R35,6.0
493,R36,39.0
493,R37,32.0
493,R38,4.0
493,R39,3228088.0
493,R40,1936852.0
493,R41,3542.0
493,R42,106254.0
493,R43,1210532.0
493,R44,22.0
493,R45,350.0
493,R46,17.0
493,R47,544.0
493,R48,32281.0
493,R49,42502.0
493,R50,2905280.0
493,R51,887724.0
493,R52,322808.0
493,R53,49.0
493,R54,40351.0
493,R55,359.0
493,R56,734.0
494,R1,312444.0
494,R2,109356.0
494,R3,93734.0
494,R4,24996.0
494,R5,1562220.0
494,R6,4686660.0
494,R7,624888.0
494,R8,1904.0
494,R9,2540.0
494,R10,119770.0
494,R11,98940.0
494,R12,4237.0
494,R13,2116.0
494,R14,104.0
494,R15,39.0
494,R16,42.0
494,R17,3124.0
494,R18,4166.0
494,R19,26037.0
494,R20,2083.0
494,R21,72.0
494,R22,26.0
494,R23,83.0
494,R24,42.0
494,R25,104.0
494,R26,39.0
494,R27,0.0
494,R28,0.0
494,R29,43.0
494,R30,77.0
494,R31,30.0
494,R32,87.0
494,R33,0.0
494,R34,49.0
494,R35,0.0
494,R36,21.0
494,R37,0.0
494,R38,0.0
494,R39,208296.0
494,R40,124978.0
494,R41,211.0
494,R42,6348.0
494,R43,78111.0
494,R44,46.0
494,R45,31.0
494,R46,11.0
494,R47,40.0
494,R48,2083.0
494,R49,2540.0
494,R50,187466.0
494,R51,57282.0
494,R52,20849.0
494,R53,49.0
494,R54,2604.0
494,R55,25.0
494,R56,66.0
495,R1,1147038.0
495,R2,401464.0
495,R3,344112.0
495,R4,91763.0
495,R5,5735190.0
495,R6,17205570.0
495,R7,2294076.0
495,R8,9068.0
495,R9,12091.0
495,R10,439698.0
495,R11,363228.0
495,R12,918.64
495,R13,1166.0
495,R14,382.0
495,R15,74.0
495,R16,153.0
495,R17,11470.0
495,R18,15294.0
495,R19,95586.0
495,R20,7646.0
495,R21,255.0
495,R22,100.0
495,R23,306.0
495,R24,136.0
495,R25,382.0
495,R26,31.0
495,R27,2.0
495,R28,0.0
495,R29,95.0
495,R30,160.0
495,R31,3.0
495,R32,45.0
495,R33,31.0
495,R34,70.0
495,R35,26.0
495,R36,99.0
495,R37,6.0
495,R38,0.0
495,R39,764692.0
495,R40,458816.0
495,R41,1008.0
495,R42,30226.0
495,R43,286760.0
495,R44,11.0
495,R45,88.0
495,R46,1.0
495,R47,128.0
495,R48,7646.0
495,R49,12091.0
495,R50,688222.0
495,R51,210290.0
495,R52,76470.0
495,R53,16.0
495,R54,9559.0
495,R55,93.0
495,R56,180.0
496,R1,2062254.0
496,R2,721789.0
496,R3,618677.0
496,R4,164980.0
496,R5,10311270.0
496,R6,30933810.0
496,R7,4124508.0
496,R8,13762.0
496,R9,18350.0
496,R10,790530.0
496,R11,653047.0
496,R12,1200.0
496,R13,840.0
496,R14,688.0
496,R15,104.0
496,R16,274.0
496,R17,20622.0
496,R18,27497.0
496,R19,171854.0
496,R20,13748.0
496,R21,458.0
496,R22,177.0
496,R23,549.0
496,R24,240.0
496,R25,688.0
496,R26,62.0
496,R27,3.0
496,R28,1.0
496,R29,154.0
496,R30,261.0
496,R31,6.0
496,R32,45.0
496,R33,0.0
496,R34,95.0
496,R35,3.0
496,R36,4.0
496,R37,0.0
496,R38,3.0
496,R39,1374836.0
496,R40,824902.0
496,R41,1530.0
496,R42,45874.0
496,R43,515564.0
496,R44,6.0
496,R45,148.0
496,R46,4.0
496,R47,230.0
496,R48,13748.0
496,R49,18350.0
496,R50,1237352.0
496,R51,378080.0
496,R52,137484.0
496,R53,13.0
496,R54,17186.0
496,R55,153.0
496,R56,312.0
497,R1,9889770.0
497,R2,3461420.0
497,R3,2966932.0
497,R4,791182.0
497,R5,49448850.0
497,R6,148346550.0
497,R7,19779540.0
497,R8,58233.0
497,R9,77646.0
497,R10,3791078.0
497,R11,3131760.0
497,R12,1200.0
497,R13,840.0
497,R14,3296.0
497,R15,441.0
497,R16,1318.0
497,R17,98898.0
497,R18,131864.0
497,R19,824147.0
497,R20,65931.0
497,R21,2198.0
497,R22,824.0
497,R23,2637.0
497,R24,1159.0
497,R25,3296.0
497,R26,277.0
497,R27,13.0
497,R28,14.0
497,R29,686.0
497,R30,1128.0
497,R31,54.0
497,R32,122.0
497,R33,8.0
497,R34,366.0
497,R35,81.0
497,R36,41.0
497,R37,4.0
497,R38,16.0
497,R39,6593180.0
497,R40,3955908.0
497,R41,6470.0
497,R42,194112.0
497,R43,2472443.0
497,R44,27.0
497,R45,660.0
497,R46,21.0
497,R47,1099.0
497,R48,65931.0
497,R49,77646.0
497,R50,5933862.0
497,R51,1813125.0
497,R52,659318.0
497,R53,42.0
497,R54,82415.0
497,R55,732.0
497,R56,1510.0
498,R1,12305172.0
498,R2,4306810.0
498,R3,3691551.0
498,R4,984414.0
498,R5,61525860.0
498,R6,184577580.0
498,R7,24610344.0
498,R8,73598.0
498,R9,98130.0
498,R10,4716982.0
498,R11,3896638.0
498,R12,1200.0
498,R13,840.0
498,R14,4102.0
498,R15,544.0
498,R16,1640.0
498,R17,123052.0
498,R18,164068.0
498,R19,1025431.0
498,R20,82035.0
498,R21,2735.0
498,R22,1026.0
498,R23,3282.0
498,R24,1448.0
498,R25,4102.0
498,R26,343.0
498,R27,16.0
498,R28,16.0
498,R29,857.0
498,R30,1405.0
498,R31,69.0
498,R32,131.0
498,R33,12.0
498,R34,454.0
498,R35,16.0
498,R36,48.0
498,R37,4.0
498,R38,12.0
498,R39,8203448.0
498,R40,4922068.0
498,R41,8178.0
498,R42,245324.0
498,R43,3076293.0
498,R44,108.0
498,R45,820.0
498,R46,25.0
498,R47,1367.0
498,R48,82035.0
498,R49,98130.0
498,R50,7383104.0
498,R51,2255948.0
498,R52,820344.0
498,R53,45.0
498,R54,102544.0
498,R55,912.0
498,R56,1878.0
499,R1,25379502.0
499,R2,8882826.0
499,R3,7613850.0
499,R4,2030360.0
499,R5,126897510.0
499,R6,380692530.0
499,R7,50759004.0
499,R8,162656.0
499,R9,217320.0
499,R10,9728810.0
499,R11,8036842.0
499,R12,1200.0
499,R13,840.0
499,R14,8533.0
499,R15,1509.0
499,R16,3384.0
499,R17,253795.0
499,R18,338393.0
499,R19,2114959.0
499,R20,169196.0
499,R21,5640.0
499,R22,2200.0
499,R23,6768.0
499,R24,2975.0
499,R25,8694.0
499,R26,685.0
499,R27,97.0
499,R28,62.0
499,R29,1733.0
499,R30,3463.0
499,R31,313.0
499,R32,445.0
499,R33,33.0
499,R34,900.0
499,R35,34.0
499,R36,222.0
499,R37,8.0
499,R38,24.0
499,R39,16919668.0
499,R40,10151800.0
499,R41,18073.0
499,R42,542186.0
499,R43,6346312.0
499,R44,166.0
499,R45,2049.0
499,R46,74.0
499,R47,2828.0
499,R48,169196.0
499,R49,216874.0
499,R50,15227702.0
499,R51,4652908.0
499,R52,1691966.0
499,R53,151.0
499,R54,211938.0
499,R55,2001.0
499,R56,4225.0
5,R1,2861271.0
5,R2,1001646.0
5,R3,859399.0
5,R4,229386.0
5,R5,14305476.0
5,R6,42915150.0
5,R7,5722020.0
5,R8,16246.0
5,R9,21662.0
5,R10,1096720.0
5,R11,905986.0
5,R12,915.44
5,R13,617.76
5,R14,954.0
5,R15,157.0
5,R16,381.0
5,R17,28610.0
5,R18,38146.0
5,R19,238418.0
5,R20,19074.0
5,R21,636.0
5,R22,239.0
5,R23,763.0
5,R24,336.0
5,R25,954.0
5,R26,98.0
5,R27,8.0
5,R28,2.0
5,R29,191.0
5,R30,379.0
5,R31,30.0
5,R32,18.0
5,R33,6.0
5,R34,118.0
5,R35,4.0
5,R36,10.0
5,R37,0.0
5,R38,4.0
5,R39,1907340.0
5,R40,1144404.0
5,R41,1805.0
5,R42,54157.0
5,R43,715252.0
5,R44,16.0
5,R45,228.0
5,R46,4.0
5,R47,318.0
5,R48,19074.0
5,R49,21662.0
5,R50,1716606.0
5,R51,524518.0
5,R52,190734.0
5,R53,10.0
5,R54,23887.0
5,R55,225.0
5,R56,595.0
50,R1,6717762.0
50,R2,2351217.0
50,R3,2015329.0
50,R4,537421.0
50,R5,33588810.0
50,R6,100766430.0
50,R7,13435524.0
50,R8,36616.0
50,R9,48884.0
50,R10,2575142.0
50,R11,2127291.0
50,R12,1200.0
50,R13,774.0
50,R14,2240.0
50,R15,315.0
50,R16,920.0
50,R17,67270.0
50,R18,89570.0
50,R19,559814.0
50,R20,44786.0
50,R21,1493.0
50,R22,579.0
50,R23,1791.0
50,R24,784.0
50,R25,2279.0
50,R26,230.0
50,R27,44.0
50,R28,7.0
50,R29,470.0
50,R30,1318.0
50,R31,60.0
50,R32,38.0
50,R33,8.0
50,R34,264.0
50,R35,52.0
50,R36,30.0
50,R37,0.0
50,R38,4.0
50,R39,4478508.0
50,R40,2687104.0
50,R41,4069.0
50,R42,122124.0
50,R43,1679440.0
50,R44,32.0
50,R45,532.0
50,R46,14.0
50,R47,814.0
50,R48,44786.0
50,R49,48821.0
50,R50,4030658.0
50,R51,1231590.0
50,R52,447850.0
50,R53,21.0
50,R54,56130.0
50,R55,538.0
50,R56,1081.0
500,R1,15517548.0
500,R2,5431142.0
500,R3,4655264.0
500,R4,1241404.0
500,R5,77587740.0
500,R6,232763220.0
500,R7,31035096.0
500,R8,101071.0
500,R9,134760.0
500,R10,5948394.0
500,R11,4913890.0
500,R12,1200.0
500,R13,840.0
500,R14,5172.0
500,R15,793.0
500,R16,2070.0
500,R17,155176.0
500,R18,206900.0
500,R19,1293129.0
500,R20,103450.0
500,R21,3448.0
500,R22,1293.0
500,R23,4138.0
500,R24,1820.0
500,R25,5308.0
500,R26,414.0
500,R27,20.0
500,R28,20.0
500,R29,1070.0
500,R30,2093.0
500,R31,88.0
500,R32,106.0
500,R33,14.0
500,R34,552.0
500,R35,20.0
500,R36,56.0
500,R37,4.0
500,R38,14.0
500,R39,10345032.0
500,R40,6207742.0
500,R41,11230.0
500,R42,337194.0
500,R43,3879387.0
500,R44,88.0
500,R45,1241.0
500,R46,15.0
500,R47,1724.0
500,R48,103450.0
500,R49,134760.0
500,R50,9310528.0
500,R51,2845304.0
500,R52,1034504.0
500,R53,28.0
500,R54,129569.0
500,R55,1303.0
500,R56,2573.0
501,R1,10883436.0
501,R2,3809202.0
501,R3,3265030.0
501,R4,870675.0
501,R5,54417180.0
501,R6,163251540.0
501,R7,21766872.0
501,R8,71226.0
501,R9,94966.0
501,R10,4171984.0
501,R11,3446422.0
501,R12,1200.0
501,R13,840.0
501,R14,3628.0
501,R15,480.0
501,R16,1452.0
501,R17,108834.0
501,R18,145113.0
501,R19,906952.0
501,R20,72556.0
501,R21,2418.0
501,R22,907.0
501,R23,2902.0
501,R24,1282.0
501,R25,3628.0
501,R26,291.0
501,R27,28.0
501,R28,14.0
501,R29,901.0
501,R30,1238.0
501,R31,30.0
501,R32,90.0
501,R33,4.0
501,R34,412.0
501,R35,14.0
501,R36,20.0
501,R37,1.0
501,R38,8.0
501,R39,7255624.0
501,R40,4353374.0
501,R41,7914.0
501,R42,237414.0
501,R43,2720860.0
501,R44,60.0
501,R45,872.0
501,R46,10.0
501,R47,1210.0
501,R48,72556.0
501,R49,94966.0
501,R50,6530062.0
501,R51,1995297.0
501,R52,725562.0
501,R53,20.0
501,R54,90696.0
501,R55,806.0
501,R56,1665.0
502,R1,7182960.0
502,R2,2514036.0
502,R3,2154888.0
502,R4,574636.0
502,R5,35914800.0
502,R6,107744400.0
502,R7,14365920.0
502,R8,46703.0
502,R9,62271.0
502,R10,2753468.0
502,R11,2274604.0
502,R12,1200.0
502,R13,840.0
502,R14,2394.0
502,R15,334.0
502,R16,958.0
502,R17,71829.0
502,R18,95773.0
502,R19,598580.0
502,R20,47886.0
502,R21,1596.0
502,R22,598.0
502,R23,1916.0
502,R24,850.0
502,R25,2394.0
502,R26,210.0
502,R27,10.0
502,R28,12.0
502,R29,514.0
502,R30,854.0
502,R31,77.0
502,R32,148.0
502,R33,4.0
502,R34,281.0
502,R35,10.0
502,R36,55.0
502,R37,0.0
502,R38,6.0
502,R39,4788640.0
502,R40,2873184.0
502,R41,5190.0
502,R42,155678.0
502,R43,1795740.0
502,R44,20.0
502,R45,478.0
502,R46,26.0
502,R47,808.0
502,R48,47886.0
502,R49,62271.0
502,R50,4309776.0
502,R51,1316876.0
502,R52,478864.0
502,R53,59.0
502,R54,59858.0
502,R55,532.0
502,R56,1113.0
503,R1,17330670.0
503,R2,6065734.0
503,R3,5199200.0
503,R4,1386454.0
503,R5,86653350.0
503,R6,259960050.0
503,R7,34661340.0
503,R8,116541.0
503,R9,155388.0
503,R10,6643424.0
503,R11,5488046.0
503,R12,1200.0
503,R13,840.0
503,R14,5776.0
503,R15,772.0
503,R16,2310.0
503,R17,173307.0
503,R18,231075.0
503,R19,1444223.0
503,R20,115538.0
503,R21,3866.0
503,R22,1454.0
503,R23,4622.0
503,R24,2049.0
503,R25,5776.0
503,R26,550.0
503,R27,42.0
503,R28,49.0
503,R29,1201.0
503,R30,1994.0
503,R31,135.0
503,R32,209.0
503,R33,14.0
503,R34,634.0
503,R35,46.0
503,R36,90.0
503,R37,4.0
503,R38,290.0
503,R39,11553780.0
503,R40,6932268.0
503,R41,12950.0
503,R42,388471.0
503,R43,4332667.0
503,R44,99.0
503,R45,1155.0
503,R46,50.0
503,R47,1942.0
503,R48,115538.0
503,R49,155388.0
503,R50,10398402.0
503,R51,3177290.0
503,R52,1155378.0
503,R53,150.0
503,R54,144422.0
503,R55,1298.0
503,R56,2669.0
504,R1,7804644.0
504,R2,2731626.0
504,R3,2341394.0
504,R4,624372.0
504,R5,39023220.0
504,R6,117069660.0
504,R7,15609288.0
504,R8,55772.0
504,R9,74363.0
504,R10,2991780.0
504,R11,2471470.0
504,R12,1200.0
504,R13,840.0
504,R14,2601.0
504,R15,352.0
504,R16,1043.0
504,R17,78046.0
504,R18,104062.0
504,R19,650387.0
504,R20,52030.0
504,R21,1734.0
504,R22,650.0
504,R23,2082.0
504,R24,928.0
504,R25,2601.0
504,R26,252.0
504,R27,11.0
504,R28,12.0
504,R29,551.0
504,R30,895.0
504,R31,22.0
504,R32,69.0
504,R33,4.0
504,R34,295.0
504,R35,22.0
504,R36,28.0
504,R37,1.0
504,R38,8.0
504,R39,5203096.0
504,R40,3121858.0
504,R41,6197.0
504,R42,185908.0
504,R43,1951161.0
504,R44,43.0
504,R45,520.0
504,R46,8.0
504,R47,867.0
504,R48,52030.0
504,R49,74363.0
504,R50,4682786.0
504,R51,1430852.0
504,R52,520310.0
504,R53,14.0
504,R54,65038.0
504,R55,578.0
504,R56,1202.0
505,R1,27921420.0
505,R2,9772497.0
505,R3,8376426.0
505,R4,2233714.0
505,R5,139607100.0
505,R6,418821300.0
505,R7,55842840.0
505,R8,187478.0
505,R9,249971.0
505,R10,10703212.0
505,R11,8841783.0
505,R12,1200.0
505,R13,840.0
505,R14,9308.0
505,R15,1193.0
505,R16,3723.0
505,R17,279214.0
505,R18,372285.0
505,R19,2326785.0
505,R20,186142.0
505,R21,6210.0
505,R22,2200.0
505,R23,7446.0
505,R24,3276.0
505,R25,9308.0
505,R26,800.0
505,R27,38.0
505,R28,36.0
505,R29,1894.0
505,R30,3137.0
505,R31,77.0
505,R32,169.0
505,R33,12.0
505,R34,970.0
505,R35,56.0
505,R36,96.0
505,R37,8.0
505,R38,24.0
505,R39,18614280.0
505,R40,11168568.0
505,R41,20830.0
505,R42,624926.0
505,R43,6980355.0
505,R44,149.0
505,R45,1862.0
505,R46,119.0
505,R47,3103.0
505,R48,186142.0
505,R49,249971.0
505,R50,16752852.0
505,R51,5118927.0
505,R52,1861428.0
505,R53,100.0
505,R54,232678.0
505,R55,2076.0
505,R56,4258.0
506,R1,7202004.0
506,R2,2520702.0
506,R3,2160602.0
506,R4,576160.0
506,R5,36010020.0
506,R6,108030060.0
506,R7,14404008.0
506,R8,50054.0
506,R9,66738.0
506,R10,2760768.0
506,R11,2280634.0
506,R12,1200.0
506,R13,840.0
506,R14,2401.0
506,R15,332.0
506,R16,961.0
506,R17,72020.0
506,R18,96026.0
506,R19,600168.0
506,R20,48014.0
506,R21,1600.0
506,R22,600.0
506,R23,1920.0
506,R24,852.0
506,R25,2404.0
506,R26,196.0
506,R27,10.0
506,R28,8.0
506,R29,515.0
506,R30,828.0
506,R31,44.0
506,R32,102.0
506,R33,6.0
506,R34,289.0
506,R35,10.0
506,R36,40.0
506,R37,0.0
506,R38,6.0
506,R39,4801336.0
506,R40,2880802.0
506,R41,5561.0
506,R42,166846.0
506,R43,1800500.0
506,R44,20.0
506,R45,480.0
506,R46,20.0
506,R47,800.0
506,R48,48014.0
506,R49,66738.0
506,R50,4321202.0
506,R51,1320368.0
506,R52,480134.0
506,R53,27.0
506,R54,60017.0
506,R55,534.0
506,R56,1108.0
507,R1,7935042.0
507,R2,2777264.0
507,R3,2380512.0
507,R4,634803.0
507,R5,39675210.0
507,R6,119025630.0
507,R7,15870084.0
507,R8,52627.0
507,R9,70168.0
507,R10,3041766.0
507,R11,2512764.0
507,R12,1200.0
507,R13,840.0
507,R14,2646.0
507,R15,362.0
507,R16,1058.0
507,R17,79350.0
507,R18,105800.0
507,R19,661253.0
507,R20,52901.0
507,R21,1764.0
507,R22,661.0
507,R23,2116.0
507,R24,936.0
507,R25,2646.0
507,R26,221.0
507,R27,21.0
507,R28,20.0
507,R29,560.0
507,R30,919.0
507,R31,48.0
507,R32,92.0
507,R33,6.0
507,R34,313.0
507,R35,10.0
507,R36,40.0
507,R37,1.0
507,R38,6.0
507,R39,5290028.0
507,R40,3174016.0
507,R41,5847.0
507,R42,175422.0
507,R43,1983761.0
507,R44,22.0
507,R45,529.0
507,R46,18.0
507,R47,882.0
507,R48,52901.0
507,R49,70168.0
507,R50,4761026.0
507,R51,1454758.0
507,R52,529002.0
507,R53,54.0
507,R54,66125.0
507,R55,588.0
507,R56,1218.0
508,R1,6437652.0
508,R2,2253178.0
508,R3,1931296.0
508,R4,515012.0
508,R5,32188260.0
508,R6,96564780.0
508,R7,12875304.0
508,R8,45078.0
508,R9,60105.0
508,R10,2467766.0
508,R11,2038590.0
508,R12,1200.0
508,R13,784.16
508,R14,2146.0
508,R15,300.0
508,R16,858.0
508,R17,64376.0
508,R18,85835.0
508,R19,536471.0
508,R20,42918.0
508,R21,1431.0
508,R22,537.0
508,R23,1716.0
508,R24,763.0
508,R25,2146.0
508,R26,171.0
508,R27,8.0
508,R28,8.0
508,R29,466.0
508,R30,748.0
508,R31,18.0
508,R32,70.0
508,R33,2.0
508,R34,253.0
508,R35,8.0
508,R36,12.0
508,R37,0.0
508,R38,4.0
508,R39,4291768.0
508,R40,2575061.0
508,R41,5008.0
508,R42,150261.0
508,R43,1609413.0
508,R44,18.0
508,R45,430.0
508,R46,6.0
508,R47,715.0
508,R48,42918.0
508,R49,60105.0
508,R50,3862591.0
508,R51,1180236.0
508,R52,429177.0
508,R53,12.0
508,R54,53648.0
508,R55,476.0
508,R56,990.0
509,R1,13225842.0
509,R2,4629044.0
509,R3,3967752.0
509,R4,1058068.0
509,R5,66129210.0
509,R6,198387630.0
509,R7,26451684.0
509,R8,96604.0
509,R9,128804.0
509,R10,5069906.0
509,R11,4189004.0
509,R12,1200.0
509,R13,840.0
509,R14,4408.0
509,R15,580.0
509,R16,1764.0
509,R17,132258.0
509,R18,176344.0
509,R19,1102153.0
509,R20,88173.0
509,R21,2942.0
509,R22,1102.0
509,R23,3526.0
509,R24,1565.0
509,R25,4408.0
509,R26,406.0
509,R27,36.0
509,R28,18.0
509,R29,1080.0
509,R30,1496.0
509,R31,36.0
509,R32,83.0
509,R33,6.0
509,R34,475.0
509,R35,36.0
509,R36,49.0
509,R37,4.0
509,R38,12.0
509,R39,8817228.0
509,R40,5290337.0
509,R41,10734.0
509,R42,322011.0
509,R43,3306461.0
509,R44,113.0
509,R45,1049.0
509,R46,12.0
509,R47,1469.0
509,R48,88173.0
509,R49,128804.0
509,R50,7935505.0
509,R51,2424738.0
509,R52,881723.0
509,R53,42.0
509,R54,110215.0
509,R55,988.0
509,R56,2031.0
51,R1,4107762.0
51,R2,1437716.0
51,R3,1232328.0
51,R4,328621.0
51,R5,20538810.0
51,R6,61616430.0
51,R7,8215524.0
51,R8,24695.0
51,R9,32552.0
51,R10,1574642.0
51,R11,1300792.0
51,R12,1200.0
51,R13,840.0
51,R14,1370.0
51,R15,181.0
51,R16,548.0
51,R17,41078.0
51,R18,54770.0
51,R19,342314.0
51,R20,27385.0
51,R21,916.0
51,R22,342.0
51,R23,1095.0
51,R24,479.0
51,R25,1370.0
51,R26,127.0
51,R27,14.0
51,R28,2.0
51,R29,274.0
51,R30,456.0
51,R31,25.0
51,R32,14.0
51,R33,8.0
51,R34,147.0
51,R35,6.0
51,R36,8.0
51,R37,0.0
51,R38,4.0
51,R39,2738508.0
51,R40,1643104.0
51,R41,2712.0
51,R42,81380.0
51,R43,1026940.0
51,R44,11.0
51,R45,308.0
51,R46,6.0
51,R47,456.0
51,R48,27385.0
51,R49,32552.0
51,R50,2464658.0
51,R51,753159.0
51,R52,273850.0
51,R53,14.0
51,R54,34231.0
51,R55,305.0
51,R56,622.0
510,R1,16634088.0
510,R2,5821931.0
510,R3,4990227.0
510,R4,1330728.0
510,R5,83170440.0
510,R6,249511320.0
510,R7,33268176.0
510,R8,116440.0
510,R9,155252.0
510,R10,6376400.0
510,R11,5267461.0
510,R12,1200.0
510,R13,840.0
510,R14,5544.0
510,R15,719.0
510,R16,2218.0
510,R17,166341.0
510,R18,221788.0
510,R19,1386174.0
510,R20,110894.0
510,R21,3696.0
510,R22,1387.0
510,R23,4436.0
510,R24,1946.0
510,R25,5544.0
510,R26,468.0
510,R27,42.0
510,R28,31.0
510,R29,1138.0
510,R30,1874.0
510,R31,46.0
510,R32,103.0
510,R33,7.0
510,R34,594.0
510,R35,22.0
510,R36,30.0
510,R37,4.0
510,R38,16.0
510,R39,11089392.0
510,R40,6653636.0
510,R41,12938.0
510,R42,388132.0
510,R43,4158522.0
510,R44,46.0
510,R45,1109.0
510,R46,16.0
510,R47,1848.0
510,R48,110894.0
510,R49,155252.0
510,R50,9980452.0
510,R51,3049582.0
510,R52,1108940.0
510,R53,57.0
510,R54,138618.0
510,R55,1232.0
510,R56,2532.0
511,R1,20167752.0
511,R2,7058714.0
511,R3,6050326.0
511,R4,1613421.0
511,R5,100838760.0
511,R6,302516280.0
511,R7,40335504.0
511,R8,119778.0
511,R9,159704.0
511,R10,7730972.0
511,R11,6386454.0
511,R12,1200.0
511,R13,840.0
511,R14,6722.0
511,R15,862.0
511,R16,2690.0
511,R17,201678.0
511,R18,268904.0
511,R19,1680645.0
511,R20,134452.0
511,R21,4482.0
511,R22,1680.0
511,R23,5378.0
511,R24,2353.0
511,R25,6722.0
511,R26,547.0
511,R27,27.0
511,R28,26.0
511,R29,1371.0
511,R30,2272.0
511,R31,56.0
511,R32,113.0
511,R33,8.0
511,R34,707.0
511,R35,27.0
511,R36,38.0
511,R37,4.0
511,R38,15.0
511,R39,13445168.0
511,R40,8067101.0
511,R41,13308.0
511,R42,399260.0
511,R43,5041939.0
511,R44,56.0
511,R45,1344.0
511,R46,20.0
511,R47,2241.0
511,R48,134452.0
511,R49,159704.0
511,R50,12100651.0
511,R51,3697422.0
511,R52,1344517.0
511,R53,38.0
511,R54,168064.0
511,R55,1494.0
511,R56,3061.0
512,R1,7064070.0
512,R2,2472425.0
512,R3,2119221.0
512,R4,565126.0
512,R5,35320350.0
512,R6,105961050.0
512,R7,14128140.0
512,R8,41196.0
512,R9,54929.0
512,R10,2707894.0
512,R11,2236955.0
512,R12,1200.0
512,R13,820.88
512,R14,2355.0
512,R15,331.0
512,R16,941.0
512,R17,70640.0
512,R18,94187.0
512,R19,588672.0
512,R20,47094.0
512,R21,1570.0
512,R22,589.0
512,R23,1884.0
512,R24,829.0
512,R25,2355.0
512,R26,246.0
512,R27,10.0
512,R28,8.0
512,R29,494.0
512,R30,816.0
512,R31,43.0
512,R32,84.0
512,R33,4.0
512,R34,269.0
512,R35,18.0
512,R36,61.0
512,R37,0.0
512,R38,6.0
512,R39,4709380.0
512,R40,2825628.0
512,R41,4578.0
512,R42,137320.0
512,R43,1766018.0
512,R44,39.0
512,R45,471.0
512,R46,18.0
512,R47,785.0
512,R48,47094.0
512,R49,54929.0
512,R50,4238442.0
512,R51,1295080.0
512,R52,470938.0
512,R53,60.0
512,R54,58867.0
512,R55,524.0
512,R56,1092.0
513,R1,11016516.0
513,R2,3855780.0
513,R3,3304954.0
513,R4,881321.0
513,R5,55082580.0
513,R6,165247740.0
513,R7,22033032.0
513,R8,65004.0
513,R9,86672.0
513,R10,4222998.0
513,R11,3488564.0
513,R12,1200.0
513,R13,840.0
513,R14,3672.0
513,R15,500.0
513,R16,1469.0
513,R17,110165.0
513,R18,146886.0
513,R19,918044.0
513,R20,73444.0
513,R21,2448.0
513,R22,918.0
513,R23,2938.0
513,R24,1295.0
513,R25,3672.0
513,R26,321.0
513,R27,14.0
513,R28,16.0
513,R29,769.0
513,R30,1266.0
513,R31,31.0
513,R32,91.0
513,R33,5.0
513,R34,414.0
513,R35,14.0
513,R36,20.0
513,R37,4.0
513,R38,10.0
513,R39,7344344.0
513,R40,4406606.0
513,R41,7222.0
513,R42,216678.0
513,R43,2754128.0
513,R44,31.0
513,R45,734.0
513,R46,11.0
513,R47,1226.0
513,R48,73444.0
513,R49,86672.0
513,R50,6609910.0
513,R51,2019694.0
513,R52,734434.0
513,R53,20.0
513,R54,91804.0
513,R55,816.0
513,R56,1687.0
514,R1,11754276.0
514,R2,4113996.0
514,R3,3526282.0
514,R4,940342.0
514,R5,58771380.0
514,R6,176314140.0
514,R7,23508552.0
514,R8,70506.0
514,R9,94008.0
514,R10,4505806.0
514,R11,3722188.0
514,R12,1200.0
514,R13,840.0
514,R14,3918.0
514,R15,523.0
514,R16,1568.0
514,R17,117543.0
514,R18,156724.0
514,R19,979523.0
514,R20,78362.0
514,R21,2612.0
514,R22,979.0
514,R23,3134.0
514,R24,1384.0
514,R25,3918.0
514,R26,314.0
514,R27,16.0
514,R28,16.0
514,R29,821.0
514,R30,1338.0
514,R31,32.0
514,R32,85.0
514,R33,4.0
514,R34,424.0
514,R35,16.0
514,R36,22.0
514,R37,4.0
514,R38,12.0
514,R39,7836184.0
514,R40,4701710.0
514,R41,7834.0
514,R42,235020.0
514,R43,2938569.0
514,R44,32.0
514,R45,783.0
514,R46,12.0
514,R47,1306.0
514,R48,78362.0
514,R49,94008.0
514,R50,7052566.0
514,R51,2154950.0
514,R52,783618.0
514,R53,22.0
514,R54,97952.0
514,R55,870.0
514,R56,1796.0
515,R1,22207692.0
515,R2,7772692.0
515,R3,6662308.0
515,R4,1776616.0
515,R5,111038460.0
515,R6,333115380.0
515,R7,44415384.0
515,R8,135345.0
515,R9,180460.0
515,R10,8512948.0
515,R11,7032436.0
515,R12,1200.0
515,R13,840.0
515,R14,7402.0
515,R15,956.0
515,R16,2961.0
515,R17,222076.0
515,R18,296102.0
515,R19,1850640.0
515,R20,148051.0
515,R21,4935.0
515,R22,1850.0
515,R23,5922.0
515,R24,2600.0
515,R25,7402.0
515,R26,592.0
515,R27,29.0
515,R28,42.0
515,R29,1517.0
515,R30,2525.0
515,R31,119.0
515,R32,226.0
515,R33,10.0
515,R34,777.0
515,R35,29.0
515,R36,85.0
515,R37,6.0
515,R38,31.0
515,R39,14805128.0
515,R40,8883076.0
515,R41,15039.0
515,R42,451149.0
515,R43,5551924.0
515,R44,62.0
515,R45,1480.0
515,R46,38.0
515,R47,2478.0
515,R48,148051.0
515,R49,180460.0
515,R50,13324616.0
515,R51,4071411.0
515,R52,1480512.0
515,R53,85.0
515,R54,185064.0
515,R55,1645.0
515,R56,3387.0
516,R1,36643122.0
516,R2,12825093.0
516,R3,10992937.0
516,R4,2931450.0
516,R5,183215610.0
516,R6,549646830.0
516,R7,73286244.0
516,R8,220120.0
516,R9,294206.0
516,R10,14046530.0
516,R11,11603655.0
516,R12,1200.0
516,R13,840.0
516,R14,12214.0
516,R15,1568.0
516,R16,4886.0
516,R17,366431.0
516,R18,488575.0
516,R19,3053594.0
516,R20,244287.0
516,R21,8155.0
516,R22,2200.0
516,R23,9772.0
516,R24,4306.0
516,R25,12214.0
516,R26,1033.0
516,R27,48.0
516,R28,73.0
516,R29,2479.0
516,R30,5139.0
516,R31,207.0
516,R32,341.0
516,R33,27.0
516,R34,1275.0
516,R35,77.0
516,R36,211.0
516,R37,8.0
516,R38,32.0
516,R39,24428748.0
516,R40,14657249.0
516,R41,24458.0
516,R42,733732.0
516,R43,9163236.0
516,R44,274.0
516,R45,3052.0
516,R46,121.0
516,R47,4082.0
516,R48,246336.0
516,R49,293492.0
516,R50,21985873.0
516,R51,6717906.0
516,R52,2442875.0
516,R53,204.0
516,R54,305359.0
516,R55,2726.0
516,R56,5596.0
517,R1,66360888.0
517,R2,23226311.0
517,R3,19908266.0
517,R4,5308872.0
517,R5,331804440.0
517,R6,995413320.0
517,R7,132721776.0
517,R8,455250.0
517,R9,607000.0
517,R10,25438340.0
517,R11,21014281.0
517,R12,1200.0
517,R13,840.0
517,R14,22120.0
517,R15,2795.0
517,R16,8848.0
517,R17,663608.0
517,R18,884812.0
517,R19,5530075.0
517,R20,442406.0
517,R21,14746.0
517,R22,1306.0
517,R23,17696.0
517,R24,7752.0
517,R25,22120.0
517,R26,1770.0
517,R27,88.0
517,R28,87.0
517,R29,4460.0
517,R30,7400.0
517,R31,231.0
517,R32,355.0
517,R33,53.0
517,R34,2256.0
517,R35,88.0
517,R36,153.0
517,R37,16.0
517,R38,74.0
517,R39,44240592.0
517,R40,26544356.0
517,R41,50584.0
517,R42,1517500.0
517,R43,16590221.0
517,R44,184.0
517,R45,4424.0
517,R46,88.0
517,R47,7373.0
517,R48,442406.0
517,R49,607000.0
517,R50,39816532.0
517,R51,12166162.0
517,R52,4424060.0
517,R53,159.0
517,R54,553008.0
517,R55,4916.0
517,R56,10070.0
518,R1,56141772.0
518,R2,19649620.0
518,R3,16842532.0
518,R4,4491342.0
518,R5,280708860.0
518,R6,842126580.0
518,R7,112283544.0
518,R8,379008.0
518,R9,505344.0
518,R10,21521012.0
518,R11,17778228.0
518,R12,800.0
518,R13,560.0
518,R14,18714.0
518,R15,2370.0
518,R16,7486.0
518,R17,561418.0
518,R18,748556.0
518,R19,4678480.0
518,R20,374278.0
518,R21,12476.0
518,R22,1522.0
518,R23,14972.0
518,R24,6564.0
518,R25,18714.0
518,R26,1498.0
518,R27,74.0
518,R28,92.0
518,R29,3772.0
518,R30,6288.0
518,R31,256.0
518,R32,407.0
518,R33,49.0
518,R34,1917.0
518,R35,74.0
518,R36,188.0
518,R37,16.0
518,R38,47.0
518,R39,37427848.0
518,R40,22456708.0
518,R41,42112.0
518,R42,1263362.0
518,R43,14035444.0
518,R44,156.0
518,R45,3742.0
518,R46,109.0
518,R47,6248.0
518,R48,374278.0
518,R49,505344.0
518,R50,33685064.0
518,R51,10292658.0
518,R52,3742784.0
518,R53,179.0
518,R54,467848.0
518,R55,4158.0
518,R56,8522.0
519,R1,18512466.0
519,R2,6479364.0
519,R3,5553740.0
519,R4,1480998.0
519,R5,92562330.0
519,R6,277686990.0
519,R7,37024932.0
519,R8,121382.0
519,R9,161842.0
519,R10,7096446.0
519,R11,5862280.0
519,R12,800.0
519,R13,560.0
519,R14,6170.0
519,R15,812.0
519,R16,2472.0
519,R17,185124.0
519,R18,246832.0
519,R19,1542706.0
519,R20,123416.0
519,R21,4114.0
519,R22,1542.0
519,R23,4936.0
519,R24,2177.0
519,R25,6170.0
519,R26,494.0
519,R27,24.0
519,R28,24.0
519,R29,1279.0
519,R30,2098.0
519,R31,52.0
519,R32,107.0
519,R33,8.0
519,R34,671.0
519,R35,24.0
519,R36,34.0
519,R37,4.0
519,R38,16.0
519,R39,12341644.0
519,R40,7404986.0
519,R41,13486.0
519,R42,404604.0
519,R43,4628116.0
519,R44,52.0
519,R45,1234.0
519,R46,18.0
519,R47,2056.0
519,R48,123416.0
519,R49,161842.0
519,R50,11107480.0
519,R51,3393952.0
519,R52,1234164.0
519,R53,34.0
519,R54,154270.0
519,R55,1396.0
519,R56,2822.0
52,R1,5967768.0
52,R2,2088719.0
52,R3,1790330.0
52,R4,477422.0
52,R5,29839214.0
52,R6,89516520.0
52,R7,11935536.0
52,R8,37527.0
52,R9,49455.0
52,R10,2287645.0
52,R11,1889793.0
52,R12,1200.0
52,R13,840.0
52,R14,2003.0
52,R15,298.0
52,R16,821.0
52,R17,59678.0
52,R18,79570.0
52,R19,497314.0
52,R20,39785.0
52,R21,1326.0
52,R22,520.0
52,R23,1592.0
52,R24,697.0
52,R25,1990.0
52,R26,181.0
52,R27,31.0
52,R28,8.0
52,R29,424.0
52,R30,798.0
52,R31,90.0
52,R32,38.0
52,R33,12.0
52,R34,230.0
52,R35,8.0
52,R36,22.0
52,R37,0.0
52,R38,9.0
52,R39,3978512.0
52,R40,2387107.0
52,R41,4108.0
52,R42,123246.0
52,R43,1492202.0
52,R44,17.0
52,R45,496.0
52,R46,24.0
52,R47,739.0
52,R48,39785.0
52,R49,49299.0
52,R50,3580661.0
52,R51,1094090.0
52,R52,397851.0
52,R53,32.0
52,R54,49731.0
52,R55,442.0
52,R56,915.0
520,R1,15805200.0
520,R2,5531820.0
520,R3,4741560.0
520,R4,1264416.0
520,R5,79026000.0
520,R6,237078000.0
520,R7,31610400.0
520,R8,110122.0
520,R9,146829.0
520,R10,6058660.0
520,R11,5004980.0
520,R12,1200.0
520,R13,840.0
520,R14,5268.0
520,R15,689.0
520,R16,2108.0
520,R17,158052.0
520,R18,210736.0
520,R19,1317100.0
520,R20,105368.0
520,R21,3512.0
520,R22,1318.0
520,R23,4214.0
520,R24,1856.0
520,R25,5268.0
520,R26,429.0
520,R27,40.0
520,R28,39.0
520,R29,1087.0
520,R30,1805.0
520,R31,77.0
520,R32,173.0
520,R33,6.0
520,R34,580.0
520,R35,109.0
520,R36,45.0
520,R37,4.0
520,R38,80.0
520,R39,10536800.0
520,R40,6322080.0
520,R41,12236.0
520,R42,367074.0
520,R43,3951300.0
520,R44,44.0
520,R45,1054.0
520,R46,32.0
520,R47,1766.0
520,R48,105368.0
520,R49,146829.0
520,R50,9483120.0
520,R51,2897620.0
520,R52,1053680.0
520,R53,74.0
520,R54,131710.0
520,R55,1171.0
520,R56,2417.0
521,R1,56576448.0
521,R2,19801756.0
521,R3,16972934.0
521,R4,4526116.0
521,R5,282882240.0
521,R6,848646720.0
521,R7,113152896.0
521,R8,387270.0
521,R9,516361.0
521,R10,21687638.0
521,R11,17920493.0
521,R12,1200.0
521,R13,840.0
521,R14,18858.0
521,R15,2390.0
521,R16,7543.0
521,R17,565764.0
521,R18,754352.0
521,R19,4714704.0
521,R20,377177.0
521,R21,12572.0
521,R22,1843.0
521,R23,15088.0
521,R24,6615.0
521,R25,18858.0
521,R26,1508.0
521,R27,152.0
521,R28,60.0
521,R29,3815.0
521,R30,6328.0
521,R31,158.0
521,R32,288.0
521,R33,24.0
521,R34,1943.0
521,R35,76.0
521,R36,104.0
521,R37,14.0
521,R38,53.0
521,R39,37717632.0
521,R40,22630579.0
521,R41,43030.0
521,R42,1290902.0
521,R43,14144112.0
521,R44,316.0
521,R45,4724.0
521,R46,54.0
521,R47,6286.0
521,R48,377177.0
521,R49,516361.0
521,R50,33945869.0
521,R51,10372348.0
521,R52,3771763.0
521,R53,104.0
521,R54,471471.0
521,R55,4190.0
521,R56,8589.0
522,R1,27258954.0
522,R2,9540634.0
522,R3,8177686.0
522,R4,2180716.0
522,R5,136294770.0
522,R6,408884310.0
522,R7,54517908.0
522,R8,167404.0
522,R9,223206.0
522,R10,10449266.0
522,R11,8632002.0
522,R12,1200.0
522,R13,840.0
522,R14,9087.0
522,R15,1181.0
522,R16,3634.0
522,R17,272590.0
522,R18,363453.0
522,R19,2271580.0
522,R20,181726.0
522,R21,6057.0
522,R22,2200.0
522,R23,7269.0
522,R24,3192.0
522,R25,9087.0
522,R26,747.0
522,R27,149.0
522,R28,55.0
522,R29,1854.0
522,R30,3070.0
522,R31,76.0
522,R32,180.0
522,R33,12.0
522,R34,951.0
522,R35,37.0
522,R36,50.0
522,R37,6.0
522,R38,31.0
522,R39,18172636.0
522,R40,10903581.0
522,R41,18600.0
522,R42,558014.0
522,R43,6814738.0
522,R44,76.0
522,R45,1818.0
522,R46,26.0
522,R47,3032.0
522,R48,181726.0
522,R49,223206.0
522,R50,16355373.0
522,R51,4997474.0
522,R52,1817263.0
522,R53,80.0
522,R54,227158.0
522,R55,2020.0
522,R56,4146.0
523,R1,15510294.0
523,R2,5428603.0
523,R3,4653088.0
523,R4,1240824.0
523,R5,77551470.0
523,R6,232654410.0
523,R7,31020588.0
523,R8,96450.0
523,R9,128601.0
523,R10,5945613.0
523,R11,4911593.0
523,R12,1200.0
523,R13,840.0
523,R14,5170.0
523,R15,683.0
523,R16,2068.0
523,R17,155103.0
523,R18,206804.0
523,R19,1292524.0
523,R20,103402.0
523,R21,3447.0
523,R22,1293.0
523,R23,4136.0
523,R24,1825.0
523,R25,5170.0
523,R26,414.0
523,R27,20.0
523,R28,20.0
523,R29,1073.0
523,R30,1771.0
523,R31,87.0
523,R32,146.0
523,R33,14.0
523,R34,569.0
523,R35,20.0
523,R36,53.0
523,R37,4.0
523,R38,21.0
523,R39,10340196.0
523,R40,6204118.0
523,R41,10716.0
523,R42,321500.0
523,R43,3877574.0
523,R44,43.0
523,R45,1034.0
523,R46,29.0
523,R47,1723.0
523,R48,103402.0
523,R49,128601.0
523,R50,9306176.0
523,R51,2843554.0
523,R52,1034020.0
523,R53,59.0
523,R54,129252.0
523,R55,1148.0
523,R56,2371.0
524,R1,14725176.0
524,R2,5153812.0
524,R3,4417552.0
524,R4,1178014.0
524,R5,73625880.0
524,R6,220877640.0
524,R7,29450352.0
524,R8,86683.0
524,R9,115578.0
524,R10,5644650.0
524,R11,4662972.0
524,R12,1200.0
524,R13,840.0
524,R14,4908.0
524,R15,653.0
524,R16,1964.0
524,R17,147251.0
524,R18,196336.0
524,R19,1227098.0
524,R20,98168.0
524,R21,3283.0
524,R22,1229.0
524,R23,3926.0
524,R24,1741.0
524,R25,4910.0
524,R26,447.0
524,R27,38.0
524,R28,30.0
524,R29,1248.0
524,R30,1691.0
524,R31,71.0
524,R32,154.0
524,R33,6.0
524,R34,538.0
524,R35,38.0
524,R36,85.0
524,R37,4.0
524,R38,12.0
524,R39,9816784.0
524,R40,5890070.0
524,R41,9632.0
524,R42,288944.0
524,R43,3681294.0
524,R44,121.0
524,R45,1209.0
524,R46,28.0
524,R47,1646.0
524,R48,98168.0
524,R49,115578.0
524,R50,8835106.0
524,R51,2699616.0
524,R52,981678.0
524,R53,83.0
524,R54,122709.0
524,R55,1100.0
524,R56,2273.0
525,R1,9945456.0
525,R2,3480910.0
525,R3,2983636.0
525,R4,795637.0
525,R5,49727280.0
525,R6,149181840.0
525,R7,19890912.0
525,R8,63230.0
525,R9,84307.0
525,R10,3812425.0
525,R11,3149394.0
525,R12,1200.0
525,R13,840.0
525,R14,3316.0
525,R15,443.0
525,R16,1326.0
525,R17,99455.0
525,R18,132606.0
525,R19,828788.0
525,R20,66303.0
525,R21,2210.0
525,R22,828.0
525,R23,2652.0
525,R24,1168.0
525,R25,3316.0
525,R26,272.0
525,R27,22.0
525,R28,31.0
525,R29,700.0
525,R30,1147.0
525,R31,94.0
525,R32,175.0
525,R33,12.0
525,R34,395.0
525,R35,14.0
525,R36,62.0
525,R37,4.0
525,R38,8.0
525,R39,6630304.0
525,R40,3978182.0
525,R41,7026.0
525,R42,210768.0
525,R43,2486364.0
525,R44,27.0
525,R45,663.0
525,R46,35.0
525,R47,1122.0
525,R48,66303.0
525,R49,84307.0
525,R50,5967274.0
525,R51,1823333.0
525,R52,663030.0
525,R53,98.0
525,R54,82878.0
525,R55,736.0
525,R56,1524.0
526,R1,25906536.0
526,R2,9067288.0
526,R3,7771960.0
526,R4,2072523.0
526,R5,129532680.0
526,R6,388598040.0
526,R7,51813072.0
526,R8,157170.0
526,R9,209560.0
526,R10,9930839.0
526,R11,8203736.0
526,R12,1200.0
526,R13,840.0
526,R14,8636.0
526,R15,1112.0
526,R16,3454.0
526,R17,259066.0
526,R18,345421.0
526,R19,2158878.0
526,R20,172710.0
526,R21,5758.0
526,R22,2159.0
526,R23,6908.0
526,R24,3035.0
526,R25,8636.0
526,R26,690.0
526,R27,35.0
526,R28,36.0
526,R29,1762.0
526,R30,2915.0
526,R31,72.0
526,R32,180.0
526,R33,11.0
526,R34,906.0
526,R35,35.0
526,R36,48.0
526,R37,8.0
526,R38,36.0
526,R39,17271024.0
526,R40,10362614.0
526,R41,17464.0
526,R42,523900.0
526,R43,6476634.0
526,R44,72.0
526,R45,1728.0
526,R46,24.0
526,R47,2878.0
526,R48,172710.0
526,R49,209560.0
526,R50,15543922.0
526,R51,4749532.0
526,R52,1727102.0
526,R53,48.0
526,R54,215888.0
526,R55,1920.0
526,R56,3947.0
527,R1,18022446.0
527,R2,6307856.0
527,R3,5406734.0
527,R4,1441796.0
527,R5,90112230.0
527,R6,270336690.0
527,R7,36044892.0
527,R8,117672.0
527,R9,156896.0
527,R10,6908604.0
527,R11,5707108.0
527,R12,1200.0
527,R13,840.0
527,R14,6007.0
527,R15,788.0
527,R16,2402.0
527,R17,180224.0
527,R18,240300.0
527,R19,1501870.0
527,R20,120150.0
527,R21,4004.0
527,R22,1502.0
527,R23,4806.0
527,R24,2115.0
527,R25,6007.0
527,R26,498.0
527,R27,24.0
527,R28,24.0
527,R29,1239.0
527,R30,2039.0
527,R31,50.0
527,R32,110.0
527,R33,8.0
527,R34,645.0
527,R35,24.0
527,R36,34.0
527,R37,4.0
527,R38,16.0
527,R39,12014964.0
527,R40,7208979.0
527,R41,13074.0
527,R42,392240.0
527,R43,4505612.0
527,R44,50.0
527,R45,1202.0
527,R46,18.0
527,R47,2006.0
527,R48,120150.0
527,R49,156896.0
527,R50,10813467.0
527,R51,3304116.0
527,R52,1201497.0
527,R53,34.0
527,R54,150187.0
527,R55,1335.0
527,R56,2745.0
528,R1,9690414.0
528,R2,3391644.0
528,R3,2907124.0
528,R4,775234.0
528,R5,48452070.0
528,R6,145356210.0
528,R7,19380828.0
528,R8,71481.0
528,R9,95308.0
528,R10,3714658.0
528,R11,3068632.0
528,R12,1200.0
528,R13,840.0
528,R14,3230.0
528,R15,452.0
528,R16,1292.0
528,R17,96904.0
528,R18,129206.0
528,R19,807534.0
528,R20,64602.0
528,R21,2154.0
528,R22,808.0
528,R23,2584.0
528,R24,1144.0
528,R25,3230.0
528,R26,284.0
528,R27,37.0
528,R28,22.0
528,R29,830.0
528,R30,1127.0
528,R31,26.0
528,R32,88.0
528,R33,4.0
528,R34,381.0
528,R35,63.0
528,R36,88.0
528,R37,4.0
528,R38,8.0
528,R39,6460276.0
528,R40,3876166.0
528,R41,7942.0
528,R42,238268.0
528,R43,2422604.0
528,R44,52.0
528,R45,796.0
528,R46,10.0
528,R47,1084.0
528,R48,64602.0
528,R49,95308.0
528,R50,5814248.0
528,R51,1776576.0
528,R52,646028.0
528,R53,37.0
528,R54,80754.0
528,R55,718.0
528,R56,1486.0
529,R1,5097906.0
529,R2,1784267.0
529,R3,1529371.0
529,R4,407832.0
529,R5,25489530.0
529,R6,76468590.0
529,R7,10195812.0
529,R8,37771.0
529,R9,50362.0
529,R10,1954198.0
529,R11,1614337.0
529,R12,1200.0
529,R13,773.12
529,R14,1700.0
529,R15,243.0
529,R16,680.0
529,R17,50979.0
529,R18,67972.0
529,R19,424826.0
529,R20,33986.0
529,R21,1132.0
529,R22,425.0
529,R23,1360.0
529,R24,606.0
529,R25,1700.0
529,R26,136.0
529,R27,12.0
529,R28,9.0
529,R29,445.0
529,R30,617.0
529,R31,46.0
529,R32,107.0
529,R33,2.0
529,R34,206.0
529,R35,6.0
529,R36,30.0
529,R37,0.0
529,R38,4.0
529,R39,3398604.0
529,R40,2039162.0
529,R41,4196.0
529,R42,125903.0
529,R43,1274476.0
529,R44,28.0
529,R45,408.0
529,R46,8.0
529,R47,577.0
529,R48,33986.0
529,R49,50362.0
529,R50,3058744.0
529,R51,934616.0
529,R52,339860.0
529,R53,45.0
529,R54,42482.0
529,R55,378.0
529,R56,792.0
53,R1,9931014.0
53,R2,3475854.0
53,R3,2979304.0
53,R4,794482.0
53,R5,49655070.0
53,R6,148965210.0
53,R7,19862028.0
53,R8,58506.0
53,R9,76685.0
53,R10,3806889.0
53,R11,3144822.0
53,R12,1200.0
53,R13,840.0
53,R14,3310.0
53,R15,413.0
53,R16,1379.0
53,R17,99310.0
53,R18,132414.0
53,R19,827584.0
53,R20,66206.0
53,R21,2206.0
53,R22,828.0
53,R23,2648.0
53,R24,1179.0
53,R25,3310.0
53,R26,354.0
53,R27,50.0
53,R28,12.0
53,R29,743.0
53,R30,1369.0
53,R31,108.0
53,R32,33.0
53,R33,36.0
53,R34,422.0
53,R35,104.0
53,R36,28.0
53,R37,1.0
53,R38,15.0
53,R39,6620676.0
53,R40,3972406.0
53,R41,6378.0
53,R42,191322.0
53,R43,2482754.0
53,R44,47.0
53,R45,890.0
53,R46,27.0
53,R47,1252.0
53,R48,66206.0
53,R49,76529.0
53,R50,5958608.0
53,R51,1820968.0
53,R52,662068.0
53,R53,36.0
53,R54,82758.0
53,R55,738.0
53,R56,1524.0
530,R1,23256006.0
530,R2,8139602.0
530,R3,6976802.0
530,R4,1860480.0
530,R5,116280030.0
530,R6,348840090.0
530,R7,46512012.0
530,R8,151244.0
530,R9,201658.0
530,R10,8914802.0
530,R11,7364402.0
530,R12,1200.0
530,R13,840.0
530,R14,7752.0
530,R15,1206.0
530,R16,3100.0
530,R17,232560.0
530,R18,310080.0
530,R19,1938000.0
530,R20,155040.0
530,R21,5176.0
530,R22,1946.0
530,R23,6202.0
530,R24,2741.0
530,R25,7752.0
530,R26,693.0
530,R27,63.0
530,R28,46.0
530,R29,1587.0
530,R30,3201.0
530,R31,128.0
530,R32,223.0
530,R33,20.0
530,R34,831.0
530,R35,57.0
530,R36,130.0
530,R37,6.0
530,R38,22.0
530,R39,15504004.0
530,R40,9303556.0
530,R41,16804.0
530,R42,504144.0
530,R43,5814002.0
530,R44,193.0
530,R45,1880.0
530,R46,23.0
530,R47,2596.0
530,R48,155040.0
530,R49,201658.0
530,R50,13953604.0
530,R51,4263602.0
530,R52,1550400.0
530,R53,96.0
530,R54,194209.0
530,R55,1728.0
530,R56,3886.0
531,R1,16932858.0
531,R2,5926500.0
531,R3,5079857.0
531,R4,1354629.0
531,R5,84664290.0
531,R6,253992870.0
531,R7,33865716.0
531,R8,107710.0
531,R9,143612.0
531,R10,6490929.0
531,R11,5362072.0
531,R12,1200.0
531,R13,840.0
531,R14,5644.0
531,R15,871.0
531,R16,2258.0
531,R17,169329.0
531,R18,225771.0
531,R19,1411071.0
531,R20,112886.0
531,R21,3763.0
531,R22,1412.0
531,R23,4515.0
531,R24,1990.0
531,R25,5792.0
531,R26,458.0
531,R27,38.0
531,R28,33.0
531,R29,1165.0
531,R30,1915.0
531,R31,96.0
531,R32,170.0
531,R33,16.0
531,R34,618.0
531,R35,22.0
531,R36,64.0
531,R37,4.0
531,R38,16.0
531,R39,11288572.0
531,R40,6773143.0
531,R41,11968.0
531,R42,359344.0
531,R43,4233215.0
531,R44,63.0
531,R45,1355.0
531,R46,16.0
531,R47,1882.0
531,R48,112886.0
531,R49,143612.0
531,R50,10159715.0
531,R51,3104357.0
531,R52,1128857.0
531,R53,57.0
531,R54,141388.0
531,R55,1331.0
531,R56,2580.0
532,R1,16447434.0
532,R2,5756602.0
532,R3,4934230.0
532,R4,1315794.0
532,R5,82237170.0
532,R6,246711510.0
532,R7,32894868.0
532,R8,116973.0
532,R9,155964.0
532,R10,6304850.0
532,R11,5208354.0
532,R12,1200.0
532,R13,840.0
532,R14,5482.0
532,R15,694.0
532,R16,2192.0
532,R17,164474.0
532,R18,219299.0
532,R19,1370620.0
532,R20,109650.0
532,R21,3655.0
532,R22,1370.0
532,R23,4386.0
532,R24,1918.0
532,R25,5482.0
532,R26,479.0
532,R27,59.0
532,R28,21.0
532,R29,1105.0
532,R30,1835.0
532,R31,46.0
532,R32,108.0
532,R33,6.0
532,R34,566.0
532,R35,22.0
532,R36,30.0
532,R37,4.0
532,R38,21.0
532,R39,10964956.0
532,R40,6578974.0
532,R41,12996.0
532,R42,389910.0
532,R43,4111858.0
532,R44,46.0
532,R45,1103.0
532,R46,16.0
532,R47,1831.0
532,R48,109650.0
532,R49,155964.0
532,R50,9868460.0
532,R51,3015362.0
532,R52,1096496.0
532,R53,72.0
532,R54,137061.0
532,R55,1218.0
532,R56,2492.0
533,R1,15308010.0
533,R2,5357804.0
533,R3,4592404.0
533,R4,1224640.0
533,R5,76540050.0
533,R6,229620150.0
533,R7,30616020.0
533,R8,106782.0
533,R9,142377.0
533,R10,5868070.0
533,R11,4847536.0
533,R12,1200.0
533,R13,840.0
533,R14,5102.0
533,R15,755.0
533,R16,2041.0
533,R17,153080.0
533,R18,204107.0
533,R19,1275668.0
533,R20,102053.0
533,R21,3402.0
533,R22,1276.0
533,R23,4082.0
533,R24,1786.0
533,R25,5266.0
533,R26,429.0
533,R27,48.0
533,R28,31.0
533,R29,1031.0
533,R30,1718.0
533,R31,118.0
533,R32,155.0
533,R33,12.0
533,R34,527.0
533,R35,20.0
533,R36,56.0
533,R37,4.0
533,R38,22.0
533,R39,10205340.0
533,R40,6123903.0
533,R41,11864.0
533,R42,356243.0
533,R43,3827002.0
533,R44,84.0
533,R45,1030.0
533,R46,30.0
533,R47,1714.0
533,R48,102053.0
533,R49,142377.0
533,R50,9184806.0
533,R51,2806469.0
533,R52,1020534.0
533,R53,88.0
533,R54,127566.0
533,R55,1202.0
533,R56,2323.0
534,R1,22657614.0
534,R2,7930164.0
534,R3,6797284.0
534,R4,1812610.0
534,R5,113288070.0
534,R6,339864210.0
534,R7,45315228.0
534,R8,175684.0
534,R9,234246.0
534,R10,8685419.0
534,R11,7174912.0
534,R12,1200.0
534,R13,840.0
534,R14,7552.0
534,R15,944.0
534,R16,3021.0
534,R17,226576.0
534,R18,302102.0
534,R19,1888134.0
534,R20,151050.0
534,R21,5045.0
534,R22,1896.0
534,R23,6042.0
534,R24,2658.0
534,R25,7552.0
534,R26,684.0
534,R27,60.0
534,R28,32.0
534,R29,1518.0
534,R30,2532.0
534,R31,126.0
534,R32,192.0
534,R33,10.0
534,R34,766.0
534,R35,56.0
534,R36,112.0
534,R37,6.0
534,R38,89.0
534,R39,15105076.0
534,R40,9063046.0
534,R41,19520.0
534,R42,585613.0
534,R43,5664404.0
534,R44,112.0
534,R45,1520.0
534,R46,45.0
534,R47,2534.0
534,R48,151050.0
534,R49,234246.0
534,R50,13594568.0
534,R51,4153896.0
534,R52,1510508.0
534,R53,165.0
534,R54,188814.0
534,R55,1684.0
534,R56,3456.0
535,R1,18199728.0
535,R2,6369905.0
535,R3,5459918.0
535,R4,1455978.0
535,R5,90998640.0
535,R6,272995920.0
535,R7,36399456.0
535,R8,120352.0
535,R9,160470.0
535,R10,6976563.0
535,R11,5763247.0
535,R12,1200.0
535,R13,840.0
535,R14,6066.0
535,R15,758.0
535,R16,2426.0
535,R17,181998.0
535,R18,242664.0
535,R19,1516644.0
535,R20,121331.0
535,R21,4044.0
535,R22,1516.0
535,R23,4853.0
535,R24,2124.0
535,R25,6066.0
535,R26,495.0
535,R27,48.0
535,R28,12.0
535,R29,1222.0
535,R30,2022.0
535,R31,50.0
535,R32,97.0
535,R33,8.0
535,R34,619.0
535,R35,24.0
535,R36,34.0
535,R37,4.0
535,R38,16.0
535,R39,12133152.0
535,R40,7279891.0
535,R41,13373.0
535,R42,401176.0
535,R43,4549932.0
535,R44,50.0
535,R45,1222.0
535,R46,18.0
535,R47,2022.0
535,R48,121331.0
535,R49,160470.0
535,R50,10919837.0
535,R51,3336616.0
535,R52,1213315.0
535,R53,64.0
535,R54,151664.0
535,R55,1348.0
535,R56,2758.0
536,R1,23659938.0
536,R2,8280978.0
536,R3,7097982.0
536,R4,1892796.0
536,R5,118299690.0
536,R6,354899070.0
536,R7,47319876.0
536,R8,152830.0
536,R9,203772.0
536,R10,9069642.0
536,R11,7492314.0
536,R12,800.0
536,R13,560.0
536,R14,7886.0
536,R15,986.0
536,R16,3154.0
536,R17,236600.0
536,R18,315466.0
536,R19,1971662.0
536,R20,157732.0
536,R21,5258.0
536,R22,1972.0
536,R23,6310.0
536,R24,2760.0
536,R25,7886.0
536,R26,636.0
536,R27,56.0
536,R28,31.0
536,R29,1578.0
536,R30,2628.0
536,R31,66.0
536,R32,78.0
536,R33,10.0
536,R34,792.0
536,R35,32.0
536,R36,44.0
536,R37,4.0
536,R38,10.0
536,R39,15773292.0
536,R40,9463976.0
536,R41,16982.0
536,R42,509430.0
536,R43,5914984.0
536,R44,160.0
536,R45,1578.0
536,R46,22.0
536,R47,2628.0
536,R48,157732.0
536,R49,203772.0
536,R50,14195962.0
536,R51,4337656.0
536,R52,1577330.0
536,R53,61.0
536,R54,197166.0
536,R55,1752.0
536,R56,3584.0
537,R1,31780446.0
537,R2,11123156.0
537,R3,9534134.0
537,R4,2542436.0
537,R5,158902230.0
537,R6,476706690.0
537,R7,63560892.0
537,R8,222362.0
537,R9,296482.0
537,R10,12182504.0
537,R11,10063808.0
537,R12,1200.0
537,R13,840.0
537,R14,10594.0
537,R15,1324.0
537,R16,4238.0
537,R17,317804.0
537,R18,423740.0
537,R19,2648370.0
537,R20,211869.0
537,R21,7062.0
537,R22,2200.0
537,R23,8474.0
537,R24,3708.0
537,R25,10594.0
537,R26,862.0
537,R27,78.0
537,R28,39.0
537,R29,2127.0
537,R30,3547.0
537,R31,150.0
537,R32,208.0
537,R33,14.0
537,R34,1071.0
537,R35,42.0
537,R36,106.0
537,R37,20.0
537,R38,26.0
537,R39,21186964.0
537,R40,12712178.0
537,R41,24706.0
537,R42,741204.0
537,R43,7945112.0
537,R44,88.0
537,R45,2128.0
537,R46,58.0
537,R47,3538.0
537,R48,211869.0
537,R49,296482.0
537,R50,19068268.0
537,R51,5826416.0
537,R52,2118696.0
537,R53,138.0
537,R54,264837.0
537,R55,2354.0
537,R56,4816.0
538,R1,24318168.0
538,R2,8511359.0
538,R3,7295450.0
538,R4,1945454.0
538,R5,121590840.0
538,R6,364772520.0
538,R7,48636336.0
538,R8,156502.0
538,R9,208668.0
538,R10,9321964.0
538,R11,7700753.0
538,R12,1200.0
538,R13,840.0
538,R14,8106.0
538,R15,1026.0
538,R16,3242.0
538,R17,243182.0
538,R18,324242.0
538,R19,2026514.0
538,R20,162122.0
538,R21,5404.0
538,R22,2026.0
538,R23,6484.0
538,R24,2838.0
538,R25,8347.0
538,R26,684.0
538,R27,66.0
538,R28,16.0
538,R29,1633.0
538,R30,2712.0
538,R31,136.0
538,R32,208.0
538,R33,20.0
538,R34,823.0
538,R35,32.0
538,R36,90.0
538,R37,116.0
538,R38,22.0
538,R39,16212112.0
538,R40,9727267.0
538,R41,17389.0
538,R42,522185.0
538,R43,6079542.0
538,R44,136.0
538,R45,1634.0
538,R46,24.0
538,R47,2714.0
538,R48,162122.0
538,R49,208668.0
538,R50,14590901.0
538,R51,4458331.0
538,R52,1621211.0
538,R53,81.0
538,R54,203107.0
538,R55,1927.0
538,R56,4053.0
539,R1,20932854.0
539,R2,7326498.0
539,R3,6279856.0
539,R4,1674628.0
539,R5,104664270.0
539,R6,313992810.0
539,R7,41865708.0
539,R8,157669.0
539,R9,210225.0
539,R10,8024260.0
539,R11,6628738.0
539,R12,1200.0
539,R13,840.0
539,R14,6978.0
539,R15,872.0
539,R16,2792.0
539,R17,209328.0
539,R18,279104.0
539,R19,1744405.0
539,R20,139552.0
539,R21,4652.0
539,R22,1745.0
539,R23,5582.0
539,R24,2442.0
539,R25,6978.0
539,R26,577.0
539,R27,44.0
539,R28,23.0
539,R29,1398.0
539,R30,2336.0
539,R31,89.0
539,R32,154.0
539,R33,9.0
539,R34,706.0
539,R35,28.0
539,R36,60.0
539,R37,4.0
539,R38,21.0
539,R39,13955236.0
539,R40,8373141.0
539,R41,17518.0
539,R42,525564.0
539,R43,5233213.0
539,R44,59.0
539,R45,1398.0
539,R46,32.0
539,R47,2326.0
539,R48,139552.0
539,R49,210225.0
539,R50,12559713.0
539,R51,3837690.0
539,R52,1395523.0
539,R53,86.0
539,R54,174441.0
539,R55,1550.0
539,R56,3172.0
54,R1,3573162.0
54,R2,1250606.0
54,R3,1071948.0
54,R4,285852.0
54,R5,17865810.0
54,R6,53597430.0
54,R7,7146324.0
54,R8,20844.0
54,R9,27792.0
54,R10,1369712.0
54,R11,1131502.0
54,R12,1200.0
54,R13,840.0
54,R14,1192.0
54,R15,157.0
54,R16,476.0
54,R17,35732.0
54,R18,47642.0
54,R19,297763.0
54,R20,23822.0
54,R21,794.0
54,R22,298.0
54,R23,953.0
54,R24,417.0
54,R25,1192.0
54,R26,136.0
54,R27,11.0
54,R28,4.0
54,R29,259.0
54,R30,474.0
54,R31,36.0
54,R32,80.0
54,R33,18.0
54,R34,132.0
54,R35,23.0
54,R36,34.0
54,R37,0.0
54,R38,6.0
54,R39,2382108.0
54,R40,1429264.0
54,R41,2316.0
54,R42,69478.0
54,R43,893291.0
54,R44,19.0
54,R45,261.0
54,R46,10.0
54,R47,410.0
54,R48,23822.0
54,R49,27792.0
54,R50,2143898.0
54,R51,655080.0
54,R52,238210.0
54,R53,14.0
54,R54,29816.0
54,R55,264.0
54,R56,544.0
540,R1,21075456.0
540,R2,7376410.0
540,R3,6322637.0
540,R4,1686036.0
540,R5,105377280.0
540,R6,316131840.0
540,R7,42150912.0
540,R8,159530.0
540,R9,212707.0
540,R10,8078924.0
540,R11,6673894.0
540,R12,1200.0
540,R13,840.0
540,R14,7025.0
540,R15,878.0
540,R16,2810.0
540,R17,210754.0
540,R18,281006.0
540,R19,1756288.0
540,R20,140504.0
540,R21,4684.0
540,R22,1756.0
540,R23,5620.0
540,R24,2458.0
540,R25,7025.0
540,R26,577.0
540,R27,56.0
540,R28,14.0
540,R29,1414.0
540,R30,2342.0
540,R31,58.0
540,R32,123.0
540,R33,8.0
540,R34,714.0
540,R35,28.0
540,R36,40.0
540,R37,4.0
540,R38,18.0
540,R39,14050304.0
540,R40,8430183.0
540,R41,17726.0
540,R42,531768.0
540,R43,5268864.0
540,R44,58.0
540,R45,1414.0
540,R46,20.0
540,R47,2344.0
540,R48,140504.0
540,R49,212707.0
540,R50,12645273.0
540,R51,3863834.0
540,R52,1405031.0
540,R53,77.0
540,R54,175628.0
540,R55,1562.0
540,R56,3194.0
541,R1,16784220.0
541,R2,5874477.0
541,R3,5035266.0
541,R4,1342738.0
541,R5,83921100.0
541,R6,251763300.0
541,R7,33568440.0
541,R8,135726.0
541,R9,180968.0
541,R10,6433951.0
541,R11,5315003.0
541,R12,1200.0
541,R13,840.0
541,R14,5594.0
541,R15,700.0
541,R16,2238.0
541,R17,167842.0
541,R18,223789.0
541,R19,1398685.0
541,R20,111894.0
541,R21,3730.0
541,R22,1398.0
541,R23,4476.0
541,R24,1959.0
541,R25,5594.0
541,R26,465.0
541,R27,39.0
541,R28,18.0
541,R29,1124.0
541,R30,1879.0
541,R31,71.0
541,R32,118.0
541,R33,7.0
541,R34,566.0
541,R35,23.0
541,R36,53.0
541,R37,4.0
541,R38,14.0
541,R39,11189480.0
541,R40,6713688.0
541,R41,15081.0
541,R42,452420.0
541,R43,4196055.0
541,R44,46.0
541,R45,1122.0
541,R46,27.0
541,R47,1865.0
541,R48,111894.0
541,R49,180968.0
541,R50,10070532.0
541,R51,3077107.0
541,R52,1118948.0
541,R53,61.0
541,R54,139868.0
541,R55,1244.0
541,R56,2543.0
542,R1,16218684.0
542,R2,5676540.0
542,R3,4865606.0
542,R4,1297495.0
542,R5,81093420.0
542,R6,243280260.0
542,R7,32437368.0
542,R8,122639.0
542,R9,163520.0
542,R10,6217162.0
542,R11,5135916.0
542,R12,1200.0
542,R13,840.0
542,R14,5406.0
542,R15,676.0
542,R16,2163.0
542,R17,162186.0
542,R18,216249.0
542,R19,1351557.0
542,R20,108124.0
542,R21,3604.0
542,R22,1352.0
542,R23,4324.0
542,R24,1892.0
542,R25,5406.0
542,R26,457.0
542,R27,68.0
542,R28,33.0
542,R29,1092.0
542,R30,1820.0
542,R31,78.0
542,R32,146.0
542,R33,7.0
542,R34,588.0
542,R35,22.0
542,R36,61.0
542,R37,4.0
542,R38,16.0
542,R39,10812456.0
542,R40,6487474.0
542,R41,13626.0
542,R42,408798.0
542,R43,4054671.0
542,R44,46.0
542,R45,1090.0
542,R46,30.0
542,R47,1814.0
542,R48,108124.0
542,R49,163520.0
542,R50,9731210.0
542,R51,2973426.0
542,R52,1081246.0
542,R53,112.0
542,R54,135156.0
542,R55,1202.0
542,R56,2462.0
543,R1,14066844.0
543,R2,4923396.0
543,R3,4220054.0
543,R4,1125348.0
543,R5,70334220.0
543,R6,211002660.0
543,R7,28133688.0
543,R8,105686.0
543,R9,140916.0
543,R10,5392290.0
543,R11,4454500.0
543,R12,1200.0
543,R13,840.0
543,R14,4689.0
543,R15,586.0
543,R16,1875.0
543,R17,140668.0
543,R18,187558.0
543,R19,1172237.0
543,R20,93778.0
543,R21,3132.0
543,R22,1172.0
543,R23,3752.0
543,R24,1654.0
543,R25,4689.0
543,R26,440.0
543,R27,37.0
543,R28,10.0
543,R29,947.0
543,R30,1563.0
543,R31,39.0
543,R32,87.0
543,R33,6.0
543,R34,481.0
543,R35,36.0
543,R36,47.0
543,R37,4.0
543,R38,12.0
543,R39,9377896.0
543,R40,5626738.0
543,R41,11742.0
543,R42,352290.0
543,R43,3516711.0
543,R44,63.0
543,R45,945.0
543,R46,13.0
543,R47,1565.0
543,R48,93778.0
543,R49,140916.0
543,R50,8440106.0
543,R51,2578922.0
543,R52,937790.0
543,R53,81.0
543,R54,117224.0
543,R55,1044.0
543,R56,2145.0
544,R1,25743534.0
544,R2,9010236.0
544,R3,7723060.0
544,R4,2059482.0
544,R5,128717670.0
544,R6,386153010.0
544,R7,51487068.0
544,R8,197468.0
544,R9,263290.0
544,R10,9868354.0
544,R11,8152120.0
544,R12,1200.0
544,R13,840.0
544,R14,8582.0
544,R15,1072.0
544,R16,3432.0
544,R17,257436.0
544,R18,343248.0
544,R19,2145294.0
544,R20,171623.0
544,R21,5720.0
544,R22,2146.0
544,R23,6865.0
544,R24,3004.0
544,R25,8582.0
544,R26,712.0
544,R27,50.0
544,R28,36.0
544,R29,1716.0
544,R30,2861.0
544,R31,72.0
544,R32,86.0
544,R33,11.0
544,R34,864.0
544,R35,34.0
544,R36,48.0
544,R37,4.0
544,R38,12.0
544,R39,17162356.0
544,R40,10297413.0
544,R41,21940.0
544,R42,658226.0
544,R43,6435884.0
544,R44,72.0
544,R45,1716.0
544,R46,24.0
544,R47,2861.0
544,R48,171623.0
544,R49,263290.0
544,R50,15446121.0
544,R51,4719648.0
544,R52,1716235.0
544,R53,78.0
544,R54,214530.0
544,R55,1906.0
544,R56,3900.0
545,R1,30925776.0
545,R2,10824022.0
545,R3,9277733.0
545,R4,2474062.0
545,R5,154628880.0
545,R6,463886640.0
545,R7,61851552.0
545,R8,257136.0
545,R9,342847.0
545,R10,11854881.0
545,R11,9793162.0
545,R12,1200.0
545,R13,840.0
545,R14,10308.0
545,R15,1288.0
545,R16,4124.0
545,R17,309258.0
545,R18,412344.0
545,R19,2577148.0
545,R20,206171.0
545,R21,6872.0
545,R22,2200.0
545,R23,8246.0
545,R24,3608.0
545,R25,10308.0
545,R26,836.0
545,R27,119.0
545,R28,21.0
545,R29,2072.0
545,R30,3438.0
545,R31,86.0
545,R32,174.0
545,R33,13.0
545,R34,1040.0
545,R35,41.0
545,R36,57.0
545,R37,10.0
545,R38,40.0
545,R39,20617184.0
545,R40,12370310.0
545,R41,28571.0
545,R42,857116.0
545,R43,7731444.0
545,R44,86.0
545,R45,2070.0
545,R46,30.0
545,R47,3436.0
545,R48,206171.0
545,R49,342847.0
545,R50,18555466.0
545,R51,5669726.0
545,R52,2061718.0
545,R53,95.0
545,R54,257714.0
545,R55,2290.0
545,R56,4686.0
546,R1,23621796.0
546,R2,8267628.0
546,R3,7086538.0
546,R4,1889743.0
546,R5,118108980.0
546,R6,354326940.0
546,R7,47243592.0
546,R8,196475.0
546,R9,261966.0
546,R10,9055022.0
546,R11,7480236.0
546,R12,1200.0
546,R13,840.0
546,R14,7874.0
546,R15,984.0
546,R16,3150.0
546,R17,236218.0
546,R18,314958.0
546,R19,1968483.0
546,R20,157479.0
546,R21,5249.0
546,R22,1968.0
546,R23,6300.0
546,R24,2756.0
546,R25,7874.0
546,R26,630.0
546,R27,32.0
546,R28,16.0
546,R29,1575.0
546,R30,2625.0
546,R31,66.0
546,R32,78.0
546,R33,10.0
546,R34,788.0
546,R35,32.0
546,R36,43.0
546,R37,3.0
546,R38,10.0
546,R39,15747864.0
546,R40,9448718.0
546,R41,21830.0
546,R42,654915.0
546,R43,5905449.0
546,R44,66.0
546,R45,1575.0
546,R46,22.0
546,R47,2625.0
546,R48,157479.0
546,R49,261966.0
546,R50,14173078.0
546,R51,4330662.0
546,R52,1574786.0
546,R53,43.0
546,R54,196848.0
546,R55,1750.0
546,R56,3580.0
547,R1,27104388.0
547,R2,9486536.0
547,R3,8131316.0
547,R4,2168351.0
547,R5,135521940.0
547,R6,406565820.0
547,R7,54208776.0
547,R8,223792.0
547,R9,298391.0
547,R10,10390016.0
547,R11,8583056.0
547,R12,1200.0
547,R13,840.0
547,R14,9035.0
547,R15,1129.0
547,R16,3613.0
547,R17,271044.0
547,R18,361392.0
547,R19,2258699.0
547,R20,180696.0
547,R21,6023.0
547,R22,2200.0
547,R23,7228.0
547,R24,3162.0
547,R25,9035.0
547,R26,722.0
547,R27,44.0
547,R28,18.0
547,R29,1807.0
547,R30,3012.0
547,R31,75.0
547,R32,105.0
547,R33,11.0
547,R34,903.0
547,R35,36.0
547,R36,50.0
547,R37,4.0
547,R38,25.0
547,R39,18069592.0
547,R40,10841756.0
547,R41,24866.0
547,R42,745976.0
547,R43,6776097.0
547,R44,75.0
547,R45,1807.0
547,R46,26.0
547,R47,3012.0
547,R48,180696.0
547,R49,298391.0
547,R50,16262632.0
547,R51,4969138.0
547,R52,1806960.0
547,R53,50.0
547,R54,225870.0
547,R55,2008.0
547,R56,4106.0
548,R1,29326878.0
548,R2,10264408.0
548,R3,8798064.0
548,R4,2346150.0
548,R5,146634390.0
548,R6,439903170.0
548,R7,58653756.0
548,R8,233390.0
548,R9,311750.0
548,R10,11241970.0
548,R11,9286844.0
548,R12,1200.0
548,R13,840.0
548,R14,9850.0
548,R15,1443.0
548,R16,3910.0
548,R17,293268.0
548,R18,391026.0
548,R19,2443906.0
548,R20,195513.0
548,R21,6518.0
548,R22,2200.0
548,R23,7820.0
548,R24,3421.0
548,R25,9776.0
548,R26,813.0
548,R27,119.0
548,R28,32.0
548,R29,1965.0
548,R30,3280.0
548,R31,242.0
548,R32,314.0
548,R33,123.0
548,R34,987.0
548,R35,40.0
548,R36,162.0
548,R37,8.0
548,R38,26.0
548,R39,19551252.0
548,R40,11730752.0
548,R41,25932.0
548,R42,777966.0
548,R43,7331720.0
548,R44,82.0
548,R45,1964.0
548,R46,57.0
548,R47,3270.0
548,R48,195513.0
548,R49,311186.0
548,R50,17596126.0
548,R51,5376594.0
548,R52,1955126.0
548,R53,139.0
548,R54,244390.0
548,R55,2172.0
548,R56,4447.0
549,R1,20384688.0
549,R2,7134640.0
549,R3,6115406.0
549,R4,1630776.0
549,R5,101923440.0
549,R6,305770320.0
549,R7,40769376.0
549,R8,154883.0
549,R9,206512.0
549,R10,7814130.0
549,R11,6455152.0
549,R12,1200.0
549,R13,840.0
549,R14,6795.0
549,R15,850.0
549,R16,2718.0
549,R17,203846.0
549,R18,271796.0
549,R19,1698724.0
549,R20,135898.0
549,R21,4530.0
549,R22,1698.0
549,R23,5436.0
549,R24,2379.0
549,R25,6795.0
549,R26,544.0
549,R27,28.0
549,R28,13.0
549,R29,1359.0
549,R30,2265.0
549,R31,57.0
549,R32,80.0
549,R33,8.0
549,R34,679.0
549,R35,28.0
549,R36,83.0
549,R37,2.0
549,R38,16.0
549,R39,13589792.0
549,R40,8153875.0
549,R41,17209.0
549,R42,516278.0
549,R43,5096172.0
549,R44,57.0
549,R45,1359.0
549,R46,20.0
549,R47,2265.0
549,R48,135898.0
549,R49,206512.0
549,R50,12230813.0
549,R51,3737192.0
549,R52,1358979.0
549,R53,38.0
549,R54,169873.0
549,R55,1510.0
549,R56,3088.0
55,R1,6332700.0
55,R2,2216445.0
55,R3,1899810.0
55,R4,506616.0
55,R5,31663500.0
55,R6,94990500.0
55,R7,12665400.0
55,R8,43412.0
55,R9,57882.0
55,R10,2427536.0
55,R11,2005355.0
55,R12,914.24
55,R13,617.12
55,R14,2110.0
55,R15,349.0
55,R16,845.0
55,R17,63328.0
55,R18,84436.0
55,R19,527725.0
55,R20,42218.0
55,R21,1407.0
55,R22,552.0
55,R23,1688.0
55,R24,738.0
55,R25,2110.0
55,R26,194.0
55,R27,56.0
55,R28,4.0
55,R29,435.0
55,R30,711.0
55,R31,102.0
55,R32,21.0
55,R33,10.0
55,R34,296.0
55,R35,100.0
55,R36,30.0
55,R37,0.0
55,R38,4.0
55,R39,4221800.0
55,R40,2533080.0
55,R41,4823.0
55,R42,144704.0
55,R43,1583175.0
55,R44,18.0
55,R45,430.0
55,R46,12.0
55,R47,704.0
55,R48,42218.0
55,R49,57882.0
55,R50,3799620.0
55,R51,1160995.0
55,R52,422180.0
55,R53,41.0
55,R54,52772.0
55,R55,469.0
55,R56,960.0
550,R1,17781342.0
550,R2,6223470.0
550,R3,5334402.0
550,R4,1422507.0
550,R5,88906710.0
550,R6,266720130.0
550,R7,35562684.0
550,R8,139834.0
550,R9,186444.0
550,R10,6816181.0
550,R11,5630758.0
550,R12,1200.0
550,R13,840.0
550,R14,5928.0
550,R15,748.0
550,R16,2370.0
550,R17,177814.0
550,R18,237084.0
550,R19,1481779.0
550,R20,118543.0
550,R21,3952.0
550,R22,1481.0
550,R23,4742.0
550,R24,2074.0
550,R25,5928.0
550,R26,488.0
550,R27,23.0
550,R28,24.0
550,R29,1186.0
550,R30,1995.0
550,R31,102.0
550,R32,122.0
550,R33,8.0
550,R34,593.0
550,R35,23.0
550,R36,50.0
550,R37,2.0
550,R38,8.0
550,R39,11854228.0
550,R40,7112536.0
550,R41,15537.0
550,R42,466112.0
550,R43,4445335.0
550,R44,50.0
550,R45,1186.0
550,R46,32.0
550,R47,1984.0
550,R48,118543.0
550,R49,186444.0
550,R50,10668806.0
550,R51,3259913.0
550,R52,1185422.0
550,R53,48.0
550,R54,148178.0
550,R55,1318.0
550,R56,2698.0
551,R1,17294814.0
551,R2,6053185.0
551,R3,5188444.0
551,R4,1383586.0
551,R5,86474070.0
551,R6,259422210.0
551,R7,34589628.0
551,R8,127116.0
551,R9,169488.0
551,R10,6629679.0
551,R11,5476691.0
551,R12,1200.0
551,R13,840.0
551,R14,5764.0
551,R15,720.0
551,R16,2306.0
551,R17,172948.0
551,R18,230597.0
551,R19,1441234.0
551,R20,115299.0
551,R21,3859.0
551,R22,1442.0
551,R23,4612.0
551,R24,2018.0
551,R25,5764.0
551,R26,486.0
551,R27,73.0
551,R28,22.0
551,R29,1162.0
551,R30,1921.0
551,R31,48.0
551,R32,107.0
551,R33,7.0
551,R34,590.0
551,R35,24.0
551,R36,32.0
551,R37,4.0
551,R38,16.0
551,R39,11529876.0
551,R40,6917925.0
551,R41,14124.0
551,R42,423723.0
551,R43,4323704.0
551,R44,48.0
551,R45,1165.0
551,R46,16.0
551,R47,1927.0
551,R48,115299.0
551,R49,169488.0
551,R50,10376889.0
551,R51,3170716.0
551,R52,1152987.0
551,R53,85.0
551,R54,144123.0
551,R55,1282.0
551,R56,2620.0
552,R1,24320778.0
552,R2,8512272.0
552,R3,7296233.0
552,R4,1945662.0
552,R5,121603890.0
552,R6,364811670.0
552,R7,48641556.0
552,R8,159778.0
552,R9,213036.0
552,R10,9322965.0
552,R11,7701580.0
552,R12,1200.0
552,R13,840.0
552,R14,8106.0
552,R15,1016.0
552,R16,3243.0
552,R17,243208.0
552,R18,324277.0
552,R19,2026732.0
552,R20,162139.0
552,R21,5404.0
552,R22,2026.0
552,R23,6485.0
552,R24,2837.0
552,R25,8106.0
552,R26,694.0
552,R27,49.0
552,R28,16.0
552,R29,1626.0
552,R30,2704.0
552,R31,68.0
552,R32,113.0
552,R33,10.0
552,R34,818.0
552,R35,54.0
552,R36,59.0
552,R37,5.0
552,R38,18.0
552,R39,16213852.0
552,R40,9728311.0
552,R41,17753.0
552,R42,532592.0
552,R43,6080194.0
552,R44,107.0
552,R45,1622.0
552,R46,23.0
552,R47,2702.0
552,R48,162139.0
552,R49,213036.0
552,R50,14592467.0
552,R51,4458809.0
552,R52,1621385.0
552,R53,93.0
552,R54,202673.0
552,R55,1801.0
552,R56,3684.0
553,R1,24486888.0
553,R2,8570411.0
553,R3,7346066.0
553,R4,1958952.0
553,R5,122434440.0
553,R6,367303320.0
553,R7,48973776.0
553,R8,174268.0
553,R9,232358.0
553,R10,9386641.0
553,R11,7754181.0
553,R12,1200.0
553,R13,840.0
553,R14,8162.0
553,R15,1027.0
553,R16,3264.0
553,R17,245336.0
553,R18,326491.0
553,R19,2040574.0
553,R20,163246.0
553,R21,5444.0
553,R22,2145.0
553,R23,6530.0
553,R24,2866.0
553,R25,8361.0
553,R26,935.0
553,R27,57.0
553,R28,32.0
553,R29,1643.0
553,R30,2743.0
553,R31,132.0
553,R32,196.0
553,R33,10.0
553,R34,1033.0
553,R35,100.0
553,R36,181.0
553,R37,6.0
553,R38,21.0
553,R39,16324592.0
553,R40,9794755.0
553,R41,19364.0
553,R42,580896.0
553,R43,6121722.0
553,R44,134.0
553,R45,1640.0
553,R46,37.0
553,R47,2734.0
553,R48,163246.0
553,R49,232358.0
553,R50,14692133.0
553,R51,4489262.0
553,R52,1632459.0
553,R53,168.0
553,R54,204434.0
553,R55,1923.0
553,R56,3727.0
554,R1,25044384.0
554,R2,8765534.0
554,R3,7513315.0
554,R4,2003551.0
554,R5,125221920.0
554,R6,375665760.0
554,R7,50088768.0
554,R8,187192.0
554,R9,249589.0
554,R10,9600348.0
554,R11,7930722.0
554,R12,1200.0
554,R13,840.0
554,R14,8348.0
554,R15,1044.0
554,R16,3340.0
554,R17,250444.0
554,R18,333925.0
554,R19,2087032.0
554,R20,166963.0
554,R21,5570.0
554,R22,2088.0
554,R23,6678.0
554,R24,2932.0
554,R25,8348.0
554,R26,707.0
554,R27,34.0
554,R28,16.0
554,R29,1670.0
554,R30,2782.0
554,R31,70.0
554,R32,83.0
554,R33,11.0
554,R34,834.0
554,R35,54.0
554,R36,70.0
554,R37,3.0
554,R38,12.0
554,R39,16696256.0
554,R40,10017754.0
554,R41,20799.0
554,R42,623972.0
554,R43,6261096.0
554,R44,125.0
554,R45,1670.0
554,R46,24.0
554,R47,2782.0
554,R48,166963.0
554,R49,249589.0
554,R50,15026630.0
554,R51,4591470.0
554,R52,1669626.0
554,R53,93.0
554,R54,208704.0
554,R55,1860.0
554,R56,3809.0
555,R1,28677966.0
555,R2,10037288.0
555,R3,8603390.0
555,R4,2294238.0
555,R5,143389830.0
555,R6,430169490.0
555,R7,57355932.0
555,R8,177094.0
555,R9,236125.0
555,R10,10993220.0
555,R11,9081356.0
555,R12,1200.0
555,R13,840.0
555,R14,9559.0
555,R15,1194.0
555,R16,3823.0
555,R17,286780.0
555,R18,382373.0
555,R19,2389830.0
555,R20,191186.0
555,R21,6372.0
555,R22,2200.0
555,R23,7648.0
555,R24,3346.0
555,R25,9559.0
555,R26,773.0
555,R27,88.0
555,R28,33.0
555,R29,1916.0
555,R30,3204.0
555,R31,123.0
555,R32,166.0
555,R33,12.0
555,R34,976.0
555,R35,176.0
555,R36,256.0
555,R37,44.0
555,R38,20.0
555,R39,19118644.0
555,R40,11471186.0
555,R41,19677.0
555,R42,590312.0
555,R43,7169492.0
555,R44,113.0
555,R45,1920.0
555,R46,61.0
555,R47,3186.0
555,R48,191186.0
555,R49,236125.0
555,R50,17206780.0
555,R51,5257627.0
555,R52,1911864.0
555,R53,146.0
555,R54,238984.0
555,R55,2124.0
555,R56,4346.0
556,R1,11338512.0
556,R2,3968479.0
556,R3,3401553.0
556,R4,907080.0
556,R5,56692560.0
556,R6,170077680.0
556,R7,22677024.0
556,R8,65006.0
556,R9,86676.0
556,R10,4346430.0
556,R11,3590529.0
556,R12,1200.0
556,R13,840.0
556,R14,3780.0
556,R15,472.0
556,R16,1512.0
556,R17,113385.0
556,R18,151180.0
556,R19,944876.0
556,R20,75590.0
556,R21,2520.0
556,R22,944.0
556,R23,3024.0
556,R24,1322.0
556,R25,3780.0
556,R26,302.0
556,R27,30.0
556,R28,8.0
556,R29,756.0
556,R30,1291.0
556,R31,32.0
556,R32,48.0
556,R33,5.0
556,R34,399.0
556,R35,15.0
556,R36,41.0
556,R37,2.0
556,R38,12.0
556,R39,7559008.0
556,R40,4535404.0
556,R41,7223.0
556,R42,216690.0
556,R43,2834628.0
556,R44,143.0
556,R45,756.0
556,R46,22.0
556,R47,1260.0
556,R48,75590.0
556,R49,86676.0
556,R50,6803108.0
556,R51,2078727.0
556,R52,755900.0
556,R53,41.0
556,R54,94488.0
556,R55,840.0
556,R56,1718.0
557,R1,13063986.0
557,R2,4572396.0
557,R3,3919196.0
557,R4,1045119.0
557,R5,65319930.0
557,R6,195959790.0
557,R7,26127972.0
557,R8,73586.0
557,R9,98114.0
557,R10,5007862.0
557,R11,4136928.0
557,R12,1200.0
557,R13,840.0
557,R14,4354.0
557,R15,544.0
557,R16,1742.0
557,R17,130640.0
557,R18,174559.0
557,R19,1088665.0
557,R20,87094.0
557,R21,3068.0
557,R22,1140.0
557,R23,3484.0
557,R24,1524.0
557,R25,4354.0
557,R26,362.0
557,R27,29.0
557,R28,16.0
557,R29,1031.0
557,R30,1451.0
557,R31,72.0
557,R32,83.0
557,R33,6.0
557,R34,445.0
557,R35,18.0
557,R36,24.0
557,R37,4.0
557,R38,12.0
557,R39,8709324.0
557,R40,5225595.0
557,R41,8177.0
557,R42,245471.0
557,R43,3265997.0
557,R44,36.0
557,R45,1033.0
557,R46,12.0
557,R47,1593.0
557,R48,87094.0
557,R49,98114.0
557,R50,7838391.0
557,R51,2395064.0
557,R52,870933.0
557,R53,69.0
557,R54,108866.0
557,R55,968.0
557,R56,1980.0
558,R1,10219800.0
558,R2,3576930.0
558,R3,3065940.0
558,R4,817584.0
558,R5,51099000.0
558,R6,153297000.0
558,R7,20439600.0
558,R8,57588.0
558,R9,76784.0
558,R10,3917590.0
558,R11,3236270.0
558,R12,1200.0
558,R13,840.0
558,R14,3406.0
558,R15,426.0
558,R16,1362.0
558,R17,102198.0
558,R18,136264.0
558,R19,851650.0
558,R20,68132.0
558,R21,2272.0
558,R22,851.0
558,R23,2726.0
558,R24,1196.0
558,R25,3406.0
558,R26,302.0
558,R27,52.0
558,R28,22.0
558,R29,690.0
558,R30,1170.0
558,R31,365.0
558,R32,104.0
558,R33,5.0
558,R34,392.0
558,R35,14.0
558,R36,53.0
558,R37,4.0
558,R38,10.0
558,R39,6813200.0
558,R40,4087920.0
558,R41,6399.0
558,R42,191962.0
558,R43,2554950.0
558,R44,60.0
558,R45,693.0
558,R46,30.0
558,R47,1150.0
558,R48,68132.0
558,R49,76784.0
558,R50,6131880.0
558,R51,1873630.0
558,R52,681320.0
558,R53,89.0
558,R54,85165.0
558,R55,758.0
558,R56,1559.0
559,R1,11572872.0
559,R2,4050505.0
559,R3,3471862.0
559,R4,925830.0
559,R5,57864360.0
559,R6,173593080.0
559,R7,23145744.0
559,R8,65494.0
559,R9,87324.0
559,R10,4436268.0
559,R11,3664743.0
559,R12,1200.0
559,R13,840.0
559,R14,3857.0
559,R15,482.0
559,R16,1543.0
559,R17,115728.0
559,R18,154305.0
559,R19,964406.0
559,R20,77152.0
559,R21,2572.0
559,R22,965.0
559,R23,3086.0
559,R24,1352.0
559,R25,3857.0
559,R26,326.0
559,R27,49.0
559,R28,16.0
559,R29,785.0
559,R30,1325.0
559,R31,63.0
559,R32,127.0
559,R33,5.0
559,R34,418.0
559,R35,16.0
559,R36,61.0
559,R37,4.0
559,R38,12.0
559,R39,7715248.0
559,R40,4629149.0
559,R41,7278.0
559,R42,218312.0
559,R43,2893218.0
559,R44,65.0
559,R45,784.0
559,R46,33.0
559,R47,1301.0
559,R48,77152.0
559,R49,87324.0
559,R50,6943723.0
559,R51,2121693.0
559,R52,771525.0
559,R53,82.0
559,R54,96441.0
559,R55,858.0
559,R56,1764.0
56,R1,1980516.0
56,R2,693180.0
56,R3,594154.0
56,R4,158441.0
56,R5,9902580.0
56,R6,29707740.0
56,R7,3961032.0
56,R8,12168.0
56,R9,16225.0
56,R10,759198.0
56,R11,627164.0
56,R12,891.04
56,R13,605.52
56,R14,660.0
56,R15,154.0
56,R16,264.0
56,R17,19805.0
56,R18,26406.0
56,R19,165043.0
56,R20,13204.0
56,R21,440.0
56,R22,173.0
56,R23,528.0
56,R24,232.0
56,R25,660.0
56,R26,147.0
56,R27,4.0
56,R28,4.0
56,R29,232.0
56,R30,277.0
56,R31,55.0
56,R32,12.0
56,R33,0.0
56,R34,216.0
56,R35,38.0
56,R36,8.0
56,R37,0.0
56,R38,0.0
56,R39,1320344.0
56,R40,792206.0
56,R41,1352.0
56,R42,40561.0
56,R43,495129.0
56,R44,16.0
56,R45,221.0
56,R46,4.0
56,R47,255.0
56,R48,13204.0
56,R49,16225.0
56,R50,1188310.0
56,R51,363095.0
56,R52,132034.0
56,R53,8.0
56,R54,16505.0
56,R55,148.0
56,R56,325.0
560,R1,8339520.0
560,R2,2918832.0
560,R3,2501856.0
560,R4,667162.0
560,R5,41697600.0
560,R6,125092800.0
560,R7,16679040.0
560,R8,47627.0
560,R9,63503.0
560,R10,3196816.0
560,R11,2640848.0
560,R12,1200.0
560,R13,840.0
560,R14,2780.0
560,R15,348.0
560,R16,1111.0
560,R17,83395.0
560,R18,111194.0
560,R19,694960.0
560,R20,55596.0
560,R21,1854.0
560,R22,694.0
560,R23,2224.0
560,R24,973.0
560,R25,2780.0
560,R26,233.0
560,R27,41.0
560,R28,10.0
560,R29,565.0
560,R30,954.0
560,R31,56.0
560,R32,85.0
560,R33,3.0
560,R34,309.0
560,R35,12.0
560,R36,45.0
560,R37,100.0
560,R38,8.0
560,R39,5559680.0
560,R40,3335808.0
560,R41,5291.0
560,R42,158756.0
560,R43,2084880.0
560,R44,56.0
560,R45,563.0
560,R46,24.0
560,R47,934.0
560,R48,55596.0
560,R49,63503.0
560,R50,5003712.0
560,R51,1528912.0
560,R52,555968.0
560,R53,86.0
560,R54,69496.0
560,R55,618.0
560,R56,1266.0
561,R1,6387420.0
561,R2,2235596.0
561,R3,1916226.0
561,R4,510994.0
561,R5,31937100.0
561,R6,95811300.0
561,R7,12774840.0
561,R8,39437.0
561,R9,52584.0
561,R10,2448511.0
561,R11,2022684.0
561,R12,1200.0
561,R13,840.0
561,R14,2129.0
561,R15,266.0
561,R16,852.0
561,R17,64003.0
561,R18,85165.0
561,R19,532284.0
561,R20,42582.0
561,R21,1420.0
561,R22,532.0
561,R23,1703.0
561,R24,746.0
561,R25,2129.0
561,R26,183.0
561,R27,28.0
561,R28,8.0
561,R29,437.0
561,R30,741.0
561,R31,47.0
561,R32,113.0
561,R33,2.0
561,R34,302.0
561,R35,9.0
561,R36,40.0
561,R37,0.0
561,R38,6.0
561,R39,4258280.0
561,R40,2554968.0
561,R41,4382.0
561,R42,131458.0
561,R43,1596856.0
561,R44,66.0
561,R45,435.0
561,R46,18.0
561,R47,717.0
561,R48,42582.0
561,R49,52584.0
561,R50,3832452.0
561,R51,1171028.0
561,R52,425828.0
561,R53,66.0
561,R54,53229.0
561,R55,501.0
561,R56,971.0
562,R1,11082138.0
562,R2,3878748.0
562,R3,3324642.0
562,R4,886571.0
562,R5,55410690.0
562,R6,166232070.0
562,R7,22164276.0
562,R8,68886.0
562,R9,91848.0
562,R10,4248153.0
562,R11,3509344.0
562,R12,1200.0
562,R13,840.0
562,R14,3694.0
562,R15,462.0
562,R16,1478.0
562,R17,110822.0
562,R18,147762.0
562,R19,923512.0
562,R20,73881.0
562,R21,2463.0
562,R22,923.0
562,R23,2956.0
562,R24,1292.0
562,R25,3694.0
562,R26,320.0
562,R27,57.0
562,R28,26.0
562,R29,747.0
562,R30,1262.0
562,R31,68.0
562,R32,115.0
562,R33,4.0
562,R34,412.0
562,R35,14.0
562,R36,50.0
562,R37,1.0
562,R38,8.0
562,R39,7388092.0
562,R40,4432856.0
562,R41,7654.0
562,R42,229620.0
562,R43,2770534.0
562,R44,66.0
562,R45,745.0
562,R46,37.0
562,R47,1244.0
562,R48,73881.0
562,R49,91848.0
562,R50,6649282.0
562,R51,2031725.0
562,R52,738810.0
562,R53,90.0
562,R54,92351.0
562,R55,820.0
562,R56,1681.0
563,R1,8623014.0
563,R2,3018054.0
563,R3,2586904.0
563,R4,689841.0
563,R5,43115070.0
563,R6,129345210.0
563,R7,17246028.0
563,R8,58416.0
563,R9,77887.0
563,R10,3305488.0
563,R11,2730622.0
563,R12,1200.0
563,R13,840.0
563,R14,2874.0
563,R15,359.0
563,R16,1150.0
563,R17,86230.0
563,R18,114974.0
563,R19,718584.0
563,R20,57487.0
563,R21,1916.0
563,R22,719.0
563,R23,2300.0
563,R24,1006.0
563,R25,2874.0
563,R26,256.0
563,R27,47.0
563,R28,17.0
563,R29,584.0
563,R30,974.0
563,R31,23.0
563,R32,57.0
563,R33,4.0
563,R34,343.0
563,R35,12.0
563,R36,35.0
563,R37,1.0
563,R38,8.0
563,R39,5748676.0
563,R40,3449206.0
563,R41,6490.0
563,R42,194718.0
563,R43,2155754.0
563,R44,52.0
563,R45,586.0
563,R46,16.0
563,R47,958.0
563,R48,57487.0
563,R49,77887.0
563,R50,5173808.0
563,R51,1580886.0
563,R52,574868.0
563,R53,94.0
563,R54,71859.0
563,R55,638.0
563,R56,1306.0
564,R1,9586008.0
564,R2,3355102.0
564,R3,2875802.0
564,R4,766880.0
564,R5,47930040.0
564,R6,143790120.0
564,R7,19240420.0
564,R8,59475.0
564,R9,79299.0
564,R10,3674636.0
564,R11,3035570.0
564,R12,1200.0
564,R13,840.0
564,R14,3196.0
564,R15,399.0
564,R16,1278.0
564,R17,96007.0
564,R18,127814.0
564,R19,798834.0
564,R20,63906.0
564,R21,2130.0
564,R22,831.0
564,R23,2556.0
564,R24,1118.0
564,R25,3320.0
564,R26,318.0
564,R27,22.0
564,R28,6.0
564,R29,647.0
564,R30,1561.0
564,R31,26.0
564,R32,32.0
564,R33,8.0
564,R34,400.0
564,R35,22.0
564,R36,63.0
564,R37,1.0
564,R38,4.0
564,R39,6390672.0
564,R40,3834403.0
564,R41,6608.0
564,R42,198248.0
564,R43,2396502.0
564,R44,79.0
564,R45,639.0
564,R46,18.0
564,R47,1066.0
564,R48,63906.0
564,R49,79299.0
564,R50,5751605.0
564,R51,1757628.0
564,R52,639067.0
564,R53,35.0
564,R54,80002.0
564,R55,774.0
564,R56,1453.0
565,R1,14715570.0
565,R2,5150450.0
565,R3,4414671.0
565,R4,1177245.0
565,R5,73577850.0
565,R6,220733550.0
565,R7,29431140.0
565,R8,88041.0
565,R9,117388.0
565,R10,5640968.0
565,R11,4659930.0
565,R12,1200.0
565,R13,840.0
565,R14,4905.0
565,R15,614.0
565,R16,1962.0
565,R17,147470.0
565,R18,196208.0
565,R19,1226298.0
565,R20,98104.0
565,R21,3270.0
565,R22,1226.0
565,R23,3924.0
565,R24,1716.0
565,R25,4905.0
565,R26,410.0
565,R27,51.0
565,R28,10.0
565,R29,992.0
565,R30,1652.0
565,R31,41.0
565,R32,96.0
565,R33,6.0
565,R34,663.0
565,R35,20.0
565,R36,43.0
565,R37,4.0
565,R38,12.0
565,R39,9810380.0
565,R40,5886228.0
565,R41,9783.0
565,R42,293470.0
565,R43,3678892.0
565,R44,124.0
565,R45,993.0
565,R46,29.0
565,R47,1636.0
565,R48,98104.0
565,R49,117388.0
565,R50,8829342.0
565,R51,2697854.0
565,R52,981038.0
565,R53,71.0
565,R54,122630.0
565,R55,1090.0
565,R56,2230.0
566,R1,9956736.0
566,R2,3484858.0
566,R3,2987021.0
566,R4,796539.0
566,R5,49783680.0
566,R6,149351040.0
566,R7,19913472.0
566,R8,64262.0
566,R9,85680.0
566,R10,3816748.0
566,R11,3152966.0
566,R12,1200.0
566,R13,840.0
566,R14,3319.0
566,R15,414.0
566,R16,1328.0
566,R17,99568.0
566,R18,132756.0
566,R19,829850.0
566,R20,66378.0
566,R21,2213.0
566,R22,868.0
566,R23,2656.0
566,R24,1161.0
566,R25,3319.0
566,R26,274.0
566,R27,39.0
566,R28,7.0
566,R29,788.0
566,R30,1121.0
566,R31,56.0
566,R32,67.0
566,R33,4.0
566,R34,359.0
566,R35,13.0
566,R36,38.0
566,R37,4.0
566,R38,8.0
566,R39,6637824.0
566,R40,3982695.0
566,R41,7140.0
566,R42,214202.0
566,R43,2489651.0
566,R44,46.0
566,R45,790.0
566,R46,20.0
566,R47,1106.0
566,R48,66378.0
566,R49,85680.0
566,R50,5974041.0
566,R51,1825402.0
566,R52,663783.0
566,R53,79.0
566,R54,82972.0
566,R55,738.0
566,R56,1509.0
567,R1,11672982.0
567,R2,4085543.0
567,R3,3501894.0
567,R4,933838.0
567,R5,58364910.0
567,R6,175094730.0
567,R7,23345964.0
567,R8,73832.0
567,R9,98443.0
567,R10,4474644.0
567,R11,3696445.0
567,R12,1200.0
567,R13,840.0
567,R14,3890.0
567,R15,487.0
567,R16,1557.0
567,R17,116730.0
567,R18,155639.0
567,R19,972748.0
567,R20,77820.0
567,R21,2594.0
567,R22,972.0
567,R23,3112.0
567,R24,1362.0
567,R25,3890.0
567,R26,325.0
567,R27,50.0
567,R28,21.0
567,R29,786.0
567,R30,1319.0
567,R31,58.0
567,R32,93.0
567,R33,5.0
567,R34,419.0
567,R35,16.0
567,R36,45.0
567,R37,4.0
567,R38,10.0
567,R39,7781988.0
567,R40,4669192.0
567,R41,8204.0
567,R42,246105.0
567,R43,2918246.0
567,R44,59.0
567,R45,784.0
567,R46,22.0
567,R47,1299.0
567,R48,77820.0
567,R49,98443.0
567,R50,7003790.0
567,R51,2140047.0
567,R52,778198.0
567,R53,78.0
567,R54,97274.0
567,R55,867.0
567,R56,1768.0
568,R1,10516518.0
568,R2,3680781.0
568,R3,3154955.0
568,R4,841321.0
568,R5,52582590.0
568,R6,157747770.0
568,R7,21033036.0
568,R8,73226.0
568,R9,97636.0
568,R10,4031332.0
568,R11,3330231.0
568,R12,1200.0
568,R13,840.0
568,R14,3506.0
568,R15,438.0
568,R16,1402.0
568,R17,105166.0
568,R18,140220.0
568,R19,876376.0
568,R20,70111.0
568,R21,2338.0
568,R22,876.0
568,R23,2804.0
568,R24,1226.0
568,R25,3506.0
568,R26,299.0
568,R27,42.0
568,R28,7.0
568,R29,713.0
568,R30,1180.0
568,R31,29.0
568,R32,62.0
568,R33,4.0
568,R34,373.0
568,R35,14.0
568,R36,36.0
568,R37,1.0
568,R38,10.0
568,R39,7011012.0
568,R40,4206607.0
568,R41,8137.0
568,R42,244090.0
568,R43,2629130.0
568,R44,62.0
568,R45,712.0
568,R46,20.0
568,R47,1178.0
568,R48,70111.0
568,R49,97636.0
568,R50,6309911.0
568,R51,1928028.0
568,R52,701101.0
568,R53,74.0
568,R54,87638.0
568,R55,780.0
568,R56,1594.0
569,R1,7064166.0
569,R2,2472458.0
569,R3,2119250.0
569,R4,565134.0
569,R5,35320830.0
569,R6,105962490.0
569,R7,14128332.0
569,R8,45554.0
569,R9,60738.0
569,R10,2707930.0
569,R11,2236986.0
569,R12,1200.0
569,R13,840.0
569,R14,2354.0
569,R15,294.0
569,R16,942.0
569,R17,70642.0
569,R18,94188.0
569,R19,588680.0
569,R20,47094.0
569,R21,1570.0
569,R22,589.0
569,R23,1884.0
569,R24,826.0
569,R25,2354.0
569,R26,188.0
569,R27,18.0
569,R28,5.0
569,R29,471.0
569,R30,798.0
569,R31,20.0
569,R32,23.0
569,R33,2.0
569,R34,251.0
569,R35,37.0
569,R36,60.0
569,R37,0.0
569,R38,3.0
569,R39,4709444.0
569,R40,2825666.0
569,R41,5061.0
569,R42,151847.0
569,R43,1766042.0
569,R44,56.0
569,R45,471.0
569,R46,12.0
569,R47,784.0
569,R48,47094.0
569,R49,60738.0
569,R50,4238500.0
569,R51,1295098.0
569,R52,470944.0
569,R53,32.0
569,R54,58868.0
569,R55,523.0
569,R56,1070.0
57,R1,2349630.0
57,R2,822370.0
57,R3,704888.0
57,R4,187970.0
57,R5,11748150.0
57,R6,35244450.0
57,R7,4699260.0
57,R8,16014.0
57,R9,21352.0
57,R10,900691.0
57,R11,744050.0
57,R12,1034.32
57,R13,677.2
57,R14,783.0
57,R15,164.0
57,R16,314.0
57,R17,23496.0
57,R18,31328.0
57,R19,195802.0
57,R20,15664.0
57,R21,522.0
57,R22,216.0
57,R23,627.0
57,R24,334.0
57,R25,783.0
57,R26,189.0
57,R27,6.0
57,R28,14.0
57,R29,239.0
57,R30,300.0
57,R31,48.0
57,R32,154.0
57,R33,0.0
57,R34,426.0
57,R35,69.0
57,R36,16.0
57,R37,0.0
57,R38,1.0
57,R39,1566420.0
57,R40,939852.0
57,R41,1779.0
57,R42,53378.0
57,R43,587408.0
57,R44,51.0
57,R45,400.0
57,R46,14.0
57,R47,381.0
57,R48,15664.0
57,R49,21352.0
57,R50,1409778.0
57,R51,430766.0
57,R52,156642.0
57,R53,8.0
57,R54,19580.0
57,R55,174.0
57,R56,442.0
570,R1,6827766.0
570,R2,2389718.0
570,R3,2048330.0
570,R4,546222.0
570,R5,34138830.0
570,R6,102416490.0
570,R7,13655532.0
570,R8,49695.0
570,R9,66261.0
570,R10,2617310.0
570,R11,2162126.0
570,R12,1200.0
570,R13,840.0
570,R14,2276.0
570,R15,284.0
570,R16,910.0
570,R17,68278.0
570,R18,91036.0
570,R19,568980.0
570,R20,45518.0
570,R21,1518.0
570,R22,569.0
570,R23,1821.0
570,R24,796.0
570,R25,2276.0
570,R26,203.0
570,R27,22.0
570,R28,4.0
570,R29,470.0
570,R30,758.0
570,R31,18.0
570,R32,46.0
570,R33,2.0
570,R34,244.0
570,R35,10.0
570,R36,12.0
570,R37,0.0
570,R38,6.0
570,R39,4551844.0
570,R40,2731107.0
570,R41,5521.0
570,R42,165651.0
570,R43,1706942.0
570,R44,18.0
570,R45,491.0
570,R46,7.0
570,R47,764.0
570,R48,45518.0
570,R49,66261.0
570,R50,4096659.0
570,R51,1251757.0
570,R52,455185.0
570,R53,36.0
570,R54,56898.0
570,R55,506.0
570,R56,1034.0
571,R1,16073880.0
571,R2,5625858.0
571,R3,4822164.0
571,R4,1285910.0
571,R5,80369400.0
571,R6,241108200.0
571,R7,32147760.0
571,R8,115214.0
571,R9,153620.0
571,R10,6161654.0
571,R11,5090062.0
571,R12,1200.0
571,R13,840.0
571,R14,5358.0
571,R15,670.0
571,R16,2144.0
571,R17,160738.0
571,R18,214318.0
571,R19,1339491.0
571,R20,107160.0
571,R21,3572.0
571,R22,1340.0
571,R23,4286.0
571,R24,1876.0
571,R25,5358.0
571,R26,428.0
571,R27,43.0
571,R28,10.0
571,R29,1072.0
571,R30,1802.0
571,R31,44.0
571,R32,54.0
571,R33,7.0
571,R34,556.0
571,R35,21.0
571,R36,61.0
571,R37,2.0
571,R38,8.0
571,R39,10715920.0
571,R40,6429552.0
571,R41,12802.0
571,R42,384048.0
571,R43,4018469.0
571,R44,77.0
571,R45,1072.0
571,R46,30.0
571,R47,1786.0
571,R48,107160.0
571,R49,153620.0
571,R50,9644328.0
571,R51,2946878.0
571,R52,1071592.0
571,R53,47.0
571,R54,133949.0
571,R55,1190.0
571,R56,2435.0
572,R1,57729306.0
572,R2,20205257.0
572,R3,17318792.0
572,R4,4618345.0
572,R5,288646530.0
572,R6,865939590.0
572,R7,115458612.0
572,R8,430892.0
572,R9,574523.0
572,R10,22129568.0
572,R11,18280947.0
572,R12,1200.0
572,R13,840.0
572,R14,19244.0
572,R15,2406.0
572,R16,7698.0
572,R17,577293.0
572,R18,769724.0
572,R19,4810776.0
572,R20,384862.0
572,R21,12828.0
572,R22,1608.0
572,R23,15394.0
572,R24,6735.0
572,R25,19244.0
572,R26,1546.0
572,R27,138.0
572,R28,56.0
572,R29,3848.0
572,R30,6432.0
572,R31,160.0
572,R32,192.0
572,R33,24.0
572,R34,1952.0
572,R35,76.0
572,R36,150.0
572,R37,7.0
572,R38,26.0
572,R39,38486204.0
572,R40,23091722.0
572,R41,47876.0
572,R42,1436307.0
572,R43,14432326.0
572,R44,208.0
572,R45,3848.0
572,R46,89.0
572,R47,6415.0
572,R48,384862.0
572,R49,574523.0
572,R50,34637584.0
572,R51,10583706.0
572,R52,3848620.0
572,R53,169.0
572,R54,481078.0
572,R55,4276.0
572,R56,8746.0
573,R1,10834614.0
573,R2,3792114.0
573,R3,3250384.0
573,R4,866770.0
573,R5,54173070.0
573,R6,162519210.0
573,R7,21669228.0
573,R8,77152.0
573,R9,102870.0
573,R10,4153268.0
573,R11,3430962.0
573,R12,1200.0
573,R13,840.0
573,R14,3611.0
573,R15,452.0
573,R16,1444.0
573,R17,108346.0
573,R18,144461.0
573,R19,902884.0
573,R20,72230.0
573,R21,2408.0
573,R22,902.0
573,R23,2890.0
573,R24,1264.0
573,R25,3611.0
573,R26,308.0
573,R27,43.0
573,R28,8.0
573,R29,734.0
573,R30,1223.0
573,R31,30.0
573,R32,74.0
573,R33,4.0
573,R34,426.0
573,R35,14.0
573,R36,36.0
573,R37,4.0
573,R38,8.0
573,R39,7223076.0
573,R40,4333845.0
573,R41,8573.0
573,R42,257175.0
573,R43,2708654.0
573,R44,63.0
573,R45,735.0
573,R46,20.0
573,R47,1208.0
573,R48,72230.0
573,R49,102870.0
573,R50,6500769.0
573,R51,1986346.0
573,R52,722307.0
573,R53,85.0
573,R54,90288.0
573,R55,803.0
573,R56,1642.0
574,R1,10658526.0
574,R2,3730484.0
574,R3,3197558.0
574,R4,852682.0
574,R5,53292630.0
574,R6,159877890.0
574,R7,21317052.0
574,R8,78022.0
574,R9,104028.0
574,R10,4085768.0
574,R11,3375200.0
574,R12,1200.0
574,R13,840.0
574,R14,3553.0
574,R15,444.0
574,R16,1422.0
574,R17,106586.0
574,R18,142452.0
574,R19,888356.0
574,R20,71056.0
574,R21,2368.0
574,R22,935.0
574,R23,2842.0
574,R24,1244.0
574,R25,3553.0
574,R26,296.0
574,R27,46.0
574,R28,26.0
574,R29,849.0
574,R30,1215.0
574,R31,91.0
574,R32,88.0
574,R33,4.0
574,R34,385.0
574,R35,15.0
574,R36,58.0
574,R37,2.0
574,R38,5.0
574,R39,7105684.0
574,R40,4263411.0
574,R41,8669.0
574,R42,260072.0
574,R43,2665193.0
574,R44,65.0
574,R45,849.0
574,R46,35.0
574,R47,1193.0
574,R48,71056.0
574,R49,104028.0
574,R50,6395115.0
574,R51,1954064.0
574,R52,710569.0
574,R53,80.0
574,R54,88821.0
574,R55,790.0
574,R56,1622.0
575,R1,12537894.0
575,R2,4388262.0
575,R3,3761368.0
575,R4,1003032.0
575,R5,62689470.0
575,R6,188068410.0
575,R7,25075788.0
575,R8,79152.0
575,R9,105536.0
575,R10,4806192.0
575,R11,3970334.0
575,R12,1200.0
575,R13,840.0
575,R14,4180.0
575,R15,523.0
575,R16,1671.0
575,R17,125379.0
575,R18,167470.0
575,R19,1044954.0
575,R20,83586.0
575,R21,2786.0
575,R22,1086.0
575,R23,3344.0
575,R24,1463.0
575,R25,4180.0
575,R26,334.0
575,R27,30.0
575,R28,14.0
575,R29,959.0
575,R30,1417.0
575,R31,93.0
575,R32,83.0
575,R33,5.0
575,R34,434.0
575,R35,16.0
575,R36,53.0
575,R37,1.0
575,R38,5.0
575,R39,8358596.0
575,R40,5015158.0
575,R41,8794.0
575,R42,263840.0
575,R43,3134473.0
575,R44,64.0
575,R45,959.0
575,R46,36.0
575,R47,1398.0
575,R48,83586.0
575,R49,105536.0
575,R50,7522736.0
575,R51,2298614.0
575,R52,835860.0
575,R53,58.0
575,R54,104482.0
575,R55,928.0
575,R56,1900.0
576,R1,3327114.0
576,R2,1164490.0
576,R3,998134.0
576,R4,266169.0
576,R5,16635570.0
576,R6,49906710.0
576,R7,6654228.0
576,R8,25688.0
576,R9,34252.0
576,R10,1275394.0
576,R11,1053586.0
576,R12,1131.6000000000001
576,R13,725.84
576,R14,1110.0
576,R15,138.0
576,R16,443.0
576,R17,33272.0
576,R18,44467.0
576,R19,277306.0
576,R20,22181.0
576,R21,740.0
576,R22,292.0
576,R23,888.0
576,R24,388.0
576,R25,1110.0
576,R26,88.0
576,R27,8.0
576,R28,2.0
576,R29,265.0
576,R30,387.0
576,R31,20.0
576,R32,17.0
576,R33,2.0
576,R34,131.0
576,R35,4.0
576,R36,20.0
576,R37,0.0
576,R38,10.0
576,R39,2218076.0
576,R40,1330846.0
576,R41,2854.0
576,R42,85630.0
576,R43,831778.0
576,R44,43.0
576,R45,265.0
576,R46,6.0
576,R47,370.0
576,R48,22181.0
576,R49,34252.0
576,R50,1996268.0
576,R51,609970.0
576,R52,221808.0
576,R53,22.0
576,R54,27726.0
576,R55,246.0
576,R56,504.0
577,R1,18006762.0
577,R2,6302367.0
577,R3,5402029.0
577,R4,1440540.0
577,R5,90033810.0
577,R6,270101430.0
577,R7,36013524.0
577,R8,126174.0
577,R9,168232.0
577,R10,6902592.0
577,R11,5702141.0
577,R12,1200.0
577,R13,840.0
577,R14,6002.0
577,R15,750.0
577,R16,2400.0
577,R17,180067.0
577,R18,240091.0
577,R19,1500563.0
577,R20,120045.0
577,R21,4001.0
577,R22,1500.0
577,R23,4802.0
577,R24,2100.0
577,R25,6002.0
577,R26,492.0
577,R27,64.0
577,R28,12.0
577,R29,1206.0
577,R30,2017.0
577,R31,50.0
577,R32,120.0
577,R33,8.0
577,R34,638.0
577,R35,24.0
577,R36,63.0
577,R37,4.0
577,R38,23.0
577,R39,12004508.0
577,R40,7202705.0
577,R41,14020.0
577,R42,420581.0
577,R43,4501691.0
577,R44,94.0
577,R45,1210.0
577,R46,37.0
577,R47,2004.0
577,R48,120045.0
577,R49,168232.0
577,R50,10804057.0
577,R51,3301240.0
577,R52,1200451.0
577,R53,100.0
577,R54,150056.0
577,R55,1334.0
577,R56,2728.0
578,R1,6124746.0
578,R2,2143662.0
578,R3,1837424.0
578,R4,489980.0
578,R5,30623730.0
578,R6,91871190.0
578,R7,12249492.0
578,R8,44077.0
578,R9,58769.0
578,R10,2347820.0
578,R11,1939502.0
578,R12,1200.0
578,R13,840.0
578,R14,2042.0
578,R15,296.0
578,R16,816.0
578,R17,61248.0
578,R18,81830.0
578,R19,510468.0
578,R20,40831.0
578,R21,1362.0
578,R22,533.0
578,R23,1634.0
578,R24,714.0
578,R25,2087.0
578,R26,184.0
578,R27,37.0
578,R28,15.0
578,R29,485.0
578,R30,806.0
578,R31,47.0
578,R32,65.0
578,R33,4.0
578,R34,233.0
578,R35,8.0
578,R36,41.0
578,R37,0.0
578,R38,2.0
578,R39,4083164.0
578,R40,2450137.0
578,R41,4897.0
578,R42,147031.0
578,R43,1531186.0
578,R44,62.0
578,R45,554.0
578,R46,10.0
578,R47,680.0
578,R48,40831.0
578,R49,58769.0
578,R50,3674848.0
578,R51,1122870.0
578,R52,408316.0
578,R53,64.0
578,R54,51124.0
578,R55,477.0
578,R56,997.0
579,R1,15397956.0
579,R2,5389285.0
579,R3,4619672.0
579,R4,1231836.0
579,R5,76989780.0
579,R6,230969340.0
579,R7,30795912.0
579,R8,84888.0
579,R9,113185.0
579,R10,5902550.0
579,R11,4876019.0
579,R12,1200.0
579,R13,840.0
579,R14,5133.0
579,R15,641.0
579,R16,2053.0
579,R17,153980.0
579,R18,205790.0
579,R19,1283164.0
579,R20,102654.0
579,R21,3422.0
579,R22,1352.0
579,R23,4106.0
579,R24,1927.0
579,R25,5133.0
579,R26,442.0
579,R27,38.0
579,R28,20.0
579,R29,1226.0
579,R30,1744.0
579,R31,128.0
579,R32,106.0
579,R33,6.0
579,R34,668.0
579,R35,77.0
579,R36,63.0
579,R37,2.0
579,R38,6.0
579,R39,10265304.0
579,R40,6159182.0
579,R41,9432.0
579,R42,282960.0
579,R43,3849488.0
579,R44,75.0
579,R45,1226.0
579,R46,42.0
579,R47,1719.0
579,R48,102654.0
579,R49,113185.0
579,R50,9238774.0
579,R51,2822958.0
579,R52,1027649.0
579,R53,75.0
579,R54,128316.0
579,R55,1141.0
579,R56,2338.0
58,R1,1453710.0
58,R2,508798.0
58,R3,436112.0
58,R4,116296.0
58,R5,7268550.0
58,R6,21805650.0
58,R7,2907420.0
58,R8,9637.0
58,R9,12850.0
58,R10,557256.0
58,R11,460342.0
58,R12,842.5600000000001
58,R13,581.28
58,R14,484.0
58,R15,132.0
58,R16,194.0
58,R17,14538.0
58,R18,19382.0
58,R19,121142.0
58,R20,9691.0
58,R21,360.0
58,R22,133.0
58,R23,388.0
58,R24,253.0
58,R25,484.0
58,R26,79.0
58,R27,2.0
58,R28,0.0
58,R29,121.0
58,R30,195.0
58,R31,32.0
58,R32,158.0
58,R33,0.0
58,R34,336.0
58,R35,28.0
58,R36,4.0
58,R37,0.0
58,R38,0.0
58,R39,969140.0
58,R40,581484.0
58,R41,1071.0
58,R42,32126.0
58,R43,363428.0
58,R44,58.0
58,R45,276.0
58,R46,14.0
58,R47,293.0
58,R48,9691.0
58,R49,12850.0
58,R50,872226.0
58,R51,266514.0
58,R52,96914.0
58,R53,2.0
58,R54,12114.0
58,R55,114.0
58,R56,323.0
580,R1,7045626.0
580,R2,2465970.0
580,R3,2113688.0
580,R4,563650.0
580,R5,35228130.0
580,R6,105684390.0
580,R7,14091252.0
580,R8,36372.0
580,R9,48495.0
580,R10,2700824.0
580,R11,2231114.0
580,R12,1200.0
580,R13,840.0
580,R14,2349.0
580,R15,294.0
580,R16,939.0
580,R17,70456.0
580,R18,93942.0
580,R19,587135.0
580,R20,46971.0
580,R21,1566.0
580,R22,587.0
580,R23,1879.0
580,R24,822.0
580,R25,2349.0
580,R26,203.0
580,R27,32.0
580,R28,8.0
580,R29,479.0
580,R30,811.0
580,R31,51.0
580,R32,93.0
580,R33,2.0
580,R34,266.0
580,R35,70.0
580,R36,173.0
580,R37,54.0
580,R38,6.0
580,R39,4697084.0
580,R40,2818250.0
580,R41,4042.0
580,R42,121238.0
580,R43,1761407.0
580,R44,51.0
580,R45,478.0
580,R46,21.0
580,R47,793.0
580,R48,46971.0
580,R49,48495.0
580,R50,4227376.0
580,R51,1291698.0
580,R52,469708.0
580,R53,73.0
580,R54,58714.0
580,R55,522.0
580,R56,1117.0
581,R1,9218406.0
581,R2,3226442.0
581,R3,2765522.0
581,R4,737473.0
581,R5,46092030.0
581,R6,138276090.0
581,R7,18436812.0
581,R8,60002.0
581,R9,80004.0
581,R10,3533722.0
581,R11,2919162.0
581,R12,1200.0
581,R13,840.0
581,R14,3072.0
581,R15,384.0
581,R16,1230.0
581,R17,92184.0
581,R18,123204.0
581,R19,768200.0
581,R20,61456.0
581,R21,2048.0
581,R22,809.0
581,R23,2458.0
581,R24,1076.0
581,R25,3072.0
581,R26,246.0
581,R27,24.0
581,R28,6.0
581,R29,734.0
581,R30,1039.0
581,R31,52.0
581,R32,31.0
581,R33,4.0
581,R34,325.0
581,R35,12.0
581,R36,37.0
581,R37,1.0
581,R38,4.0
581,R39,6145604.0
581,R40,3687363.0
581,R41,6667.0
581,R42,200008.0
581,R43,2304602.0
581,R44,53.0
581,R45,734.0
581,R46,16.0
581,R47,1024.0
581,R48,61456.0
581,R49,80004.0
581,R50,5531043.0
581,R51,1690041.0
581,R52,614561.0
581,R53,37.0
581,R54,76820.0
581,R55,683.0
581,R56,1396.0
582,R1,7530624.0
582,R2,2635718.0
582,R3,2259187.0
582,R4,602450.0
582,R5,37653120.0
582,R6,112959360.0
582,R7,15061248.0
582,R8,51246.0
582,R9,68327.0
582,R10,2886740.0
582,R11,2384698.0
582,R12,1200.0
582,R13,840.0
582,R14,2510.0
582,R15,314.0
582,R16,1004.0
582,R17,75307.0
582,R18,100408.0
582,R19,627552.0
582,R20,50204.0
582,R21,1678.0
582,R22,627.0
582,R23,2008.0
582,R24,882.0
582,R25,2510.0
582,R26,233.0
582,R27,42.0
582,R28,12.0
582,R29,511.0
582,R30,857.0
582,R31,20.0
582,R32,50.0
582,R33,3.0
582,R34,305.0
582,R35,10.0
582,R36,31.0
582,R37,1.0
582,R38,6.0
582,R39,5020416.0
582,R40,3012250.0
582,R41,5694.0
582,R42,170818.0
582,R43,1882656.0
582,R44,41.0
582,R45,516.0
582,R46,16.0
582,R47,841.0
582,R48,50204.0
582,R49,68327.0
582,R50,4518374.0
582,R51,1380614.0
582,R52,502042.0
582,R53,71.0
582,R54,62756.0
582,R55,557.0
582,R56,1142.0
583,R1,5945538.0
583,R2,2080938.0
583,R3,1783662.0
583,R4,475644.0
583,R5,29727690.0
583,R6,89183070.0
583,R7,11891076.0
583,R8,41270.0
583,R9,55027.0
583,R10,2279123.0
583,R11,1882754.0
583,R12,1200.0
583,R13,840.0
583,R14,1982.0
583,R15,248.0
583,R16,792.0
583,R17,59455.0
583,R18,79477.0
583,R19,495550.0
583,R20,39637.0
583,R21,1321.0
583,R22,524.0
583,R23,1586.0
583,R24,696.0
583,R25,1982.0
583,R26,175.0
583,R27,28.0
583,R28,4.0
583,R29,491.0
583,R30,683.0
583,R31,32.0
583,R32,61.0
583,R33,2.0
583,R34,230.0
583,R35,8.0
583,R36,31.0
583,R37,0.0
583,R38,12.0
583,R39,3963692.0
583,R40,2378216.0
583,R41,4586.0
583,R42,137568.0
583,R43,1486720.0
583,R44,32.0
583,R45,488.0
583,R46,12.0
583,R47,672.0
583,R48,39637.0
583,R49,55027.0
583,R50,3567322.0
583,R51,1090015.0
583,R52,396370.0
583,R53,47.0
583,R54,49546.0
583,R55,440.0
583,R56,900.0
584,R1,6495816.0
584,R2,2273536.0
584,R3,1948744.0
584,R4,519665.0
584,R5,32479080.0
584,R6,97437240.0
584,R7,12991632.0
584,R8,46896.0
584,R9,62528.0
584,R10,2490063.0
584,R11,2057008.0
584,R12,1200.0
584,R13,840.0
584,R14,2166.0
584,R15,270.0
584,R16,866.0
584,R17,64958.0
584,R18,86610.0
584,R19,541318.0
584,R20,43306.0
584,R21,1444.0
584,R22,542.0
584,R23,1732.0
584,R24,760.0
584,R25,2166.0
584,R26,173.0
584,R27,23.0
584,R28,10.0
584,R29,434.0
584,R30,759.0
584,R31,50.0
584,R32,71.0
584,R33,2.0
584,R34,243.0
584,R35,8.0
584,R36,43.0
584,R37,0.0
584,R38,5.0
584,R39,4330544.0
584,R40,2598326.0
584,R41,5211.0
584,R42,156320.0
584,R43,1623954.0
584,R44,51.0
584,R45,434.0
584,R46,18.0
584,R47,732.0
584,R48,43306.0
584,R49,62528.0
584,R50,3897490.0
584,R51,1190899.0
584,R52,433054.0
584,R53,48.0
584,R54,54132.0
584,R55,482.0
584,R56,994.0
585,R1,4908048.0
585,R2,1717816.0
585,R3,1472414.0
585,R4,392643.0
585,R5,24540240.0
585,R6,73620720.0
585,R7,9816096.0
585,R8,34518.0
585,R9,46023.0
585,R10,1881418.0
585,R11,1554216.0
585,R12,1200.0
585,R13,840.0
585,R14,1636.0
585,R15,205.0
585,R16,654.0
585,R17,49080.0
585,R18,65440.0
585,R19,409004.0
585,R20,32721.0
585,R21,1091.0
585,R22,409.0
585,R23,1308.0
585,R24,573.0
585,R25,1636.0
585,R26,130.0
585,R27,17.0
585,R28,4.0
585,R29,363.0
585,R30,554.0
585,R31,14.0
585,R32,29.0
585,R33,2.0
585,R34,178.0
585,R35,6.0
585,R36,23.0
585,R37,0.0
585,R38,4.0
585,R39,3272032.0
585,R40,1963219.0
585,R41,3836.0
585,R42,115060.0
585,R43,1227012.0
585,R44,27.0
585,R45,328.0
585,R46,12.0
585,R47,545.0
585,R48,32721.0
585,R49,46023.0
585,R50,2944829.0
585,R51,899809.0
585,R52,327203.0
585,R53,25.0
585,R54,40900.0
585,R55,364.0
585,R56,744.0
586,R1,3843222.0
586,R2,1345128.0
586,R3,1152967.0
586,R4,307458.0
586,R5,19216110.0
586,R6,57648330.0
586,R7,7686444.0
586,R8,27332.0
586,R9,36442.0
586,R10,1473236.0
586,R11,1217020.0
586,R12,1200.0
586,R13,840.0
586,R14,1282.0
586,R15,160.0
586,R16,512.0
586,R17,38432.0
586,R18,51242.0
586,R19,320268.0
586,R20,25622.0
586,R21,856.0
586,R22,320.0
586,R23,1024.0
586,R24,458.0
586,R25,1282.0
586,R26,120.0
586,R27,57.0
586,R28,6.0
586,R29,350.0
586,R30,443.0
586,R31,10.0
586,R32,35.0
586,R33,2.0
586,R34,164.0
586,R35,6.0
586,R36,22.0
586,R37,0.0
586,R38,4.0
586,R39,2562148.0
586,R40,1537289.0
586,R41,3036.0
586,R42,91107.0
586,R43,960806.0
586,R44,39.0
586,R45,262.0
586,R46,12.0
586,R47,444.0
586,R48,25622.0
586,R49,36442.0
586,R50,2305933.0
586,R51,704590.0
586,R52,256215.0
586,R53,68.0
586,R54,32026.0
586,R55,284.0
586,R56,592.0
587,R1,386845.0
587,R2,135394.0
587,R3,116052.0
587,R4,30948.0
587,R5,1934190.0
587,R6,5802570.0
587,R7,773676.0
587,R8,2084.0
587,R9,2778.0
587,R10,148308.0
587,R11,122498.0
587,R12,4634.0
587,R13,2314.0
587,R14,128.0
587,R15,189.0
587,R16,52.0
587,R17,3873.0
587,R18,5158.0
587,R19,32236.0
587,R20,2582.0
587,R21,86.0
587,R22,33.0
587,R23,103.0
587,R24,46.0
587,R25,130.0
587,R26,10.0
587,R27,6.0
587,R28,0.0
587,R29,26.0
587,R30,59.0
587,R31,1.0
587,R32,4.0
587,R33,0.0
587,R34,21.0
587,R35,0.0
587,R36,10.0
587,R37,0.0
587,R38,0.0
587,R39,257892.0
587,R40,154735.0
587,R41,232.0
587,R42,6952.0
587,R43,96722.0
587,R44,20.0
587,R45,29.0
587,R46,0.0
587,R47,49.0
587,R48,2589.0
587,R49,2778.0
587,R50,232103.0
587,R51,70921.0
587,R52,25789.0
587,R53,11.0
587,R54,3228.0
587,R55,28.0
587,R56,63.0
588,R1,7844250.0
588,R2,2745487.0
588,R3,2353275.0
588,R4,627540.0
588,R5,39221250.0
588,R6,117663750.0
588,R7,15688500.0
588,R8,49214.0
588,R9,65618.0
588,R10,3006962.0
588,R11,2484013.0
588,R12,1200.0
588,R13,840.0
588,R14,2614.0
588,R15,327.0
588,R16,1046.0
588,R17,78442.0
588,R18,104590.0
588,R19,653688.0
588,R20,52296.0
588,R21,1743.0
588,R22,654.0
588,R23,2092.0
588,R24,923.0
588,R25,2614.0
588,R26,210.0
588,R27,20.0
588,R28,12.0
588,R29,523.0
588,R30,872.0
588,R31,22.0
588,R32,26.0
588,R33,4.0
588,R34,262.0
588,R35,10.0
588,R36,14.0
588,R37,1.0
588,R38,4.0
588,R39,5229500.0
588,R40,3137700.0
588,R41,5468.0
588,R42,164046.0
588,R43,1961062.0
588,R44,22.0
588,R45,523.0
588,R46,7.0
588,R47,888.0
588,R48,52296.0
588,R49,65618.0
588,R50,4706550.0
588,R51,1438112.0
588,R52,522950.0
588,R53,28.0
588,R54,65368.0
588,R55,581.0
588,R56,1202.0
589,R1,15138018.0
589,R2,5298306.0
589,R3,4541405.0
589,R4,1211042.0
589,R5,75690090.0
589,R6,227070270.0
589,R7,30276036.0
589,R8,99774.0
589,R9,133031.0
589,R10,5802907.0
589,R11,4794616.0
589,R12,1200.0
589,R13,840.0
589,R14,5046.0
589,R15,630.0
589,R16,2018.0
589,R17,151381.0
589,R18,201840.0
589,R19,1261696.0
589,R20,100920.0
589,R21,3370.0
589,R22,1262.0
589,R23,4037.0
589,R24,1776.0
589,R25,5046.0
589,R26,404.0
589,R27,64.0
589,R28,20.0
589,R29,1009.0
589,R30,1698.0
589,R31,42.0
589,R32,100.0
589,R33,6.0
589,R34,521.0
589,R35,21.0
589,R36,44.0
589,R37,2.0
589,R38,142.0
589,R39,10092012.0
589,R40,6055207.0
589,R41,11086.0
589,R42,332845.0
589,R43,3784505.0
589,R44,120.0
589,R45,1009.0
589,R46,30.0
589,R47,1697.0
589,R48,100920.0
589,R49,133278.0
589,R50,9082811.0
589,R51,2775303.0
589,R52,1009201.0
589,R53,104.0
589,R54,126150.0
589,R55,1122.0
589,R56,2308.0
59,R1,3713586.0
59,R2,1299756.0
59,R3,1114076.0
59,R4,297086.0
59,R5,18567930.0
59,R6,55703790.0
59,R7,7427172.0
59,R8,23888.0
59,R9,31852.0
59,R10,1423542.0
59,R11,1175968.0
59,R12,1072.4
59,R13,696.16
59,R14,1238.0
59,R15,203.0
59,R16,496.0
59,R17,37136.0
59,R18,49515.0
59,R19,309466.0
59,R20,24758.0
59,R21,826.0
59,R22,310.0
59,R23,990.0
59,R24,434.0
59,R25,1238.0
59,R26,171.0
59,R27,4.0
59,R28,16.0
59,R29,295.0
59,R30,445.0
59,R31,59.0
59,R32,115.0
59,R33,28.0
59,R34,322.0
59,R35,54.0
59,R36,34.0
59,R37,0.0
59,R38,4.0
59,R39,2475724.0
59,R40,1485434.0
59,R41,2654.0
59,R42,79628.0
59,R43,928396.0
59,R44,11.0
59,R45,389.0
59,R46,18.0
59,R47,426.0
59,R48,24758.0
59,R49,31852.0
59,R50,2228152.0
59,R51,680824.0
59,R52,247572.0
59,R53,10.0
59,R54,30946.0
59,R55,276.0
59,R56,562.0
590,R1,4904520.0
590,R2,1716582.0
590,R3,1471356.0
590,R4,392362.0
590,R5,24522600.0
590,R6,73567800.0
590,R7,9809040.0
590,R8,34361.0
590,R9,45814.0
590,R10,1880066.0
590,R11,1553098.0
590,R12,920.32
590,R13,620.16
590,R14,1635.0
590,R15,204.0
590,R16,654.0
590,R17,49045.0
590,R18,65394.0
590,R19,408710.0
590,R20,32697.0
590,R21,1145.0
590,R22,408.0
590,R23,1308.0
590,R24,582.0
590,R25,1635.0
590,R26,131.0
590,R27,27.0
590,R28,12.0
590,R29,326.0
590,R30,557.0
590,R31,14.0
590,R32,16.0
590,R33,2.0
590,R34,182.0
590,R35,42.0
590,R36,101.0
590,R37,39.0
590,R38,2.0
590,R39,3269680.0
590,R40,1961808.0
590,R41,3818.0
590,R42,114615.0
590,R43,1226130.0
590,R44,47.0
590,R45,326.0
590,R46,8.0
590,R47,607.0
590,R48,32697.0
590,R49,45814.0
590,R50,2942712.0
590,R51,899267.0
590,R52,326968.0
590,R53,35.0
590,R54,40872.0
590,R55,364.0
590,R56,751.0
591,R1,18517758.0
591,R2,6481216.0
591,R3,5555328.0
591,R4,1481420.0
591,R5,92588790.0
591,R6,277766370.0
591,R7,37035516.0
591,R8,125588.0
591,R9,167450.0
591,R10,7098474.0
591,R11,5863956.0
591,R12,1200.0
591,R13,840.0
591,R14,6173.0
591,R15,772.0
591,R16,2469.0
591,R17,185178.0
591,R18,246904.0
591,R19,1543146.0
591,R20,123451.0
591,R21,4122.0
591,R22,1543.0
591,R23,4938.0
591,R24,2172.0
591,R25,6173.0
591,R26,505.0
591,R27,90.0
591,R28,38.0
591,R29,1235.0
591,R30,2079.0
591,R31,51.0
591,R32,62.0
591,R33,8.0
591,R34,645.0
591,R35,24.0
591,R36,66.0
591,R37,2.0
591,R38,8.0
591,R39,12345172.0
591,R40,7407103.0
591,R41,13954.0
591,R42,418626.0
591,R43,4629440.0
591,R44,127.0
591,R45,1235.0
591,R46,31.0
591,R47,2075.0
591,R48,123451.0
591,R49,167450.0
591,R50,11110655.0
591,R51,3394923.0
591,R52,1234517.0
591,R53,132.0
591,R54,154314.0
591,R55,1372.0
591,R56,2821.0
592,R1,24677520.0
592,R2,8637132.0
592,R3,7403256.0
592,R4,1974202.0
592,R5,123387600.0
592,R6,370162800.0
592,R7,49355040.0
592,R8,142920.0
592,R9,190559.0
592,R10,9459716.0
592,R11,7814548.0
592,R12,1200.0
592,R13,840.0
592,R14,8226.0
592,R15,1028.0
592,R16,3290.0
592,R17,246775.0
592,R18,329033.0
592,R19,2056460.0
592,R20,164516.0
592,R21,5483.0
592,R22,2056.0
592,R23,6581.0
592,R24,2879.0
592,R25,8226.0
592,R26,664.0
592,R27,77.0
592,R28,37.0
592,R29,1645.0
592,R30,2748.0
592,R31,68.0
592,R32,82.0
592,R33,10.0
592,R34,831.0
592,R35,32.0
592,R36,72.0
592,R37,4.0
592,R38,10.0
592,R39,16451680.0
592,R40,9871008.0
592,R41,15880.0
592,R42,476400.0
592,R43,6169380.0
592,R44,102.0
592,R45,1645.0
592,R46,33.0
592,R47,2746.0
592,R48,164516.0
592,R49,190559.0
592,R50,14806512.0
592,R51,4524212.0
592,R52,1645168.0
592,R53,100.0
592,R54,205646.0
592,R55,1828.0
592,R56,3740.0
593,R1,16859604.0
593,R2,5900861.0
593,R3,5057882.0
593,R4,1348768.0
593,R5,84298020.0
593,R6,252894060.0
593,R7,33719208.0
593,R8,114700.0
593,R9,152932.0
593,R10,6462848.0
593,R11,5338875.0
593,R12,1200.0
593,R13,840.0
593,R14,5620.0
593,R15,703.0
593,R16,2248.0
593,R17,168596.0
593,R18,224794.0
593,R19,1404967.0
593,R20,112397.0
593,R21,3746.0
593,R22,1404.0
593,R23,4495.0
593,R24,1967.0
593,R25,5620.0
593,R26,450.0
593,R27,58.0
593,R28,20.0
593,R29,1124.0
593,R30,1884.0
593,R31,47.0
593,R32,135.0
593,R33,8.0
593,R34,577.0
593,R35,23.0
593,R36,56.0
593,R37,2.0
593,R38,8.0
593,R39,11239736.0
593,R40,6743842.0
593,R41,12744.0
593,R42,382332.0
593,R43,4214901.0
593,R44,83.0
593,R45,1124.0
593,R46,28.0
593,R47,1886.0
593,R48,112397.0
593,R49,152932.0
593,R50,10115762.0
593,R51,3090928.0
593,R52,1123974.0
593,R53,73.0
593,R54,140496.0
593,R55,1248.0
593,R56,2563.0
594,R1,18727200.0
594,R2,6554520.0
594,R3,5618160.0
594,R4,1498176.0
594,R5,93636000.0
594,R6,280908000.0
594,R7,37454400.0
594,R8,136658.0
594,R9,182210.0
594,R10,7178760.0
594,R11,5930280.0
594,R12,1200.0
594,R13,840.0
594,R14,6242.0
594,R15,780.0
594,R16,2497.0
594,R17,187272.0
594,R18,249696.0
594,R19,1560600.0
594,R20,124848.0
594,R21,4164.0
594,R22,1560.0
594,R23,4994.0
594,R24,2195.0
594,R25,6242.0
594,R26,500.0
594,R27,73.0
594,R28,24.0
594,R29,1248.0
594,R30,2096.0
594,R31,52.0
594,R32,62.0
594,R33,8.0
594,R34,644.0
594,R35,24.0
594,R36,67.0
594,R37,2.0
594,R38,8.0
594,R39,12484800.0
594,R40,7490880.0
594,R41,15184.0
594,R42,455526.0
594,R43,4681800.0
594,R44,97.0
594,R45,1248.0
594,R46,37.0
594,R47,2096.0
594,R48,124848.0
594,R49,182210.0
594,R50,11236320.0
594,R51,3433320.0
594,R52,1248480.0
594,R53,96.0
594,R54,156060.0
594,R55,1388.0
594,R56,2852.0
595,R1,19694328.0
595,R2,6893014.0
595,R3,5908298.0
595,R4,1575546.0
595,R5,98471640.0
595,R6,295414920.0
595,R7,39388656.0
595,R8,146522.0
595,R9,195363.0
595,R10,7549492.0
595,R11,6236538.0
595,R12,1200.0
595,R13,840.0
595,R14,6564.0
595,R15,820.0
595,R16,2632.0
595,R17,196944.0
595,R18,263188.0
595,R19,1641194.0
595,R20,131295.0
595,R21,4379.0
595,R22,1726.0
595,R23,5251.0
595,R24,2304.0
595,R25,6564.0
595,R26,526.0
595,R27,80.0
595,R28,33.0
595,R29,1313.0
595,R30,2199.0
595,R31,55.0
595,R32,65.0
595,R33,8.0
595,R34,678.0
595,R35,26.0
595,R36,68.0
595,R37,2.0
595,R38,8.0
595,R39,13129552.0
595,R40,7877732.0
595,R41,16280.0
595,R42,488406.0
595,R43,4923582.0
595,R44,102.0
595,R45,1559.0
595,R46,33.0
595,R47,2208.0
595,R48,131295.0
595,R49,195363.0
595,R50,11816596.0
595,R51,3610627.0
595,R52,1312956.0
595,R53,93.0
595,R54,164120.0
595,R55,1459.0
595,R56,2996.0
596,R1,6653844.0
596,R2,2328845.0
596,R3,1996153.0
596,R4,532308.0
596,R5,33269220.0
596,R6,99807660.0
596,R7,13307688.0
596,R8,50366.0
596,R9,67154.0
596,R10,2550640.0
596,R11,2107051.0
596,R12,1001.6800000000001
596,R13,660.8000000000001
596,R14,2218.0
596,R15,323.0
596,R16,888.0
596,R17,66538.0
596,R18,88718.0
596,R19,554487.0
596,R20,44359.0
596,R21,1481.0
596,R22,554.0
596,R23,1775.0
596,R24,784.0
596,R25,2268.0
596,R26,178.0
596,R27,30.0
596,R28,8.0
596,R29,443.0
596,R30,883.0
596,R31,36.0
596,R32,46.0
596,R33,2.0
596,R34,242.0
596,R35,8.0
596,R36,29.0
596,R37,0.0
596,R38,2.0
596,R39,4435896.0
596,R40,2661538.0
596,R41,5596.0
596,R42,168012.0
596,R43,1663461.0
596,R44,74.0
596,R45,519.0
596,R46,12.0
596,R47,755.0
596,R48,44359.0
596,R49,67154.0
596,R50,3992306.0
596,R51,1220027.0
596,R52,443590.0
596,R53,40.0
596,R54,55542.0
596,R55,519.0
596,R56,1098.0
597,R1,11847306.0
597,R2,4146558.0
597,R3,3554192.0
597,R4,947784.0
597,R5,59236530.0
597,R6,177709590.0
597,R7,23694612.0
597,R8,87714.0
597,R9,116952.0
597,R10,4541468.0
597,R11,3751646.0
597,R12,1200.0
597,R13,840.0
597,R14,3949.0
597,R15,494.0
597,R16,1580.0
597,R17,118474.0
597,R18,157964.0
597,R19,987276.0
597,R20,78982.0
597,R21,2640.0
597,R22,987.0
597,R23,3159.0
597,R24,1392.0
597,R25,3949.0
597,R26,316.0
597,R27,46.0
597,R28,16.0
597,R29,790.0
597,R30,1335.0
597,R31,33.0
597,R32,40.0
597,R33,5.0
597,R34,417.0
597,R35,16.0
597,R36,45.0
597,R37,2.0
597,R38,6.0
597,R39,7898204.0
597,R40,4738923.0
597,R41,9746.0
597,R42,292378.0
597,R43,2961826.0
597,R44,95.0
597,R45,790.0
597,R46,24.0
597,R47,1333.0
597,R48,78982.0
597,R49,116952.0
597,R50,7108383.0
597,R51,2172006.0
597,R52,789821.0
597,R53,68.0
597,R54,98728.0
597,R55,878.0
597,R56,1812.0
598,R1,12766734.0
598,R2,4468356.0
598,R3,3830020.0
598,R4,1021338.0
598,R5,63833670.0
598,R6,191501010.0
598,R7,25533468.0
598,R8,96472.0
598,R9,128630.0
598,R10,4893914.0
598,R11,4042800.0
598,R12,1200.0
598,R13,840.0
598,R14,4256.0
598,R15,532.0
598,R16,1702.0
598,R17,127667.0
598,R18,170224.0
598,R19,1063894.0
598,R20,85112.0
598,R21,2839.0
598,R22,1064.0
598,R23,3405.0
598,R24,1496.0
598,R25,4256.0
598,R26,340.0
598,R27,56.0
598,R28,16.0
598,R29,852.0
598,R30,1434.0
598,R31,36.0
598,R32,42.0
598,R33,5.0
598,R34,442.0
598,R35,18.0
598,R36,41.0
598,R37,1.0
598,R38,6.0
598,R39,8511156.0
598,R40,5106694.0
598,R41,10719.0
598,R42,321575.0
598,R43,3191684.0
598,R44,102.0
598,R45,852.0
598,R46,24.0
598,R47,1436.0
598,R48,85112.0
598,R49,128630.0
598,R50,7660040.0
598,R51,2340568.0
598,R52,851116.0
598,R53,70.0
598,R54,106390.0
598,R55,946.0
598,R56,1946.0
599,R1,7184472.0
599,R2,2514566.0
599,R3,2155342.0
599,R4,574758.0
599,R5,35922360.0
599,R6,107767080.0
599,R7,14368944.0
599,R8,58083.0
599,R9,77444.0
599,R10,2754048.0
599,R11,2275082.0
599,R12,1200.0
599,R13,840.0
599,R14,2395.0
599,R15,299.0
599,R16,958.0
599,R17,71844.0
599,R18,95793.0
599,R19,598706.0
599,R20,47896.0
599,R21,1603.0
599,R22,598.0
599,R23,1916.0
599,R24,846.0
599,R25,2395.0
599,R26,192.0
599,R27,30.0
599,R28,8.0
599,R29,478.0
599,R30,817.0
599,R31,20.0
599,R32,24.0
599,R33,2.0
599,R34,262.0
599,R35,10.0
599,R36,29.0
599,R37,0.0
599,R38,3.0
599,R39,4789648.0
599,R40,2873789.0
599,R41,6454.0
599,R42,193610.0
599,R43,1796118.0
599,R44,75.0
599,R45,478.0
599,R46,6.0
599,R47,818.0
599,R48,47896.0
599,R49,77444.0
599,R50,4310683.0
599,R51,1317153.0
599,R52,478965.0
599,R53,43.0
599,R54,59870.0
599,R55,532.0
599,R56,1108.0
6,R1,3854841.0
6,R2,1349480.0
6,R3,1156561.0
6,R4,308855.0
6,R5,19272450.0
6,R6,57817350.0
6,R7,7708980.0
6,R8,23472.0
6,R9,31296.0
6,R10,1477554.0
6,R11,1220588.0
6,R12,924.08
6,R13,622.08
6,R14,1284.0
6,R15,176.0
6,R16,514.0
6,R17,38544.0
6,R18,51394.0
6,R19,321207.0
6,R20,25696.0
6,R21,856.0
6,R22,328.0
6,R23,1028.0
6,R24,450.0
6,R25,1284.0
6,R26,158.0
6,R27,40.0
6,R28,4.0
6,R29,291.0
6,R30,457.0
6,R31,35.0
6,R32,13.0
6,R33,8.0
6,R34,150.0
6,R35,35.0
6,R36,7.0
6,R37,0.0
6,R38,2.0
6,R39,2569660.0
6,R40,1541796.0
6,R41,2608.0
6,R42,78241.0
6,R43,963623.0
6,R44,10.0
6,R45,292.0
6,R46,12.0
6,R47,447.0
6,R48,25696.0
6,R49,31296.0
6,R50,2312694.0
6,R51,706657.0
6,R52,256966.0
6,R53,31.0
6,R54,32121.0
6,R55,290.0
6,R56,600.0
60,R1,10180164.0
60,R2,3563058.0
60,R3,3054050.0
60,R4,814414.0
60,R5,50900820.0
60,R6,152702460.0
60,R7,20360328.0
60,R8,62460.0
60,R9,83280.0
60,R10,3902396.0
60,R11,3223718.0
60,R12,1200.0
60,R13,840.0
60,R14,3394.0
60,R15,520.0
60,R16,1358.0
60,R17,101802.0
60,R18,135736.0
60,R19,848347.0
60,R20,67868.0
60,R21,2286.0
60,R22,860.0
60,R23,2715.0
60,R24,1224.0
60,R25,3394.0
60,R26,287.0
60,R27,25.0
60,R28,56.0
60,R29,707.0
60,R30,1170.0
60,R31,149.0
60,R32,184.0
60,R33,32.0
60,R34,687.0
60,R35,250.0
60,R36,151.0
60,R37,1.0
60,R38,8.0
60,R39,6786776.0
60,R40,4072066.0
60,R41,6940.0
60,R42,208201.0
60,R43,2545041.0
60,R44,223.0
60,R45,959.0
60,R46,80.0
60,R47,1250.0
60,R48,67868.0
60,R49,83280.0
60,R50,6108098.0
60,R51,1866364.0
60,R52,678678.0
60,R53,48.0
60,R54,84835.0
60,R55,754.0
60,R56,1657.0
600,R1,15812250.0
600,R2,5534288.0
600,R3,4743675.0
600,R4,1264980.0
600,R5,79061250.0
600,R6,237183750.0
600,R7,31624500.0
600,R8,120488.0
600,R9,160650.0
600,R10,6061363.0
600,R11,5007212.0
600,R12,1200.0
600,R13,840.0
600,R14,5270.0
600,R15,658.0
600,R16,2108.0
600,R17,158123.0
600,R18,210830.0
600,R19,1317688.0
600,R20,105415.0
600,R21,3513.0
600,R22,1318.0
600,R23,4217.0
600,R24,1847.0
600,R25,5270.0
600,R26,422.0
600,R27,58.0
600,R28,18.0
600,R29,1054.0
600,R30,1771.0
600,R31,44.0
600,R32,52.0
600,R33,6.0
600,R34,543.0
600,R35,22.0
600,R36,43.0
600,R37,2.0
600,R38,8.0
600,R39,10541500.0
600,R40,6324900.0
600,R41,13388.0
600,R42,401625.0
600,R43,3953062.0
600,R44,92.0
600,R45,1054.0
600,R46,28.0
600,R47,1770.0
600,R48,105415.0
600,R49,160650.0
600,R50,9487350.0
600,R51,2898912.0
600,R52,1054150.0
600,R53,71.0
600,R54,131768.0
600,R55,1172.0
600,R56,2404.0
601,R1,19808562.0
601,R2,6932997.0
601,R3,5942568.0
601,R4,1584684.0
601,R5,99042810.0
601,R6,297128430.0
601,R7,39617124.0
601,R8,150818.0
601,R9,201091.0
601,R10,7593282.0
601,R11,6272711.0
601,R12,1200.0
601,R13,840.0
601,R14,6603.0
601,R15,825.0
601,R16,2642.0
601,R17,198086.0
601,R18,264114.0
601,R19,1650714.0
601,R20,132058.0
601,R21,4408.0
601,R22,1650.0
601,R23,5282.0
601,R24,2322.0
601,R25,6603.0
601,R26,539.0
601,R27,107.0
601,R28,43.0
601,R29,1320.0
601,R30,2219.0
601,R31,56.0
601,R32,66.0
601,R33,8.0
601,R34,682.0
601,R35,26.0
601,R36,73.0
601,R37,3.0
601,R38,8.0
601,R39,13205708.0
601,R40,7923424.0
601,R41,16758.0
601,R42,502726.0
601,R43,4952140.0
601,R44,114.0
601,R45,1320.0
601,R46,37.0
601,R47,2219.0
601,R48,132058.0
601,R49,201091.0
601,R50,11885138.0
601,R51,3631570.0
601,R52,1320570.0
601,R53,139.0
601,R54,165072.0
601,R55,1468.0
601,R56,3017.0
602,R1,22368624.0
602,R2,7829018.0
602,R3,6710588.0
602,R4,1789490.0
602,R5,111843120.0
602,R6,335529360.0
602,R7,44737248.0
602,R8,170451.0
602,R9,227268.0
602,R10,8574639.0
602,R11,7083398.0
602,R12,1200.0
602,R13,840.0
602,R14,7456.0
602,R15,932.0
602,R16,2982.0
602,R17,223686.0
602,R18,298248.0
602,R19,1864052.0
602,R20,149124.0
602,R21,4970.0
602,R22,1864.0
602,R23,5965.0
602,R24,2610.0
602,R25,7456.0
602,R26,596.0
602,R27,30.0
602,R28,119.0
602,R29,1492.0
602,R30,2485.0
602,R31,62.0
602,R32,74.0
602,R33,10.0
602,R34,746.0
602,R35,30.0
602,R36,41.0
602,R37,3.0
602,R38,10.0
602,R39,14912416.0
602,R40,8947450.0
602,R41,18939.0
602,R42,568170.0
602,R43,5592156.0
602,R44,62.0
602,R45,1492.0
602,R46,22.0
602,R47,2485.0
602,R48,149124.0
602,R49,227268.0
602,R50,13421174.0
602,R51,4100914.0
602,R52,1491242.0
602,R53,41.0
602,R54,186406.0
602,R55,1657.0
602,R56,3390.0
603,R1,30873082.0
603,R2,10460729.0
603,R3,9509858.0
603,R4,3651350.0
603,R5,142086305.0
603,R6,423137917.0
603,R7,84541718.0
603,R8,315399.48
603,R9,816461.28
603,R10,11101233.0
603,R11,9130385.0
603,R12,800.0
603,R13,560.0
603,R14,129751.0
603,R15,2619.0
603,R16,7802.0
603,R17,558367.0
603,R18,917691.0
603,R19,2596447.0
603,R20,2316011.0
603,R21,13115.0
603,R22,4603108.0
603,R23,202768.0
603,R24,6396.0
603,R25,743.52
603,R26,59.52
603,R27,152.0
603,R28,1.44
603,R29,148.64000000000001
603,R30,5813.0
603,R31,6.24
603,R32,7.36
603,R33,1.0
603,R34,1708.0
603,R35,3.04
603,R36,4.16
603,R37,1.0
603,R38,1.0
603,R39,123977668.0
603,R40,192555966.0
603,R41,22902.0
603,R42,693382.0
603,R43,7472055.0
603,R44,6.24
603,R45,148.64000000000001
603,R46,22.0
603,R47,4708.0
603,R48,186683.0
603,R49,450316.0
603,R50,17604577.0
603,R51,6446913.0
603,R52,2446823.0
603,R53,254.0
603,R54,18586.88
603,R55,4054.0
603,R56,4488.0
604,R1,23989512.0
604,R2,8396330.0
604,R3,7196853.0
604,R4,1919161.0
604,R5,119947560.0
604,R6,359842680.0
604,R7,47979024.0
604,R8,181124.0
604,R9,241499.0
604,R10,9195979.0
604,R11,7596678.0
604,R12,1200.0
604,R13,840.0
604,R14,7996.0
604,R15,999.0
604,R16,3198.0
604,R17,239895.0
604,R18,319860.0
604,R19,1999126.0
604,R20,159930.0
604,R21,5337.0
604,R22,2000.0
604,R23,6398.0
604,R24,2808.0
604,R25,7996.0
604,R26,640.0
604,R27,61.0
604,R28,30.0
604,R29,1600.0
604,R30,2672.0
604,R31,66.0
604,R32,80.0
604,R33,10.0
604,R34,800.0
604,R35,32.0
604,R36,44.0
604,R37,4.0
604,R38,10.0
604,R39,15993008.0
604,R40,9595804.0
604,R41,20125.0
604,R42,603748.0
604,R43,5997378.0
604,R44,94.0
604,R45,1600.0
604,R46,22.0
604,R47,2681.0
604,R48,159930.0
604,R49,241499.0
604,R50,14393708.0
604,R51,4398078.0
604,R52,1599300.0
604,R53,63.0
604,R54,199912.0
604,R55,1777.0
604,R56,3645.0
605,R1,23617986.0
605,R2,8266295.0
605,R3,7085396.0
605,R4,1889439.0
605,R5,118089930.0
605,R6,354269790.0
605,R7,47235972.0
605,R8,167271.0
605,R9,223028.0
605,R10,9053562.0
605,R11,7479029.0
605,R12,1200.0
605,R13,840.0
605,R14,7872.0
605,R15,1173.0
605,R16,3150.0
605,R17,236180.0
605,R18,314906.0
605,R19,1968166.0
605,R20,157454.0
605,R21,5255.0
605,R22,1968.0
605,R23,6298.0
605,R24,2766.0
605,R25,7872.0
605,R26,630.0
605,R27,65.0
605,R28,30.0
605,R29,1574.0
605,R30,2624.0
605,R31,132.0
605,R32,78.0
605,R33,20.0
605,R34,787.0
605,R35,32.0
605,R36,86.0
605,R37,4.0
605,R38,10.0
605,R39,15745324.0
605,R40,9447194.0
605,R41,18586.0
605,R42,558064.0
605,R43,5904496.0
605,R44,132.0
605,R45,1897.0
605,R46,22.0
605,R47,2642.0
605,R48,157454.0
605,R49,223028.0
605,R50,14170792.0
605,R51,4330620.0
605,R52,1574532.0
605,R53,80.0
605,R54,197216.0
605,R55,1860.0
605,R56,3597.0
606,R1,14789250.0
606,R2,5176237.0
606,R3,4436775.0
606,R4,1183140.0
606,R5,73946250.0
606,R6,221838750.0
606,R7,29578500.0
606,R8,105990.0
606,R9,141321.0
606,R10,5669213.0
606,R11,4683263.0
606,R12,1200.0
606,R13,840.0
606,R14,4930.0
606,R15,616.0
606,R16,1972.0
606,R17,147892.0
606,R18,197190.0
606,R19,1232437.0
606,R20,98596.0
606,R21,3288.0
606,R22,1232.0
606,R23,3944.0
606,R24,1737.0
606,R25,4930.0
606,R26,395.0
606,R27,40.0
606,R28,20.0
606,R29,986.0
606,R30,1644.0
606,R31,79.0
606,R32,88.0
606,R33,6.0
606,R34,492.0
606,R35,41.0
606,R36,28.0
606,R37,2.0
606,R38,7.0
606,R39,9859500.0
606,R40,5915700.0
606,R41,11776.0
606,R42,353302.0
606,R43,3697313.0
606,R44,41.0
606,R45,986.0
606,R46,14.0
606,R47,1659.0
606,R48,98596.0
606,R49,141321.0
606,R50,8873550.0
606,R51,2711363.0
606,R52,985950.0
606,R53,155.0
606,R54,123244.0
606,R55,1096.0
606,R56,2250.0
607,R1,20753238.0
607,R2,7263633.0
607,R3,6225971.0
607,R4,1660259.0
607,R5,103766190.0
607,R6,311298570.0
607,R7,41506476.0
607,R8,144066.0
607,R9,192089.0
607,R10,7955408.0
607,R11,6571859.0
607,R12,1200.0
607,R13,840.0
607,R14,6918.0
607,R15,864.0
607,R16,2768.0
607,R17,207533.0
607,R18,276710.0
607,R19,1729436.0
607,R20,138355.0
607,R21,4616.0
607,R22,1730.0
607,R23,5534.0
607,R24,2434.0
607,R25,6918.0
607,R26,554.0
607,R27,57.0
607,R28,28.0
607,R29,1384.0
607,R30,2306.0
607,R31,57.0
607,R32,69.0
607,R33,9.0
607,R34,692.0
607,R35,28.0
607,R36,38.0
607,R37,2.0
607,R38,10.0
607,R39,13835492.0
607,R40,8301296.0
607,R41,16007.0
607,R42,480220.0
607,R43,5188310.0
607,R44,57.0
607,R45,1384.0
607,R46,19.0
607,R47,2328.0
607,R48,138355.0
607,R49,192089.0
607,R50,12451942.0
607,R51,3804760.0
607,R52,1383550.0
607,R53,77.0
607,R54,172944.0
607,R55,1537.0
607,R56,3157.0
608,R1,20892336.0
608,R2,7312318.0
608,R3,6267701.0
608,R4,1671386.0
608,R5,104461680.0
608,R6,313385040.0
608,R7,41784672.0
608,R8,164874.0
608,R9,219832.0
608,R10,8008728.0
608,R11,6615906.0
608,R12,1200.0
608,R13,840.0
608,R14,6964.0
608,R15,870.0
608,R16,2786.0
608,R17,208924.0
608,R18,278564.0
608,R19,1741028.0
608,R20,139282.0
608,R21,4649.0
608,R22,1742.0
608,R23,5571.0
608,R24,2450.0
608,R25,6964.0
608,R26,558.0
608,R27,46.0
608,R28,42.0
608,R29,1393.0
608,R30,2321.0
608,R31,90.0
608,R32,108.0
608,R33,8.0
608,R34,696.0
608,R35,42.0
608,R36,38.0
608,R37,3.0
608,R38,9.0
608,R39,13928224.0
608,R40,8356934.0
608,R41,18319.0
608,R42,549580.0
608,R43,5223084.0
608,R44,58.0
608,R45,1393.0
608,R46,20.0
608,R47,2342.0
608,R48,139282.0
608,R49,219832.0
608,R50,12535402.0
608,R51,3830262.0
608,R52,1392822.0
608,R53,98.0
608,R54,174102.0
608,R55,1548.0
608,R56,3182.0
609,R1,10359606.0
609,R2,3625862.0
609,R3,3107881.0
609,R4,828768.0
609,R5,51798030.0
609,R6,155394090.0
609,R7,20719212.0
609,R8,85592.0
609,R9,114123.0
609,R10,3971182.0
609,R11,3280542.0
609,R12,1200.0
609,R13,840.0
609,R14,3453.0
609,R15,432.0
609,R16,1381.0
609,R17,103596.0
609,R18,138128.0
609,R19,863300.0
609,R20,69064.0
609,R21,2306.0
609,R22,864.0
609,R23,2762.0
609,R24,1219.0
609,R25,3453.0
609,R26,276.0
609,R27,28.0
609,R28,18.0
609,R29,690.0
609,R30,1157.0
609,R31,55.0
609,R32,69.0
609,R33,4.0
609,R34,346.0
609,R35,26.0
609,R36,20.0
609,R37,1.0
609,R38,4.0
609,R39,6906404.0
609,R40,4143842.0
609,R41,9510.0
609,R42,285306.0
609,R43,2589902.0
609,R44,57.0
609,R45,690.0
609,R46,10.0
609,R47,1170.0
609,R48,69064.0
609,R49,114123.0
609,R50,6215764.0
609,R51,1899262.0
609,R52,690640.0
609,R53,61.0
609,R54,86330.0
609,R55,768.0
609,R56,1583.0
61,R1,4123626.0
61,R2,1443269.0
61,R3,1237088.0
61,R4,329890.0
61,R5,20618130.0
61,R6,61854390.0
61,R7,8247252.0
61,R8,29120.0
61,R9,38827.0
61,R10,1580723.0
61,R11,1305815.0
61,R12,1200.0
61,R13,764.8000000000001
61,R14,1375.0
61,R15,262.0
61,R16,550.0
61,R17,41236.0
61,R18,54982.0
61,R19,343636.0
61,R20,27490.0
61,R21,916.0
61,R22,344.0
61,R23,1100.0
61,R24,481.0
61,R25,1375.0
61,R26,110.0
61,R27,5.0
61,R28,2.0
61,R29,275.0
61,R30,459.0
61,R31,84.0
61,R32,14.0
61,R33,2.0
61,R34,233.0
61,R35,35.0
61,R36,8.0
61,R37,0.0
61,R38,2.0
61,R39,2749084.0
61,R40,1649451.0
61,R41,3236.0
61,R42,97066.0
61,R43,1030906.0
61,R44,12.0
61,R45,275.0
61,R46,4.0
61,R47,459.0
61,R48,27490.0
61,R49,38827.0
61,R50,2474175.0
61,R51,755998.0
61,R52,274909.0
61,R53,8.0
61,R54,34364.0
61,R55,306.0
61,R56,624.0
610,R1,13510464.0
610,R2,4728913.0
610,R3,4053139.0
610,R4,1080837.0
610,R5,67552320.0
610,R6,202656960.0
610,R7,27020928.0
610,R8,118452.0
610,R9,157937.0
610,R10,5179011.0
610,R11,4278314.0
610,R12,1200.0
610,R13,840.0
610,R14,4504.0
610,R15,563.0
610,R16,1802.0
610,R17,135104.0
610,R18,180140.0
610,R19,1125872.0
610,R20,90070.0
610,R21,3012.0
610,R22,1125.0
610,R23,3602.0
610,R24,1588.0
610,R25,4625.0
610,R26,361.0
610,R27,36.0
610,R28,27.0
610,R29,901.0
610,R30,1508.0
610,R31,38.0
610,R32,46.0
610,R33,5.0
610,R34,450.0
610,R35,18.0
610,R36,25.0
610,R37,1.0
610,R38,6.0
610,R39,9006976.0
610,R40,5404829.0
610,R41,13162.0
610,R42,394843.0
610,R43,3377616.0
610,R44,69.0
610,R45,901.0
610,R46,19.0
610,R47,1521.0
610,R48,90689.0
610,R49,157937.0
610,R50,8106278.0
610,R51,2476918.0
610,R52,900698.0
610,R53,46.0
610,R54,112587.0
610,R55,1063.0
610,R56,2061.0
611,R1,4412364.0
611,R2,1544328.0
611,R3,1323710.0
611,R4,352989.0
611,R5,22061820.0
611,R6,66185460.0
611,R7,8824728.0
611,R8,35578.0
611,R9,47437.0
611,R10,1691406.0
611,R11,1397248.0
611,R12,1200.0
611,R13,840.0
611,R14,1471.0
611,R15,183.0
611,R16,588.0
611,R17,44124.0
611,R18,58832.0
611,R19,367697.0
611,R20,29416.0
611,R21,986.0
611,R22,368.0
611,R23,1177.0
611,R24,526.0
611,R25,1471.0
611,R26,118.0
611,R27,12.0
611,R28,3.0
611,R29,294.0
611,R30,490.0
611,R31,24.0
611,R32,24.0
611,R33,2.0
611,R34,148.0
611,R35,12.0
611,R36,8.0
611,R37,0.0
611,R38,2.0
611,R39,2941576.0
611,R40,1764946.0
611,R41,3953.0
611,R42,118592.0
611,R43,1103091.0
611,R44,12.0
611,R45,294.0
611,R46,4.0
611,R47,511.0
611,R48,29416.0
611,R49,47437.0
611,R50,2647418.0
611,R51,808933.0
611,R52,294158.0
611,R53,27.0
611,R54,36769.0
611,R55,327.0
611,R56,684.0
612,R1,12958650.0
612,R2,4535528.0
612,R3,3887596.0
612,R4,1036692.0
612,R5,64793250.0
612,R6,194379750.0
612,R7,25917300.0
612,R8,100939.0
612,R9,134585.0
612,R10,4967482.0
612,R11,4103572.0
612,R12,1200.0
612,R13,840.0
612,R14,4320.0
612,R15,540.0
612,R16,1728.0
612,R17,129586.0
612,R18,172782.0
612,R19,1079888.0
612,R20,86392.0
612,R21,2890.0
612,R22,1080.0
612,R23,3455.0
612,R24,1524.0
612,R25,4320.0
612,R26,346.0
612,R27,34.0
612,R28,18.0
612,R29,864.0
612,R30,1440.0
612,R31,36.0
612,R32,44.0
612,R33,6.0
612,R34,432.0
612,R35,17.0
612,R36,24.0
612,R37,2.0
612,R38,6.0
612,R39,8639100.0
612,R40,5183460.0
612,R41,11216.0
612,R42,336464.0
612,R43,3239662.0
612,R44,36.0
612,R45,864.0
612,R46,12.0
612,R47,1462.0
612,R48,86392.0
612,R49,134585.0
612,R50,7775190.0
612,R51,2375752.0
612,R52,863910.0
612,R53,90.0
612,R54,107988.0
612,R55,960.0
612,R56,1979.0
613,R1,6386958.0
613,R2,2235436.0
613,R3,1916087.0
613,R4,510956.0
613,R5,31934790.0
613,R6,95804370.0
613,R7,12773916.0
613,R8,51678.0
613,R9,68903.0
613,R10,2448334.0
613,R11,2022536.0
613,R12,1200.0
613,R13,840.0
613,R14,2129.0
613,R15,266.0
613,R16,852.0
613,R17,63870.0
613,R18,85160.0
613,R19,532246.0
613,R20,42580.0
613,R21,1428.0
613,R22,532.0
613,R23,1704.0
613,R24,759.0
613,R25,2129.0
613,R26,170.0
613,R27,18.0
613,R28,8.0
613,R29,426.0
613,R30,710.0
613,R31,33.0
613,R32,43.0
613,R33,3.0
613,R34,212.0
613,R35,18.0
613,R36,11.0
613,R37,0.0
613,R38,3.0
613,R39,4257972.0
613,R40,2554783.0
613,R41,5742.0
613,R42,172257.0
613,R43,1596740.0
613,R44,18.0
613,R45,426.0
613,R46,6.0
613,R47,731.0
613,R48,42580.0
613,R49,68903.0
613,R50,3832175.0
613,R51,1170942.0
613,R52,425797.0
613,R53,33.0
613,R54,53224.0
613,R55,474.0
613,R56,982.0
614,R1,16333740.0
614,R2,5716809.0
614,R3,4900122.0
614,R4,1306700.0
614,R5,81668700.0
614,R6,245006100.0
614,R7,32667480.0
614,R8,125712.0
614,R9,167616.0
614,R10,6261267.0
614,R11,5172351.0
614,R12,1200.0
614,R13,840.0
614,R14,5444.0
614,R15,680.0
614,R16,2178.0
614,R17,163338.0
614,R18,217783.0
614,R19,1361144.0
614,R20,108892.0
614,R21,3640.0
614,R22,1362.0
614,R23,4355.0
614,R24,1917.0
614,R25,5444.0
614,R26,436.0
614,R27,44.0
614,R28,22.0
614,R29,1089.0
614,R30,1818.0
614,R31,46.0
614,R32,54.0
614,R33,7.0
614,R34,544.0
614,R35,22.0
614,R36,30.0
614,R37,3.0
614,R38,8.0
614,R39,10889160.0
614,R40,6533496.0
614,R41,13968.0
614,R42,419042.0
614,R43,4083436.0
614,R44,75.0
614,R45,1089.0
614,R46,16.0
614,R47,1833.0
614,R48,108892.0
614,R49,167616.0
614,R50,9800244.0
614,R51,2994519.0
614,R52,1088916.0
614,R53,55.0
614,R54,136114.0
614,R55,1210.0
614,R56,2490.0
615,R1,3391338.0
615,R2,1186968.0
615,R3,1017402.0
615,R4,271307.0
615,R5,16956690.0
615,R6,50870070.0
615,R7,6782676.0
615,R8,26864.0
615,R9,35818.0
615,R10,1300012.0
615,R11,1073924.0
615,R12,1200.0
615,R13,762.4
615,R14,1130.0
615,R15,142.0
615,R16,452.0
615,R17,33914.0
615,R18,45218.0
615,R19,282612.0
615,R20,22608.0
615,R21,764.0
615,R22,282.0
615,R23,904.0
615,R24,409.0
615,R25,1130.0
615,R26,90.0
615,R27,8.0
615,R28,4.0
615,R29,226.0
615,R30,382.0
615,R31,23.0
615,R32,24.0
615,R33,2.0
615,R34,114.0
615,R35,8.0
615,R36,7.0
615,R37,0.0
615,R38,51.0
615,R39,2260892.0
615,R40,1356536.0
615,R41,2984.0
615,R42,89546.0
615,R43,847834.0
615,R44,20.0
615,R45,226.0
615,R46,3.0
615,R47,398.0
615,R48,22608.0
615,R49,35818.0
615,R50,2034802.0
615,R51,621746.0
615,R52,226090.0
615,R53,91.0
615,R54,28262.0
615,R55,252.0
615,R56,530.0
616,R1,4529364.0
616,R2,1585278.0
616,R3,1358810.0
616,R4,362350.0
616,R5,22646820.0
616,R6,67940460.0
616,R7,9058728.0
616,R8,35476.0
616,R9,47301.0
616,R10,1736256.0
616,R11,1434298.0
616,R12,1138.96
616,R13,729.52
616,R14,1510.0
616,R15,188.0
616,R16,604.0
616,R17,45294.0
616,R18,60392.0
616,R19,377447.0
616,R20,30196.0
616,R21,1006.0
616,R22,378.0
616,R23,1208.0
616,R24,528.0
616,R25,1510.0
616,R26,121.0
616,R27,6.0
616,R28,6.0
616,R29,302.0
616,R30,504.0
616,R31,24.0
616,R32,33.0
616,R33,2.0
616,R34,150.0
616,R35,12.0
616,R36,563.0
616,R37,0.0
616,R38,2.0
616,R39,3019576.0
616,R40,1811746.0
616,R41,3942.0
616,R42,118254.0
616,R43,1132341.0
616,R44,13.0
616,R45,302.0
616,R46,4.0
616,R47,504.0
616,R48,30196.0
616,R49,47301.0
616,R50,2717618.0
616,R51,830384.0
616,R52,301958.0
616,R53,20.0
616,R54,37745.0
616,R55,336.0
616,R56,686.0
617,R1,15635484.0
617,R2,5472419.0
617,R3,4690645.0
617,R4,1250838.0
617,R5,78177420.0
617,R6,234532260.0
617,R7,31270968.0
617,R8,114404.0
617,R9,152539.0
617,R10,5993602.0
617,R11,4951237.0
617,R12,1200.0
617,R13,840.0
617,R14,5212.0
617,R15,652.0
617,R16,2084.0
617,R17,156355.0
617,R18,208474.0
617,R19,1302956.0
617,R20,104236.0
617,R21,3482.0
617,R22,1302.0
617,R23,4170.0
617,R24,1832.0
617,R25,5212.0
617,R26,417.0
617,R27,42.0
617,R28,20.0
617,R29,1042.0
617,R30,1738.0
617,R31,43.0
617,R32,52.0
617,R33,6.0
617,R34,522.0
617,R35,21.0
617,R36,29.0
617,R37,2.0
617,R38,6.0
617,R39,10423656.0
617,R40,6254194.0
617,R41,12712.0
617,R42,381347.0
617,R43,3908872.0
617,R44,43.0
617,R45,1042.0
617,R46,15.0
617,R47,1756.0
617,R48,104236.0
617,R49,152539.0
617,R50,9381290.0
617,R51,2866506.0
617,R52,1042366.0
617,R53,52.0
617,R54,130296.0
617,R55,1158.0
617,R56,2381.0
618,R1,9698700.0
618,R2,3394544.0
618,R3,2909610.0
618,R4,775896.0
618,R5,48493500.0
618,R6,145480500.0
618,R7,19397400.0
618,R8,74491.0
618,R9,99320.0
618,R10,3717835.0
618,R11,3071256.0
618,R12,1200.0
618,R13,840.0
618,R14,3233.0
618,R15,404.0
618,R16,1294.0
618,R17,96988.0
618,R18,129316.0
618,R19,808224.0
618,R20,64658.0
618,R21,2160.0
618,R22,808.0
618,R23,2586.0
618,R24,1140.0
618,R25,3233.0
618,R26,258.0
618,R27,24.0
618,R28,14.0
618,R29,646.0
618,R30,1078.0
618,R31,52.0
618,R32,58.0
618,R33,4.0
618,R34,323.0
618,R35,24.0
618,R36,18.0
618,R37,2.0
618,R38,4.0
618,R39,6465800.0
618,R40,3879480.0
618,R41,8277.0
618,R42,248302.0
618,R43,2424676.0
618,R44,26.0
618,R45,646.0
618,R46,10.0
618,R47,1093.0
618,R48,64658.0
618,R49,99320.0
618,R50,5819220.0
618,R51,1778095.0
618,R52,646580.0
618,R53,48.0
618,R54,80823.0
618,R55,718.0
618,R56,1484.0
619,R1,7585662.0
619,R2,2654982.0
619,R3,2275699.0
619,R4,606853.0
619,R5,37928310.0
619,R6,113784930.0
619,R7,15171324.0
619,R8,58900.0
619,R9,78532.0
619,R10,2907837.0
619,R11,2402126.0
619,R12,1200.0
619,R13,840.0
619,R14,2528.0
619,R15,316.0
619,R16,1012.0
619,R17,75856.0
619,R18,101142.0
619,R19,632138.0
619,R20,50572.0
619,R21,1686.0
619,R22,632.0
619,R23,2022.0
619,R24,886.0
619,R25,2528.0
619,R26,203.0
619,R27,18.0
619,R28,10.0
619,R29,506.0
619,R30,842.0
619,R31,21.0
619,R32,26.0
619,R33,17.0
619,R34,253.0
619,R35,10.0
619,R36,14.0
619,R37,1.0
619,R38,3.0
619,R39,5057108.0
619,R40,3034264.0
619,R41,6544.0
619,R42,196332.0
619,R43,1896416.0
619,R44,21.0
619,R45,506.0
619,R46,8.0
619,R47,856.0
619,R48,50572.0
619,R49,78532.0
619,R50,4551398.0
619,R51,1390704.0
619,R52,505710.0
619,R53,24.0
619,R54,63214.0
619,R55,562.0
619,R56,1155.0
62,R1,2900634.0
62,R2,1015222.0
62,R3,870190.0
62,R4,232050.0
62,R5,14503170.0
62,R6,43509510.0
62,R7,5801268.0
62,R8,20651.0
62,R9,27536.0
62,R10,1111910.0
62,R11,918534.0
62,R12,1084.16
62,R13,702.08
62,R14,967.0
62,R15,199.0
62,R16,387.0
62,R17,29006.0
62,R18,38675.0
62,R19,241719.0
62,R20,19338.0
62,R21,668.0
62,R22,269.0
62,R23,774.0
62,R24,398.0
62,R25,967.0
62,R26,132.0
62,R27,4.0
62,R28,16.0
62,R29,260.0
62,R30,396.0
62,R31,89.0
62,R32,70.0
62,R33,4.0
62,R34,348.0
62,R35,258.0
62,R36,10.0
62,R37,0.0
62,R38,4.0
62,R39,1933756.0
62,R40,1160254.0
62,R41,2295.0
62,R42,68838.0
62,R43,725159.0
62,R44,122.0
62,R45,457.0
62,R46,16.0
62,R47,479.0
62,R48,19338.0
62,R49,27536.0
62,R50,1740380.0
62,R51,531783.0
62,R52,193376.0
62,R53,15.0
62,R54,24172.0
62,R55,222.0
62,R56,542.0
620,R1,14435340.0
620,R2,5052369.0
620,R3,4330602.0
620,R4,1154827.0
620,R5,72176700.0
620,R6,216530100.0
620,R7,28870680.0
620,R8,108965.0
620,R9,145287.0
620,R10,5533548.0
620,R11,4571191.0
620,R12,1200.0
620,R13,840.0
620,R14,4812.0
620,R15,601.0
620,R16,1925.0
620,R17,144354.0
620,R18,192471.0
620,R19,1202945.0
620,R20,96236.0
620,R21,3220.0
620,R22,1203.0
620,R23,3850.0
620,R24,1696.0
620,R25,4812.0
620,R26,384.0
620,R27,38.0
620,R28,20.0
620,R29,962.0
620,R30,1604.0
620,R31,40.0
620,R32,49.0
620,R33,6.0
620,R34,481.0
620,R35,19.0
620,R36,27.0
620,R37,2.0
620,R38,6.0
620,R39,9623560.0
620,R40,5774136.0
620,R41,12108.0
620,R42,363218.0
620,R43,3608835.0
620,R44,40.0
620,R45,962.0
620,R46,13.0
620,R47,1620.0
620,R48,96236.0
620,R49,145287.0
620,R50,8661204.0
620,R51,2646479.0
620,R52,962356.0
620,R53,51.0
620,R54,120294.0
620,R55,1069.0
620,R56,2205.0
621,R1,9710070.0
621,R2,3398525.0
621,R3,2913021.0
621,R4,776806.0
621,R5,48550350.0
621,R6,145651050.0
621,R7,19420140.0
621,R8,69782.0
621,R9,93042.0
621,R10,3722194.0
621,R11,3074855.0
621,R12,1200.0
621,R13,840.0
621,R14,3236.0
621,R15,405.0
621,R16,1295.0
621,R17,97101.0
621,R18,129468.0
621,R19,809172.0
621,R20,64734.0
621,R21,2168.0
621,R22,809.0
621,R23,2590.0
621,R24,1145.0
621,R25,3236.0
621,R26,258.0
621,R27,24.0
621,R28,19.0
621,R29,647.0
621,R30,1084.0
621,R31,50.0
621,R32,65.0
621,R33,4.0
621,R34,324.0
621,R35,24.0
621,R36,18.0
621,R37,2.0
621,R38,4.0
621,R39,6473380.0
621,R40,3884028.0
621,R41,7754.0
621,R42,232608.0
621,R43,2427518.0
621,R44,45.0
621,R45,647.0
621,R46,10.0
621,R47,1101.0
621,R48,64734.0
621,R49,93042.0
621,R50,5826042.0
621,R51,1780180.0
621,R52,647338.0
621,R53,36.0
621,R54,80918.0
621,R55,725.0
621,R56,1488.0
622,R1,8034606.0
622,R2,2812112.0
622,R3,2410381.0
622,R4,642768.0
622,R5,40173030.0
622,R6,120519090.0
622,R7,16069212.0
622,R8,61008.0
622,R9,81346.0
622,R10,3079932.0
622,R11,2544292.0
622,R12,1200.0
622,R13,840.0
622,R14,2678.0
622,R15,403.0
622,R16,1072.0
622,R17,80346.0
622,R18,107128.0
622,R19,669550.0
622,R20,53564.0
622,R21,1796.0
622,R22,670.0
622,R23,2142.0
622,R24,949.0
622,R25,2754.0
622,R26,214.0
622,R27,97.0
622,R28,12.0
622,R29,536.0
622,R30,1085.0
622,R31,128.0
622,R32,79.0
622,R33,8.0
622,R34,268.0
622,R35,22.0
622,R36,28.0
622,R37,1.0
622,R38,4.0
622,R39,5356404.0
622,R40,3214248.0
622,R41,6778.0
622,R42,203554.0
622,R43,2008652.0
622,R44,44.0
622,R45,652.0
622,R46,8.0
622,R47,913.0
622,R48,53564.0
622,R49,81346.0
622,R50,4820764.0
622,R51,1473248.0
622,R52,535640.0
622,R53,39.0
622,R54,67099.0
622,R55,636.0
622,R56,1350.0
623,R1,18229512.0
623,R2,6380330.0
623,R3,5468854.0
623,R4,1458360.0
623,R5,91147560.0
623,R6,273442680.0
623,R7,36459024.0
623,R8,143080.0
623,R9,190772.0
623,R10,6987980.0
623,R11,5772678.0
623,R12,1200.0
623,R13,840.0
623,R14,6076.0
623,R15,760.0
623,R16,2431.0
623,R17,182296.0
623,R18,243060.0
623,R19,1519126.0
623,R20,121530.0
623,R21,4053.0
623,R22,1520.0
623,R23,4861.0
623,R24,2140.0
623,R25,6076.0
623,R26,486.0
623,R27,49.0
623,R28,31.0
623,R29,1215.0
623,R30,2030.0
623,R31,87.0
623,R32,97.0
623,R33,7.0
623,R34,608.0
623,R35,47.0
623,R36,34.0
623,R37,2.0
623,R38,8.0
623,R39,12153008.0
623,R40,7291804.0
623,R41,15898.0
623,R42,476932.0
623,R43,4557378.0
623,R44,79.0
623,R45,1215.0
623,R46,17.0
623,R47,2043.0
623,R48,121530.0
623,R49,190772.0
623,R50,10937708.0
623,R51,3342078.0
623,R52,1215300.0
623,R53,72.0
623,R54,151912.0
623,R55,1350.0
623,R56,2775.0
624,R1,7475394.0
624,R2,2616388.0
624,R3,2242618.0
624,R4,598031.0
624,R5,37376970.0
624,R6,112130910.0
624,R7,14950788.0
624,R8,60860.0
624,R9,81146.0
624,R10,2865568.0
624,R11,2367208.0
624,R12,1200.0
624,R13,840.0
624,R14,2491.0
624,R15,312.0
624,R16,996.0
624,R17,74754.0
624,R18,99672.0
624,R19,622949.0
624,R20,49836.0
624,R21,1668.0
624,R22,623.0
624,R23,1993.0
624,R24,882.0
624,R25,2491.0
624,R26,200.0
624,R27,20.0
624,R28,12.0
624,R29,500.0
624,R30,830.0
624,R31,21.0
624,R32,25.0
624,R33,4.0
624,R34,250.0
624,R35,10.0
624,R36,14.0
624,R37,0.0
624,R38,4.0
624,R39,4983596.0
624,R40,2990158.0
624,R41,6762.0
624,R42,202868.0
624,R43,1868849.0
624,R44,21.0
624,R45,498.0
624,R46,8.0
624,R47,847.0
624,R48,49836.0
624,R49,81146.0
624,R50,4485236.0
624,R51,1370489.0
624,R52,498360.0
624,R53,28.0
624,R54,62294.0
624,R55,554.0
624,R56,1145.0
625,R1,11653728.0
625,R2,4078804.0
625,R3,3496118.0
625,R4,932298.0
625,R5,58268640.0
625,R6,174805920.0
625,R7,23307456.0
625,R8,96794.0
625,R9,129060.0
625,R10,4467262.0
625,R11,3690348.0
625,R12,1200.0
625,R13,840.0
625,R14,3884.0
625,R15,486.0
625,R16,1554.0
625,R17,116538.0
625,R18,155383.0
625,R19,971144.0
625,R20,77692.0
625,R21,2595.0
625,R22,972.0
625,R23,3108.0
625,R24,1370.0
625,R25,3884.0
625,R26,310.0
625,R27,32.0
625,R28,16.0
625,R29,776.0
625,R30,1299.0
625,R31,32.0
625,R32,39.0
625,R33,4.0
625,R34,388.0
625,R35,16.0
625,R36,21.0
625,R37,1.0
625,R38,5.0
625,R39,7769152.0
625,R40,4661491.0
625,R41,10754.0
625,R42,322649.0
625,R43,2913432.0
625,R44,58.0
625,R45,776.0
625,R46,12.0
625,R47,1312.0
625,R48,77692.0
625,R49,129060.0
625,R50,6992237.0
625,R51,2136516.0
625,R52,776915.0
625,R53,42.0
625,R54,97115.0
625,R55,864.0
625,R56,1780.0
626,R1,8120670.0
626,R2,2842234.0
626,R3,2436200.0
626,R4,649654.0
626,R5,40603350.0
626,R6,121810050.0
626,R7,16241340.0
626,R8,58303.0
626,R9,77738.0
626,R10,3112924.0
626,R11,2571546.0
626,R12,1200.0
626,R13,840.0
626,R14,2707.0
626,R15,338.0
626,R16,1082.0
626,R17,81206.0
626,R18,108276.0
626,R19,676722.0
626,R20,54138.0
626,R21,1819.0
626,R22,677.0
626,R23,2166.0
626,R24,962.0
626,R25,2707.0
626,R26,216.0
626,R27,22.0
626,R28,12.0
626,R29,542.0
626,R30,902.0
626,R31,34.0
626,R32,55.0
626,R33,4.0
626,R34,270.0
626,R35,421.0
626,R36,15.0
626,R37,1.0
626,R38,4.0
626,R39,5413780.0
626,R40,3248268.0
626,R41,6480.0
626,R42,194343.0
626,R43,2030168.0
626,R44,22.0
626,R45,542.0
626,R46,168.0
626,R47,926.0
626,R48,54138.0
626,R49,77738.0
626,R50,4872402.0
626,R51,1488789.0
626,R52,541378.0
626,R53,46.0
626,R54,67672.0
626,R55,601.0
626,R56,1250.0
627,R1,10501056.0
627,R2,3675370.0
627,R3,3150317.0
627,R4,840084.0
627,R5,52505280.0
627,R6,157515840.0
627,R7,21002112.0
627,R8,83161.0
627,R9,110882.0
627,R10,4025404.0
627,R11,3325334.0
627,R12,1200.0
627,R13,840.0
627,R14,3500.0
627,R15,438.0
627,R16,1400.0
627,R17,105010.0
627,R18,140014.0
627,R19,875088.0
627,R20,70007.0
627,R21,2346.0
627,R22,875.0
627,R23,2800.0
627,R24,1238.0
627,R25,3500.0
627,R26,280.0
627,R27,28.0
627,R28,16.0
627,R29,700.0
627,R30,1166.0
627,R31,29.0
627,R32,36.0
627,R33,4.0
627,R34,350.0
627,R35,14.0
627,R36,129.0
627,R37,1.0
627,R38,4.0
627,R39,7000704.0
627,R40,4200422.0
627,R41,9240.0
627,R42,277206.0
627,R43,2625264.0
627,R44,29.0
627,R45,718.0
627,R46,10.0
627,R47,1186.0
627,R48,70007.0
627,R49,110882.0
627,R50,6300634.0
627,R51,1925194.0
627,R52,700070.0
627,R53,40.0
627,R54,87508.0
627,R55,778.0
627,R56,1606.0
628,R1,18463398.0
628,R2,6462189.0
628,R3,5539020.0
628,R4,1477072.0
628,R5,92316990.0
628,R6,276950970.0
628,R7,36926796.0
628,R8,146795.0
628,R9,195727.0
628,R10,7077636.0
628,R11,5846743.0
628,R12,1200.0
628,R13,840.0
628,R14,6154.0
628,R15,770.0
628,R16,2462.0
628,R17,184634.0
628,R18,246178.0
628,R19,1538616.0
628,R20,123090.0
628,R21,4112.0
628,R22,1538.0
628,R23,4924.0
628,R24,2166.0
628,R25,6156.0
628,R26,493.0
628,R27,49.0
628,R28,24.0
628,R29,1230.0
628,R30,2058.0
628,R31,52.0
628,R32,62.0
628,R33,8.0
628,R34,616.0
628,R35,24.0
628,R36,34.0
628,R37,3.0
628,R38,8.0
628,R39,12308932.0
628,R40,7385360.0
628,R41,16311.0
628,R42,489316.0
628,R43,4615850.0
628,R44,77.0
628,R45,1230.0
628,R46,17.0
628,R47,2073.0
628,R48,123090.0
628,R49,195727.0
628,R50,11078038.0
628,R51,3384956.0
628,R52,1230894.0
628,R53,55.0
628,R54,153862.0
628,R55,1368.0
628,R56,2814.0
629,R1,11222244.0
629,R2,3927786.0
629,R3,3366674.0
629,R4,897779.0
629,R5,56111220.0
629,R6,168333660.0
629,R7,22444488.0
629,R8,87037.0
629,R9,116049.0
629,R10,4301860.0
629,R11,3553710.0
629,R12,1200.0
629,R13,840.0
629,R14,3741.0
629,R15,467.0
629,R16,1496.0
629,R17,112222.0
629,R18,149630.0
629,R19,935187.0
629,R20,74814.0
629,R21,2498.0
629,R22,936.0
629,R23,2992.0
629,R24,1316.0
629,R25,3741.0
629,R26,299.0
629,R27,28.0
629,R28,16.0
629,R29,748.0
629,R30,1246.0
629,R31,56.0
629,R32,72.0
629,R33,4.0
629,R34,374.0
629,R35,27.0
629,R36,21.0
629,R37,2.0
629,R38,4.0
629,R39,7481496.0
629,R40,4488897.0
629,R41,9671.0
629,R42,290123.0
629,R43,2805561.0
629,R44,32.0
629,R45,748.0
629,R46,10.0
629,R47,1262.0
629,R48,74814.0
629,R49,116049.0
629,R50,6733347.0
629,R51,2057412.0
629,R52,748149.0
629,R53,64.0
629,R54,93518.0
629,R55,831.0
629,R56,1712.0
63,R1,1559388.0
63,R2,545786.0
63,R3,467816.0
63,R4,124752.0
63,R5,7796940.0
63,R6,23390820.0
63,R7,3118776.0
63,R8,10448.0
63,R9,13931.0
63,R10,597766.0
63,R11,493806.0
63,R12,832.88
63,R13,576.4
63,R14,520.0
63,R15,145.0
63,R16,208.0
63,R17,15594.0
63,R18,20792.0
63,R19,129949.0
63,R20,10396.0
63,R21,346.0
63,R22,130.0
63,R23,416.0
63,R24,182.0
63,R25,531.0
63,R26,137.0
63,R27,2.0
63,R28,14.0
63,R29,171.0
63,R30,228.0
63,R31,36.0
63,R32,150.0
63,R33,0.0
63,R34,322.0
63,R35,60.0
63,R36,6.0
63,R37,0.0
63,R38,0.0
63,R39,1039592.0
63,R40,623756.0
63,R41,1161.0
63,R42,34852.0
63,R43,389847.0
63,R44,32.0
63,R45,284.0
63,R46,14.0
63,R47,270.0
63,R48,10396.0
63,R49,13931.0
63,R50,935632.0
63,R51,285887.0
63,R52,103960.0
63,R53,4.0
63,R54,13014.0
63,R55,122.0
63,R56,338.0
630,R1,9041058.0
630,R2,3164371.0
630,R3,2712318.0
630,R4,723284.0
630,R5,45205290.0
630,R6,135615870.0
630,R7,18082116.0
630,R8,67658.0
630,R9,90210.0
630,R10,3465739.0
630,R11,2863001.0
630,R12,1200.0
630,R13,840.0
630,R14,3014.0
630,R15,377.0
630,R16,1205.0
630,R17,90410.0
630,R18,120547.0
630,R19,753422.0
630,R20,60274.0
630,R21,2016.0
630,R22,753.0
630,R23,2411.0
630,R24,1068.0
630,R25,3014.0
630,R26,242.0
630,R27,24.0
630,R28,12.0
630,R29,602.0
630,R30,1004.0
630,R31,25.0
630,R32,30.0
630,R33,4.0
630,R34,302.0
630,R35,12.0
630,R36,16.0
630,R37,1.0
630,R38,4.0
630,R39,6027372.0
630,R40,3616423.0
630,R41,7518.0
630,R42,225524.0
630,R43,2260264.0
630,R44,25.0
630,R45,602.0
630,R46,9.0
630,R47,1023.0
630,R48,60274.0
630,R49,90210.0
630,R50,5424635.0
630,R51,1657528.0
630,R52,602737.0
630,R53,32.0
630,R54,75342.0
630,R55,670.0
630,R56,1387.0
631,R1,11278854.0
631,R2,3947598.0
631,R3,3383656.0
631,R4,902308.0
631,R5,56394270.0
631,R6,169182810.0
631,R7,22557708.0
631,R8,80649.0
631,R9,107744.0
631,R10,4323560.0
631,R11,3571638.0
631,R12,1200.0
631,R13,840.0
631,R14,3790.0
631,R15,559.0
631,R16,1504.0
631,R17,112788.0
631,R18,150385.0
631,R19,939905.0
631,R20,75192.0
631,R21,2513.0
631,R22,992.0
631,R23,3008.0
631,R24,1330.0
631,R25,3759.0
631,R26,300.0
631,R27,49.0
631,R28,16.0
631,R29,752.0
631,R30,1260.0
631,R31,64.0
631,R32,76.0
631,R33,5.0
631,R34,376.0
631,R35,16.0
631,R36,40.0
631,R37,2.0
631,R38,6.0
631,R39,7519236.0
631,R40,4511542.0
631,R41,8962.0
631,R42,268832.0
631,R43,2820324.0
631,R44,107.0
631,R45,772.0
631,R46,10.0
631,R47,1273.0
631,R48,75192.0
631,R49,107532.0
631,R50,6767312.0
631,R51,2067790.0
631,R52,751924.0
631,R53,40.0
631,R54,93990.0
631,R55,836.0
631,R56,1724.0
632,R1,20748270.0
632,R2,7261894.0
632,R3,6224480.0
632,R4,1659862.0
632,R5,103741350.0
632,R6,311224050.0
632,R7,41496540.0
632,R8,172446.0
632,R9,229928.0
632,R10,7953504.0
632,R11,6570286.0
632,R12,1200.0
632,R13,840.0
632,R14,6916.0
632,R15,864.0
632,R16,2767.0
632,R17,207482.0
632,R18,276644.0
632,R19,1729022.0
632,R20,138322.0
632,R21,4610.0
632,R22,1730.0
632,R23,5532.0
632,R24,2429.0
632,R25,6916.0
632,R26,554.0
632,R27,55.0
632,R28,28.0
632,R29,1384.0
632,R30,2312.0
632,R31,99.0
632,R32,107.0
632,R33,8.0
632,R34,692.0
632,R35,48.0
632,R36,39.0
632,R37,2.0
632,R38,9.0
632,R39,13832180.0
632,R40,8299308.0
632,R41,19161.0
632,R42,574820.0
632,R43,5187068.0
632,R44,88.0
632,R45,1384.0
632,R46,19.0
632,R47,2324.0
632,R48,138322.0
632,R49,229928.0
632,R50,12448962.0
632,R51,3803850.0
632,R52,1383218.0
632,R53,103.0
632,R54,172903.0
632,R55,1536.0
632,R56,3158.0
633,R1,14874312.0
633,R2,5206010.0
633,R3,4462294.0
633,R4,1189945.0
633,R5,74371560.0
633,R6,223114680.0
633,R7,29748624.0
633,R8,128198.0
633,R9,171325.0
633,R10,5701820.0
633,R11,4710198.0
633,R12,1200.0
633,R13,840.0
633,R14,4958.0
633,R15,620.0
633,R16,1983.0
633,R17,148743.0
633,R18,198324.0
633,R19,1239526.0
633,R20,99162.0
633,R21,3318.0
633,R22,1257.0
633,R23,3966.0
633,R24,1749.0
633,R25,4958.0
633,R26,397.0
633,R27,40.0
633,R28,20.0
633,R29,992.0
633,R30,2040.0
633,R31,42.0
633,R32,50.0
633,R33,6.0
633,R34,496.0
633,R35,20.0
633,R36,27.0
633,R37,2.0
633,R38,6.0
633,R39,9916208.0
633,R40,5949724.0
633,R41,14244.0
633,R42,427326.0
633,R43,3719525.0
633,R44,84.0
633,R45,1228.0
633,R46,28.0
633,R47,1672.0
633,R48,99952.0
633,R49,170930.0
633,R50,8924588.0
633,R51,2726958.0
633,R52,991620.0
633,R53,51.0
633,R54,123953.0
633,R55,1102.0
633,R56,2269.0
634,R1,333756.0
634,R2,116814.0
634,R3,100126.0
634,R4,26700.0
634,R5,1668780.0
634,R6,5006340.0
634,R7,667512.0
634,R8,2486.0
634,R9,3314.0
634,R10,127940.0
634,R11,105690.0
634,R12,5000.0
634,R13,2764.0
634,R14,112.0
634,R15,14.0
634,R16,44.0
634,R17,3338.0
634,R18,4450.0
634,R19,27812.0
634,R20,2226.0
634,R21,74.0
634,R22,28.0
634,R23,90.0
634,R24,38.0
634,R25,112.0
634,R26,14.0
634,R27,0.0
634,R28,0.0
634,R29,22.0
634,R30,38.0
634,R31,0.0
634,R32,2.0
634,R33,0.0
634,R34,18.0
634,R35,0.0
634,R36,0.0
634,R37,0.0
634,R38,0.0
634,R39,222504.0
634,R40,133502.0
634,R41,276.0
634,R42,8288.0
634,R43,83440.0
634,R44,4.0
634,R45,22.0
634,R46,0.0
634,R47,38.0
634,R48,2226.0
634,R49,3314.0
634,R50,200254.0
634,R51,61188.0
634,R52,22250.0
634,R53,0.0
634,R54,2782.0
634,R55,24.0
634,R56,50.0
635,R1,5701734.0
635,R2,1995691.0
635,R3,1710520.0
635,R4,456138.0
635,R5,28508670.0
635,R6,85526010.0
635,R7,11403468.0
635,R8,41672.0
635,R9,55564.0
635,R10,2185664.0
635,R11,1805550.0
635,R12,1200.0
635,R13,840.0
635,R14,1900.0
635,R15,289.0
635,R16,760.0
635,R17,57017.0
635,R18,78552.0
635,R19,475144.0
635,R20,38012.0
635,R21,1269.0
635,R22,475.0
635,R23,1520.0
635,R24,670.0
635,R25,1941.0
635,R26,171.0
635,R27,16.0
635,R28,12.0
635,R29,380.0
635,R30,634.0
635,R31,28.0
635,R32,20.0
635,R33,4.0
635,R34,209.0
635,R35,8.0
635,R36,11.0
635,R37,0.0
635,R38,6.0
635,R39,3801156.0
635,R40,2280912.0
635,R41,4630.0
635,R42,138908.0
635,R43,1425434.0
635,R44,15.0
635,R45,380.0
635,R46,12.0
635,R47,648.0
635,R48,38222.0
635,R49,55564.0
635,R50,3421040.0
635,R51,1045318.0
635,R52,380116.0
635,R53,33.0
635,R54,47514.0
635,R55,443.0
635,R56,878.0
636,R1,250896.0
636,R2,87814.0
636,R3,75268.0
636,R4,20072.0
636,R5,1254480.0
636,R6,3763440.0
636,R7,501792.0
636,R8,1336.0
636,R9,1782.0
636,R10,96176.0
636,R11,79450.0
636,R12,2971.0
636,R13,1486.0
636,R14,84.0
636,R15,10.0
636,R16,34.0
636,R17,2508.0
636,R18,3346.0
636,R19,20908.0
636,R20,1672.0
636,R21,56.0
636,R22,20.0
636,R23,66.0
636,R24,30.0
636,R25,84.0
636,R26,6.0
636,R27,0.0
636,R28,0.0
636,R29,16.0
636,R30,32.0
636,R31,8.0
636,R32,9.0
636,R33,0.0
636,R34,8.0
636,R35,0.0
636,R36,0.0
636,R37,0.0
636,R38,0.0
636,R39,167264.0
636,R40,100366.0
636,R41,148.0
636,R42,4452.0
636,R43,62724.0
636,R44,7.0
636,R45,16.0
636,R46,0.0
636,R47,38.0
636,R48,1672.0
636,R49,1780.0
636,R50,150538.0
636,R51,46002.0
636,R52,16726.0
636,R53,0.0
636,R54,2090.0
636,R55,18.0
636,R56,40.0
637,R1,1201332.0
637,R2,420466.0
637,R3,360400.0
637,R4,96106.0
637,R5,6006660.0
637,R6,18019980.0
637,R7,2402664.0
637,R8,8947.0
637,R9,11930.0
637,R10,460510.0
637,R11,380422.0
637,R12,1186.96
637,R13,2030.0
637,R14,400.0
637,R15,55.0
637,R16,160.0
637,R17,12014.0
637,R18,16018.0
637,R19,100112.0
637,R20,8008.0
637,R21,266.0
637,R22,101.0
637,R23,320.0
637,R24,140.0
637,R25,400.0
637,R26,32.0
637,R27,1.0
637,R28,0.0
637,R29,80.0
637,R30,134.0
637,R31,4.0
637,R32,4.0
637,R33,0.0
637,R34,40.0
637,R35,1.0
637,R36,3.0
637,R37,0.0
637,R38,0.0
637,R39,800888.0
637,R40,480532.0
637,R41,994.0
637,R42,29823.0
637,R43,300364.0
637,R44,4.0
637,R45,80.0
637,R46,1.0
637,R47,138.0
637,R48,8008.0
637,R49,11930.0
637,R50,720800.0
637,R51,220260.0
637,R52,80088.0
637,R53,3.0
637,R54,10012.0
637,R55,89.0
637,R56,182.0
638,R1,221052.0
638,R2,77368.0
638,R3,66316.0
638,R4,17684.0
638,R5,1105260.0
638,R6,3315780.0
638,R7,442104.0
638,R8,1672.0
638,R9,2230.0
638,R10,84736.0
638,R11,70013.0
638,R12,3716.0
638,R13,1858.0
638,R14,74.0
638,R15,20.0
638,R16,30.0
638,R17,2210.0
638,R18,2948.0
638,R19,18420.0
638,R20,1474.0
638,R21,50.0
638,R22,18.0
638,R23,58.0
638,R24,26.0
638,R25,74.0
638,R26,21.0
638,R27,0.0
638,R28,0.0
638,R29,14.0
638,R30,24.0
638,R31,17.0
638,R32,0.0
638,R33,0.0
638,R34,21.0
638,R35,0.0
638,R36,0.0
638,R37,0.0
638,R38,0.0
638,R39,147368.0
638,R40,88420.0
638,R41,186.0
638,R42,5577.0
638,R43,55264.0
638,R44,0.0
638,R45,14.0
638,R46,0.0
638,R47,51.0
638,R48,1474.0
638,R49,2234.0
638,R50,132632.0
638,R51,40526.0
638,R52,14736.0
638,R53,0.0
638,R54,1842.0
638,R55,16.0
638,R56,34.0
639,R1,633582.0
639,R2,221754.0
639,R3,190074.0
639,R4,50686.0
639,R5,3167910.0
639,R6,9503730.0
639,R7,1267164.0
639,R8,4716.0
639,R9,6288.0
639,R10,242873.0
639,R11,200634.0
639,R12,4665.0
639,R13,3500.0
639,R14,212.0
639,R15,94.0
639,R16,84.0
639,R17,6336.0
639,R18,8448.0
639,R19,52798.0
639,R20,4224.0
639,R21,141.0
639,R22,55.0
639,R23,168.0
639,R24,74.0
639,R25,212.0
639,R26,31.0
639,R27,0.0
639,R28,0.0
639,R29,68.0
639,R30,94.0
639,R31,6.0
639,R32,2.0
639,R33,0.0
639,R34,35.0
639,R35,0.0
639,R36,2.0
639,R37,0.0
639,R38,0.0
639,R39,422388.0
639,R40,253432.0
639,R41,524.0
639,R42,15719.0
639,R43,158396.0
639,R44,2.0
639,R45,66.0
639,R46,0.0
639,R47,84.0
639,R48,4224.0
639,R49,6288.0
639,R50,380150.0
639,R51,116157.0
639,R52,42238.0
639,R53,6.0
639,R54,5280.0
639,R55,49.0
639,R56,106.0
64,R1,3735036.0
64,R2,1307263.0
64,R3,1120511.0
64,R4,298802.0
64,R5,18675180.0
64,R6,56025540.0
64,R7,7470072.0
64,R8,25304.0
64,R9,33738.0
64,R10,1431764.0
64,R11,1182761.0
64,R12,1045.92
64,R13,682.96
64,R14,1245.0
64,R15,246.0
64,R16,498.0
64,R17,37350.0
64,R18,49801.0
64,R19,311252.0
64,R20,24900.0
64,R21,830.0
64,R22,314.0
64,R23,996.0
64,R24,436.0
64,R25,1245.0
64,R26,204.0
64,R27,4.0
64,R28,4.0
64,R29,374.0
64,R30,481.0
64,R31,99.0
64,R32,33.0
64,R33,16.0
64,R34,322.0
64,R35,56.0
64,R36,12.0
64,R37,0.0
64,R38,4.0
64,R39,2490024.0
64,R40,1494014.0
64,R41,2812.0
64,R42,84346.0
64,R43,933760.0
64,R44,11.0
64,R45,335.0
64,R46,8.0
64,R47,450.0
64,R48,24900.0
64,R49,33738.0
64,R50,2241022.0
64,R51,684757.0
64,R52,249002.0
64,R53,12.0
64,R54,31126.0
64,R55,288.0
64,R56,598.0
640,R1,1428852.0
640,R2,500098.0
640,R3,428656.0
640,R4,114308.0
640,R5,7144260.0
640,R6,21432780.0
640,R7,2857704.0
640,R8,10632.0
640,R9,14176.0
640,R10,547726.0
640,R11,452470.0
640,R12,1180.24
640,R13,1064.0
640,R14,476.0
640,R15,64.0
640,R16,190.0
640,R17,14288.0
640,R18,19052.0
640,R19,119072.0
640,R20,9526.0
640,R21,318.0
640,R22,119.0
640,R23,382.0
640,R24,166.0
640,R25,476.0
640,R26,46.0
640,R27,2.0
640,R28,0.0
640,R29,107.0
640,R30,171.0
640,R31,21.0
640,R32,11.0
640,R33,0.0
640,R34,54.0
640,R35,2.0
640,R36,3.0
640,R37,0.0
640,R38,0.0
640,R39,952568.0
640,R40,571540.0
640,R41,1182.0
640,R42,35438.0
640,R43,357212.0
640,R44,4.0
640,R45,108.0
640,R46,1.0
640,R47,162.0
640,R48,9526.0
640,R49,14176.0
640,R50,857312.0
640,R51,261956.0
640,R52,95256.0
640,R53,7.0
640,R54,11908.0
640,R55,106.0
640,R56,216.0
65,R1,1557888.0
65,R2,545260.0
65,R3,467366.0
65,R4,124631.0
65,R5,7789440.0
65,R6,23368320.0
65,R7,3115776.0
65,R8,9712.0
65,R9,12948.0
65,R10,597190.0
65,R11,493332.0
65,R12,931.36
65,R13,625.6800000000001
65,R14,519.0
65,R15,119.0
65,R16,208.0
65,R17,15578.0
65,R18,20772.0
65,R19,129824.0
65,R20,10386.0
65,R21,347.0
65,R22,130.0
65,R23,416.0
65,R24,181.0
65,R25,519.0
65,R26,42.0
65,R27,2.0
65,R28,1.0
65,R29,127.0
65,R30,205.0
65,R31,32.0
65,R32,5.0
65,R33,0.0
65,R34,142.0
65,R35,14.0
65,R36,2.0
65,R37,0.0
65,R38,0.0
65,R39,1038592.0
65,R40,623156.0
65,R41,1079.0
65,R42,32372.0
65,R43,389472.0
65,R44,4.0
65,R45,129.0
65,R46,4.0
65,R47,192.0
65,R48,10386.0
65,R49,12948.0
65,R50,934732.0
65,R51,285613.0
65,R52,103860.0
65,R53,4.0
65,R54,12983.0
65,R55,120.0
65,R56,250.0
66,R1,5727630.0
66,R2,2004671.0
66,R3,1718289.0
66,R4,458210.0
66,R5,28638150.0
66,R6,85914450.0
66,R7,11455260.0
66,R8,34449.0
66,R9,45931.0
66,R10,2195592.0
66,R11,1813749.0
66,R12,1200.0
66,R13,840.0
66,R14,1910.0
66,R15,322.0
66,R16,764.0
66,R17,57276.0
66,R18,76368.0
66,R19,477379.0
66,R20,38184.0
66,R21,1321.0
66,R22,478.0
66,R23,1527.0
66,R24,704.0
66,R25,1910.0
66,R26,194.0
66,R27,14.0
66,R28,32.0
66,R29,449.0
66,R30,696.0
66,R31,144.0
66,R32,246.0
66,R33,16.0
66,R34,556.0
66,R35,140.0
66,R36,90.0
66,R37,0.0
66,R38,6.0
66,R39,3818420.0
66,R40,2291052.0
66,R41,3828.0
66,R42,114925.0
66,R43,1431907.0
66,R44,376.0
66,R45,660.0
66,R46,48.0
66,R47,789.0
66,R48,38184.0
66,R49,46019.0
66,R50,3436578.0
66,R51,1050066.0
66,R52,381842.0
66,R53,30.0
66,R54,47730.0
66,R55,435.0
66,R56,979.0
67,R1,9893412.0
67,R2,3462694.0
67,R3,2968024.0
67,R4,791472.0
67,R5,49467060.0
67,R6,148401180.0
67,R7,19786824.0
67,R8,55544.0
67,R9,74059.0
67,R10,3792474.0
67,R11,3132914.0
67,R12,1200.0
67,R13,840.0
67,R14,3298.0
67,R15,490.0
67,R16,1320.0
67,R17,98934.0
67,R18,131912.0
67,R19,824452.0
67,R20,65956.0
67,R21,2198.0
67,R22,829.0
67,R23,2638.0
67,R24,1154.0
67,R25,3298.0
67,R26,306.0
67,R27,13.0
67,R28,12.0
67,R29,726.0
67,R30,1165.0
67,R31,258.0
67,R32,67.0
67,R33,32.0
67,R34,432.0
67,R35,266.0
67,R36,198.0
67,R37,142.0
67,R38,8.0
67,R39,6595608.0
67,R40,3957364.0
67,R41,6171.0
67,R42,185149.0
67,R43,2473352.0
67,R44,28.0
67,R45,726.0
67,R46,20.0
67,R47,1129.0
67,R48,65956.0
67,R49,74059.0
67,R50,5936048.0
67,R51,1813792.0
67,R52,659560.0
67,R53,36.0
67,R54,82446.0
67,R55,742.0
67,R56,1550.0
68,R1,11342532.0
68,R2,3969886.0
68,R3,3402760.0
68,R4,907403.0
68,R5,56712660.0
68,R6,170137980.0
68,R7,22685064.0
68,R8,60858.0
68,R9,81144.0
68,R10,4347970.0
68,R11,3591802.0
68,R12,1200.0
68,R13,840.0
68,R14,3780.0
68,R15,551.0
68,R16,1512.0
68,R17,113426.0
68,R18,151234.0
68,R19,945212.0
68,R20,75617.0
68,R21,2532.0
68,R22,951.0
68,R23,3024.0
68,R24,1372.0
68,R25,3780.0
68,R26,369.0
68,R27,16.0
68,R28,56.0
68,R29,829.0
68,R30,1325.0
68,R31,284.0
68,R32,209.0
68,R33,8.0
68,R34,756.0
68,R35,269.0
68,R36,58.0
68,R37,1.0
68,R38,18.0
68,R39,7561688.0
68,R40,4537013.0
68,R41,6762.0
68,R42,202862.0
68,R43,2835632.0
68,R44,259.0
68,R45,1010.0
68,R46,90.0
68,R47,1387.0
68,R48,75617.0
68,R49,81144.0
68,R50,6805519.0
68,R51,2079464.0
68,R52,756169.0
68,R53,78.0
68,R54,94521.0
68,R55,844.0
68,R56,1827.0
69,R1,3367758.0
69,R2,1178716.0
69,R3,1010401.0
69,R4,269420.0
69,R5,16838790.0
69,R6,50516370.0
69,R7,6735516.0
69,R8,21080.0
69,R9,28105.0
69,R10,1290973.0
69,R11,1066456.0
69,R12,1200.0
69,R13,840.0
69,R14,1122.0
69,R15,254.0
69,R16,449.0
69,R17,33678.0
69,R18,44946.0
69,R19,280647.0
69,R20,22452.0
69,R21,820.0
69,R22,328.0
69,R23,898.0
69,R24,540.0
69,R25,1155.0
69,R26,139.0
69,R27,4.0
69,R28,14.0
69,R29,264.0
69,R30,496.0
69,R31,90.0
69,R32,179.0
69,R33,1.0
69,R34,512.0
69,R35,56.0
69,R36,18.0
69,R37,0.0
69,R38,97.0
69,R39,2245172.0
69,R40,1347104.0
69,R41,2343.0
69,R42,70333.0
69,R43,841939.0
69,R44,100.0
69,R45,954.0
69,R46,28.0
69,R47,512.0
69,R48,22452.0
69,R49,28105.0
69,R50,2020654.0
69,R51,617422.0
69,R52,224518.0
69,R53,6.0
69,R54,28128.0
69,R55,277.0
69,R56,682.0
7,R1,3698610.0
7,R2,1294514.0
7,R3,1109584.0
7,R4,295888.0
7,R5,18493050.0
7,R6,55479150.0
7,R7,7397220.0
7,R8,21525.0
7,R9,28700.0
7,R10,1417800.0
7,R11,1171226.0
7,R12,1086.88
7,R13,703.44
7,R14,1233.0
7,R15,171.0
7,R16,494.0
7,R17,36986.0
7,R18,49315.0
7,R19,308217.0
7,R20,24657.0
7,R21,824.0
7,R22,320.0
7,R23,986.0
7,R24,456.0
7,R25,1233.0
7,R26,133.0
7,R27,8.0
7,R28,6.0
7,R29,291.0
7,R30,452.0
7,R31,43.0
7,R32,23.0
7,R33,6.0
7,R34,152.0
7,R35,20.0
7,R36,6.0
7,R37,0.0
7,R38,4.0
7,R39,2465740.0
7,R40,1479444.0
7,R41,2392.0
7,R42,71750.0
7,R43,924653.0
7,R44,10.0
7,R45,291.0
7,R46,12.0
7,R47,430.0
7,R48,24657.0
7,R49,28700.0
7,R50,2219166.0
7,R51,678078.0
7,R52,246574.0
7,R53,40.0
7,R54,30822.0
7,R55,288.0
7,R56,579.0
70,R1,6770100.0
70,R2,2369536.0
70,R3,2031030.0
70,R4,541608.0
70,R5,33850500.0
70,R6,101551500.0
70,R7,13540200.0
70,R8,40380.0
70,R9,53840.0
70,R10,2595204.0
70,R11,2143864.0
70,R12,1200.0
70,R13,840.0
70,R14,2257.0
70,R15,366.0
70,R16,902.0
70,R17,67700.0
70,R18,90268.0
70,R19,564176.0
70,R20,45134.0
70,R21,1504.0
70,R22,564.0
70,R23,1806.0
70,R24,790.0
70,R25,2257.0
70,R26,301.0
70,R27,10.0
70,R28,4.0
70,R29,540.0
70,R30,783.0
70,R31,144.0
70,R32,45.0
70,R33,39.0
70,R34,424.0
70,R35,200.0
70,R36,78.0
70,R37,0.0
70,R38,32.0
70,R39,4513400.0
70,R40,2708040.0
70,R41,4486.0
70,R42,134601.0
70,R43,1692524.0
70,R44,18.0
70,R45,524.0
70,R46,6.0
70,R47,771.0
70,R48,45134.0
70,R49,53840.0
70,R50,4062060.0
70,R51,1241185.0
70,R52,451340.0
70,R53,12.0
70,R54,56417.0
70,R55,503.0
70,R56,1039.0
71,R1,7285230.0
71,R2,2549830.0
71,R3,2185568.0
71,R4,582818.0
71,R5,36426150.0
71,R6,109278450.0
71,R7,14570460.0
71,R8,42376.0
71,R9,56502.0
71,R10,2792671.0
71,R11,2306990.0
71,R12,1200.0
71,R13,840.0
71,R14,2428.0
71,R15,398.0
71,R16,972.0
71,R17,72852.0
71,R18,97136.0
71,R19,607102.0
71,R20,48569.0
71,R21,1654.0
71,R22,607.0
71,R23,1942.0
71,R24,897.0
71,R25,2428.0
71,R26,194.0
71,R27,10.0
71,R28,28.0
71,R29,515.0
71,R30,810.0
71,R31,146.0
71,R32,168.0
71,R33,28.0
71,R34,614.0
71,R35,190.0
71,R36,118.0
71,R37,0.0
71,R38,8.0
71,R39,4856820.0
71,R40,2914092.0
71,R41,4709.0
71,R42,141254.0
71,R43,1821308.0
71,R44,195.0
71,R45,696.0
71,R46,48.0
71,R47,930.0
71,R48,48569.0
71,R49,56502.0
71,R50,4371138.0
71,R51,1335626.0
71,R52,485682.0
71,R53,28.0
71,R54,60710.0
71,R55,540.0
71,R56,1164.0
72,R1,5787930.0
72,R2,2025775.0
72,R3,1736379.0
72,R4,463034.0
72,R5,28939650.0
72,R6,86818950.0
72,R7,11575860.0
72,R8,33866.0
72,R9,45154.0
72,R10,2218706.0
72,R11,1832844.0
72,R12,1200.0
72,R13,840.0
72,R14,1929.0
72,R15,346.0
72,R16,772.0
72,R17,57880.0
72,R18,77172.0
72,R19,482328.0
72,R20,38586.0
72,R21,1322.0
72,R22,482.0
72,R23,1543.0
72,R24,736.0
72,R25,1929.0
72,R26,211.0
72,R27,8.0
72,R28,28.0
72,R29,424.0
72,R30,681.0
72,R31,128.0
72,R32,172.0
72,R33,2.0
72,R34,529.0
72,R35,120.0
72,R36,34.0
72,R37,0.0
72,R38,6.0
72,R39,3858620.0
72,R40,2315172.0
72,R41,3762.0
72,R42,112886.0
72,R43,1446982.0
72,R44,160.0
72,R45,577.0
72,R46,48.0
72,R47,757.0
72,R48,38586.0
72,R49,45154.0
72,R50,3472758.0
72,R51,1061121.0
72,R52,385862.0
72,R53,39.0
72,R54,48233.0
72,R55,430.0
72,R56,975.0
73,R1,6445824.0
73,R2,2256039.0
73,R3,1933748.0
73,R4,515666.0
73,R5,32229120.0
73,R6,96687360.0
73,R7,12891648.0
73,R8,36770.0
73,R9,49026.0
73,R10,2470900.0
73,R11,2041177.0
73,R12,1200.0
73,R13,840.0
73,R14,2148.0
73,R15,376.0
73,R16,859.0
73,R17,64458.0
73,R18,85944.0
73,R19,537152.0
73,R20,42972.0
73,R21,1432.0
73,R22,538.0
73,R23,1719.0
73,R24,764.0
73,R25,2189.0
73,R26,219.0
73,R27,8.0
73,R28,28.0
73,R29,463.0
73,R30,847.0
73,R31,142.0
73,R32,157.0
73,R33,4.0
73,R34,509.0
73,R35,92.0
73,R36,76.0
73,R37,0.0
73,R38,18.0
73,R39,4297216.0
73,R40,2578330.0
73,R41,4086.0
73,R42,122642.0
73,R43,1611456.0
73,R44,134.0
73,R45,657.0
73,R46,34.0
73,R47,812.0
73,R48,42972.0
73,R49,49026.0
73,R50,3867494.0
73,R51,1181734.0
73,R52,429722.0
73,R53,35.0
73,R54,53793.0
73,R55,498.0
73,R56,1109.0
74,R1,9031944.0
74,R2,3161180.0
74,R3,2709584.0
74,R4,722555.0
74,R5,45159720.0
74,R6,135479160.0
74,R7,18063888.0
74,R8,52575.0
74,R9,70100.0
74,R10,3462245.0
74,R11,2860116.0
74,R12,1200.0
74,R13,840.0
74,R14,3011.0
74,R15,454.0
74,R16,1204.0
74,R17,90319.0
74,R18,120426.0
74,R19,752661.0
74,R20,60212.0
74,R21,2007.0
74,R22,753.0
74,R23,2408.0
74,R24,1066.0
74,R25,3011.0
74,R26,295.0
74,R27,12.0
74,R28,6.0
74,R29,647.0
74,R30,1176.0
74,R31,155.0
74,R32,136.0
74,R33,4.0
74,R34,415.0
74,R35,96.0
74,R36,34.0
74,R37,1.0
74,R38,8.0
74,R39,6021296.0
74,R40,3612778.0
74,R41,5842.0
74,R42,175250.0
74,R43,2257987.0
74,R44,26.0
74,R45,602.0
74,R46,8.0
74,R47,1027.0
74,R48,60212.0
74,R49,70100.0
74,R50,5419166.0
74,R51,1655857.0
74,R52,602130.0
74,R53,17.0
74,R54,75266.0
74,R55,679.0
74,R56,1385.0
75,R1,7232622.0
75,R2,2531418.0
75,R3,2169928.0
75,R4,578609.0
75,R5,36163110.0
75,R6,108489330.0
75,R7,14465244.0
75,R8,42416.0
75,R9,56554.0
75,R10,2772506.0
75,R11,2290330.0
75,R12,1200.0
75,R13,840.0
75,R14,2410.0
75,R15,391.0
75,R16,970.0
75,R17,72327.0
75,R18,96676.0
75,R19,602823.0
75,R20,48218.0
75,R21,1644.0
75,R22,615.0
75,R23,1928.0
75,R24,996.0
75,R25,2410.0
75,R26,354.0
75,R27,21.0
75,R28,28.0
75,R29,588.0
75,R30,835.0
75,R31,146.0
75,R32,196.0
75,R33,28.0
75,R34,819.0
75,R35,211.0
75,R36,28.0
75,R37,0.0
75,R38,8.0
75,R39,4821748.0
75,R40,2893048.0
75,R41,4713.0
75,R42,141384.0
75,R43,1808156.0
75,R44,146.0
75,R45,744.0
75,R46,49.0
75,R47,950.0
75,R48,48218.0
75,R49,56554.0
75,R50,4339574.0
75,R51,1325981.0
75,R52,482174.0
75,R53,14.0
75,R54,60272.0
75,R55,542.0
75,R56,1213.0
76,R1,8700006.0
76,R2,3045002.0
76,R3,2610002.0
76,R4,696000.0
76,R5,43500030.0
76,R6,130500090.0
76,R7,17400012.0
76,R8,49991.0
76,R9,66654.0
76,R10,3335003.0
76,R11,2755002.0
76,R12,1200.0
76,R13,840.0
76,R14,2900.0
76,R15,411.0
76,R16,1160.0
76,R17,87000.0
76,R18,116000.0
76,R19,725000.0
76,R20,58000.0
76,R21,1933.0
76,R22,725.0
76,R23,2320.0
76,R24,1016.0
76,R25,2900.0
76,R26,341.0
76,R27,12.0
76,R28,6.0
76,R29,643.0
76,R30,987.0
76,R31,156.0
76,R32,53.0
76,R33,22.0
76,R34,416.0
76,R35,129.0
76,R36,30.0
76,R37,1.0
76,R38,7.0
76,R39,5800004.0
76,R40,3480002.0
76,R41,5555.0
76,R42,166636.0
76,R43,2175002.0
76,R44,24.0
76,R45,628.0
76,R46,8.0
76,R47,978.0
76,R48,58000.0
76,R49,66654.0
76,R50,5220004.0
76,R51,1595001.0
76,R52,580000.0
76,R53,17.0
76,R54,72500.0
76,R55,644.0
76,R56,1326.0
77,R1,8004912.0
77,R2,2801719.0
77,R3,2401474.0
77,R4,640393.0
77,R5,40024560.0
77,R6,120073680.0
77,R7,16009824.0
77,R8,44952.0
77,R9,59936.0
77,R10,3068549.0
77,R11,2534889.0
77,R12,1200.0
77,R13,840.0
77,R14,2669.0
77,R15,430.0
77,R16,1067.0
77,R17,80049.0
77,R18,106732.0
77,R19,667076.0
77,R20,53366.0
77,R21,1779.0
77,R22,667.0
77,R23,2134.0
77,R24,934.0
77,R25,2669.0
77,R26,394.0
77,R27,10.0
77,R28,6.0
77,R29,641.0
77,R30,936.0
77,R31,189.0
77,R32,52.0
77,R33,21.0
77,R34,513.0
77,R35,150.0
77,R36,30.0
77,R37,1.0
77,R38,24.0
77,R39,5336608.0
77,R40,3201965.0
77,R41,4995.0
77,R42,149841.0
77,R43,2001228.0
77,R44,347.0
77,R45,611.0
77,R46,8.0
77,R47,912.0
77,R48,53366.0
77,R49,59936.0
77,R50,4802947.0
77,R51,1467568.0
77,R52,533661.0
77,R53,31.0
77,R54,66708.0
77,R55,597.0
77,R56,1227.0
78,R1,5652066.0
78,R2,1978223.0
78,R3,1695620.0
78,R4,452166.0
78,R5,28260330.0
78,R6,84780990.0
78,R7,11304132.0
78,R8,32514.0
78,R9,43352.0
78,R10,2166625.0
78,R11,1789821.0
78,R12,1200.0
78,R13,840.0
78,R14,1884.0
78,R15,319.0
78,R16,754.0
78,R17,56521.0
78,R18,75527.0
78,R19,471006.0
78,R20,37680.0
78,R21,1292.0
78,R22,472.0
78,R23,1508.0
78,R24,753.0
78,R25,1884.0
78,R26,196.0
78,R27,8.0
78,R28,28.0
78,R29,407.0
78,R30,659.0
78,R31,120.0
78,R32,156.0
78,R33,2.0
78,R34,488.0
78,R35,112.0
78,R36,20.0
78,R37,19.0
78,R38,4.0
78,R39,3768044.0
78,R40,2260827.0
78,R41,3612.0
78,R42,108382.0
78,R43,1413016.0
78,R44,183.0
78,R45,586.0
78,R46,42.0
78,R47,743.0
78,R48,37680.0
78,R49,43352.0
78,R50,3391239.0
78,R51,1036212.0
78,R52,376805.0
78,R53,10.0
78,R54,47101.0
78,R55,420.0
78,R56,962.0
79,R1,7771134.0
79,R2,2719896.0
79,R3,2331340.0
79,R4,621691.0
79,R5,38855670.0
79,R6,116567010.0
79,R7,15542268.0
79,R8,44383.0
79,R9,59177.0
79,R10,2978934.0
79,R11,2460860.0
79,R12,1200.0
79,R13,840.0
79,R14,2590.0
79,R15,390.0
79,R16,1036.0
79,R17,77711.0
79,R18,103811.0
79,R19,647679.0
79,R20,51808.0
79,R21,1727.0
79,R22,652.0
79,R23,2072.0
79,R24,972.0
79,R25,2590.0
79,R26,316.0
79,R27,21.0
79,R28,42.0
79,R29,590.0
79,R30,889.0
79,R31,162.0
79,R32,213.0
79,R33,39.0
79,R34,692.0
79,R35,245.0
79,R36,74.0
79,R37,1.0
79,R38,6.0
79,R39,5180756.0
79,R40,3108454.0
79,R41,4932.0
79,R42,147942.0
79,R43,1942784.0
79,R44,142.0
79,R45,750.0
79,R46,50.0
79,R47,972.0
79,R48,51808.0
79,R49,59177.0
79,R50,4662680.0
79,R51,1424708.0
79,R52,518076.0
79,R53,14.0
79,R54,64760.0
79,R55,576.0
79,R56,1236.0
8,R1,6048234.0
8,R2,2116882.0
8,R3,1814470.0
8,R4,483858.0
8,R5,30241170.0
8,R6,90723510.0
8,R7,12096468.0
8,R8,27474.0
8,R9,36633.0
8,R10,2318490.0
8,R11,1915274.0
8,R12,1200.0
8,R13,778.32
8,R14,2016.0
8,R15,290.0
8,R16,806.0
8,R17,60482.0
8,R18,80644.0
8,R19,504020.0
8,R20,40322.0
8,R21,1344.0
8,R22,504.0
8,R23,1612.0
8,R24,706.0
8,R25,2059.0
8,R26,162.0
8,R27,14.0
8,R28,8.0
8,R29,430.0
8,R30,815.0
8,R31,56.0
8,R32,57.0
8,R33,6.0
8,R34,202.0
8,R35,16.0
8,R36,22.0
8,R37,0.0
8,R38,2.0
8,R39,4032156.0
8,R40,2419521.0
8,R41,3052.0
8,R42,91645.0
8,R43,1512058.0
8,R44,32.0
8,R45,498.0
8,R46,12.0
8,R47,688.0
8,R48,40322.0
8,R49,36633.0
8,R50,3628940.0
8,R51,1109057.0
8,R52,403216.0
8,R53,32.0
8,R54,50481.0
8,R55,472.0
8,R56,928.0
80,R1,10463586.0
80,R2,3662255.0
80,R3,3139076.0
80,R4,837086.0
80,R5,52317930.0
80,R6,156953790.0
80,R7,20927172.0
80,R8,60410.0
80,R9,80546.0
80,R10,4011041.0
80,R11,3313469.0
80,R12,1200.0
80,R13,840.0
80,R14,3487.0
80,R15,514.0
80,R16,1395.0
80,R17,104636.0
80,R18,139515.0
80,R19,871966.0
80,R20,69758.0
80,R21,2362.0
80,R22,880.0
80,R23,2790.0
80,R24,1293.0
80,R25,3487.0
80,R26,351.0
80,R27,28.0
80,R28,42.0
80,R29,740.0
80,R30,1162.0
80,R31,108.0
80,R32,251.0
80,R33,28.0
80,R34,792.0
80,R35,315.0
80,R36,20.0
80,R37,1.0
80,R38,35.0
80,R39,6975724.0
80,R40,4185435.0
80,R41,6713.0
80,R42,201364.0
80,R43,2615896.0
80,R44,216.0
80,R45,996.0
80,R46,70.0
80,R47,1258.0
80,R48,69758.0
80,R49,80546.0
80,R50,6278151.0
80,R51,1918324.0
80,R52,697573.0
80,R53,20.0
80,R54,87196.0
80,R55,776.0
80,R56,1664.0
81,R1,9806670.0
81,R2,3432334.0
81,R3,2942001.0
81,R4,784534.0
81,R5,49033350.0
81,R6,147100050.0
81,R7,19613340.0
81,R8,56048.0
81,R9,74731.0
81,R10,3759223.0
81,R11,3105446.0
81,R12,1200.0
81,R13,840.0
81,R14,3268.0
81,R15,486.0
81,R16,1308.0
81,R17,98067.0
81,R18,131010.0
81,R19,817332.0
81,R20,65377.0
81,R21,2179.0
81,R22,817.0
81,R23,2615.0
81,R24,1213.0
81,R25,3268.0
81,R26,317.0
81,R27,23.0
81,R28,7.0
81,R29,676.0
81,R30,1120.0
81,R31,117.0
81,R32,49.0
81,R33,4.0
81,R34,434.0
81,R35,111.0
81,R36,34.0
81,R37,6.0
81,R38,8.0
81,R39,6537780.0
81,R40,3922668.0
81,R41,6227.0
81,R42,186828.0
81,R43,2451668.0
81,R44,28.0
81,R45,662.0
81,R46,10.0
81,R47,1105.0
81,R48,65377.0
81,R49,74731.0
81,R50,5884002.0
81,R51,1797890.0
81,R52,653778.0
81,R53,35.0
81,R54,81722.0
81,R55,726.0
81,R56,1498.0
82,R1,6367224.0
82,R2,2228528.0
82,R3,1910168.0
82,R4,509378.0
82,R5,31836120.0
82,R6,95508360.0
82,R7,12734448.0
82,R8,37257.0
82,R9,49678.0
82,R10,2440770.0
82,R11,2016288.0
82,R12,1200.0
82,R13,840.0
82,R14,2122.0
82,R15,326.0
82,R16,848.0
82,R17,63672.0
82,R18,84897.0
82,R19,530602.0
82,R20,42448.0
82,R21,1414.0
82,R22,531.0
82,R23,1698.0
82,R24,754.0
82,R25,2122.0
82,R26,228.0
82,R27,12.0
82,R28,28.0
82,R29,453.0
82,R30,741.0
82,R31,110.0
82,R32,128.0
82,R33,3.0
82,R34,471.0
82,R35,98.0
82,R36,20.0
82,R37,0.0
82,R38,6.0
82,R39,4244816.0
82,R40,2546890.0
82,R41,4139.0
82,R42,124192.0
82,R43,1591806.0
82,R44,102.0
82,R45,588.0
82,R46,30.0
82,R47,815.0
82,R48,42448.0
82,R49,49678.0
82,R50,3820334.0
82,R51,1167324.0
82,R52,424482.0
82,R53,20.0
82,R54,53060.0
82,R55,472.0
82,R56,1007.0
83,R1,5750430.0
83,R2,2012650.0
83,R3,1725128.0
83,R4,460034.0
83,R5,28752150.0
83,R6,86256450.0
83,R7,11500860.0
83,R8,33360.0
83,R9,44480.0
83,R10,2204332.0
83,R11,1820970.0
83,R12,1200.0
83,R13,840.0
83,R14,1916.0
83,R15,377.0
83,R16,766.0
83,R17,57504.0
83,R18,76673.0
83,R19,479202.0
83,R20,38336.0
83,R21,1278.0
83,R22,480.0
83,R23,1534.0
83,R24,670.0
83,R25,1963.0
83,R26,153.0
83,R27,8.0
83,R28,3.0
83,R29,384.0
83,R30,757.0
83,R31,128.0
83,R32,38.0
83,R33,4.0
83,R34,318.0
83,R35,56.0
83,R36,20.0
83,R37,0.0
83,R38,2.0
83,R39,3833620.0
83,R40,2300172.0
83,R41,3706.0
83,R42,111291.0
83,R43,1437608.0
83,R44,32.0
83,R45,456.0
83,R46,6.0
83,R47,638.0
83,R48,38336.0
83,R49,44480.0
83,R50,3450258.0
83,R51,1054245.0
83,R52,383362.0
83,R53,10.0
83,R54,48069.0
83,R55,451.0
83,R56,944.0
84,R1,5532528.0
84,R2,1936385.0
84,R3,1659759.0
84,R4,442602.0
84,R5,27662640.0
84,R6,82987920.0
84,R7,11065056.0
84,R8,30908.0
84,R9,41211.0
84,R10,2120802.0
84,R11,1751967.0
84,R12,1193.44
84,R13,756.72
84,R14,1844.0
84,R15,386.0
84,R16,738.0
84,R17,55326.0
84,R18,73767.0
84,R19,461044.0
84,R20,36884.0
84,R21,1290.0
84,R22,497.0
84,R23,1475.0
84,R24,729.0
84,R25,1896.0
84,R26,215.0
84,R27,8.0
84,R28,28.0
84,R29,410.0
84,R30,785.0
84,R31,144.0
84,R32,165.0
84,R33,16.0
84,R34,622.0
84,R35,168.0
84,R36,90.0
84,R37,0.0
84,R38,4.0
84,R39,3688352.0
84,R40,2213012.0
84,R41,3434.0
84,R42,103028.0
84,R43,1383132.0
84,R44,128.0
84,R45,730.0
84,R46,35.0
84,R47,760.0
84,R48,36884.0
84,R49,41211.0
84,R50,3319516.0
84,R51,1014296.0
84,R52,368836.0
84,R53,20.0
84,R54,46202.0
84,R55,464.0
84,R56,1035.0
85,R1,5401992.0
85,R2,1890698.0
85,R3,1620598.0
85,R4,432159.0
85,R5,27009960.0
85,R6,81029880.0
85,R7,10803984.0
85,R8,32048.0
85,R9,42730.0
85,R10,2070763.0
85,R11,1710630.0
85,R12,1200.0
85,R13,840.0
85,R14,1800.0
85,R15,322.0
85,R16,720.0
85,R17,54020.0
85,R18,72026.0
85,R19,450167.0
85,R20,36014.0
85,R21,1201.0
85,R22,458.0
85,R23,1441.0
85,R24,630.0
85,R25,1800.0
85,R26,266.0
85,R27,16.0
85,R28,3.0
85,R29,479.0
85,R30,637.0
85,R31,122.0
85,R32,36.0
85,R33,26.0
85,R34,360.0
85,R35,192.0
85,R36,101.0
85,R37,0.0
85,R38,6.0
85,R39,3601328.0
85,R40,2160796.0
85,R41,3560.0
85,R42,106826.0
85,R43,1350497.0
85,R44,16.0
85,R45,480.0
85,R46,12.0
85,R47,618.0
85,R48,36014.0
85,R49,42730.0
85,R50,3241196.0
85,R51,990366.0
85,R52,360132.0
85,R53,38.0
85,R54,45017.0
85,R55,404.0
85,R56,832.0
86,R1,9086592.0
86,R2,3180308.0
86,R3,2725978.0
86,R4,726928.0
86,R5,45432960.0
86,R6,136298880.0
86,R7,18173184.0
86,R8,58758.0
86,R9,78342.0
86,R10,3483194.0
86,R11,2877420.0
86,R12,1200.0
86,R13,840.0
86,R14,3028.0
86,R15,438.0
86,R16,1212.0
86,R17,90866.0
86,R18,121154.0
86,R19,757216.0
86,R20,60578.0
86,R21,2020.0
86,R22,762.0
86,R23,2424.0
86,R24,1060.0
86,R25,3028.0
86,R26,372.0
86,R27,20.0
86,R28,6.0
86,R29,664.0
86,R30,1038.0
86,R31,100.0
86,R32,50.0
86,R33,22.0
86,R34,416.0
86,R35,180.0
86,R36,30.0
86,R37,1.0
86,R38,25.0
86,R39,6057728.0
86,R40,3634637.0
86,R41,6529.0
86,R42,195856.0
86,R43,2271648.0
86,R44,26.0
86,R45,669.0
86,R46,8.0
86,R47,1019.0
86,R48,60578.0
86,R49,78342.0
86,R50,5451955.0
86,R51,1665875.0
86,R52,605773.0
86,R53,26.0
86,R54,75721.0
86,R55,674.0
86,R56,1379.0
87,R1,6535578.0
87,R2,2287452.0
87,R3,1960673.0
87,R4,522846.0
87,R5,32677890.0
87,R6,98033670.0
87,R7,13071156.0
87,R8,28850.0
87,R9,38468.0
87,R10,2505305.0
87,R11,2069600.0
87,R12,1124.88
87,R13,722.4
87,R14,2178.0
87,R15,357.0
87,R16,872.0
87,R17,65356.0
87,R18,87141.0
87,R19,544631.0
87,R20,43570.0
87,R21,1452.0
87,R22,544.0
87,R23,1742.0
87,R24,786.0
87,R25,2178.0
87,R26,174.0
87,R27,17.0
87,R28,396.0
87,R29,439.0
87,R30,726.0
87,R31,102.0
87,R32,22.0
87,R33,2.0
87,R34,368.0
87,R35,64.0
87,R36,12.0
87,R37,0.0
87,R38,2.0
87,R39,4357052.0
87,R40,2614231.0
87,R41,3206.0
87,R42,96168.0
87,R43,1633895.0
87,R44,18.0
87,R45,438.0
87,R46,6.0
87,R47,726.0
87,R48,43570.0
87,R49,38468.0
87,R50,3921347.0
87,R51,1198189.0
87,R52,435705.0
87,R53,12.0
87,R54,54464.0
87,R55,484.0
87,R56,990.0
88,R1,10858398.0
88,R2,3800440.0
88,R3,3257520.0
88,R4,868672.0
88,R5,54291990.0
88,R6,162875970.0
88,R7,21716796.0
88,R8,64606.0
88,R9,86140.0
88,R10,4162386.0
88,R11,3438492.0
88,R12,1200.0
88,R13,840.0
88,R14,3620.0
88,R15,530.0
88,R16,1448.0
88,R17,108584.0
88,R18,144778.0
88,R19,904867.0
88,R20,72390.0
88,R21,2412.0
88,R22,905.0
88,R23,2896.0
88,R24,1267.0
88,R25,3620.0
88,R26,345.0
88,R27,14.0
88,R28,8.0
88,R29,753.0
88,R30,1244.0
88,R31,221.0
88,R32,157.0
88,R33,4.0
88,R34,470.0
88,R35,110.0
88,R36,38.0
88,R37,6.0
88,R38,8.0
88,R39,7238932.0
88,R40,4343360.0
88,R41,7179.0
88,R42,215352.0
88,R43,2714599.0
88,R44,30.0
88,R45,732.0
88,R46,10.0
88,R47,1223.0
88,R48,72390.0
88,R49,86140.0
88,R50,6515038.0
88,R51,1990706.0
88,R52,723894.0
88,R53,40.0
88,R54,90486.0
88,R55,804.0
88,R56,1656.0
89,R1,6256248.0
89,R2,2189686.0
89,R3,1876875.0
89,R4,500500.0
89,R5,31281240.0
89,R6,93843720.0
89,R7,12512496.0
89,R8,30808.0
89,R9,41078.0
89,R10,2398229.0
89,R11,1981146.0
89,R12,1200.0
89,R13,840.0
89,R14,2086.0
89,R15,363.0
89,R16,834.0
89,R17,62562.0
89,R18,83618.0
89,R19,521441.0
89,R20,41708.0
89,R21,1390.0
89,R22,522.0
89,R23,1668.0
89,R24,784.0
89,R25,2086.0
89,R26,213.0
89,R27,8.0
89,R28,4.0
89,R29,452.0
89,R30,721.0
89,R31,144.0
89,R32,40.0
89,R33,2.0
89,R34,391.0
89,R35,64.0
89,R36,22.0
89,R37,0.0
89,R38,16.0
89,R39,4170832.0
89,R40,2502500.0
89,R41,3424.0
89,R42,102694.0
89,R43,1564062.0
89,R44,18.0
89,R45,417.0
89,R46,6.0
89,R47,714.0
89,R48,41708.0
89,R49,41078.0
89,R50,3753748.0
89,R51,1146978.0
89,R52,417084.0
89,R53,11.0
89,R54,52136.0
89,R55,470.0
89,R56,962.0
9,R1,2353392.0
9,R2,823688.0
9,R3,706018.0
9,R4,188272.0
9,R5,11766960.0
9,R6,35300880.0
9,R7,4706784.0
9,R8,10510.0
9,R9,14014.0
9,R10,902134.0
9,R11,745240.0
9,R12,953.6
9,R13,636.8000000000001
9,R14,784.0
9,R15,98.0
9,R16,314.0
9,R17,23534.0
9,R18,31378.0
9,R19,196116.0
9,R20,15689.0
9,R21,523.0
9,R22,204.0
9,R23,627.0
9,R24,274.0
9,R25,784.0
9,R26,74.0
9,R27,24.0
9,R28,4.0
9,R29,190.0
9,R30,297.0
9,R31,14.0
9,R32,8.0
9,R33,0.0
9,R34,79.0
9,R35,21.0
9,R36,4.0
9,R37,0.0
9,R38,1.0
9,R39,1568928.0
9,R40,941356.0
9,R41,1168.0
9,R42,35035.0
9,R43,588348.0
9,R44,7.0
9,R45,191.0
9,R46,4.0
9,R47,291.0
9,R48,15689.0
9,R49,14014.0
9,R50,1412036.0
9,R51,431456.0
9,R52,156892.0
9,R53,8.0
9,R54,19612.0
9,R55,183.0
9,R56,373.0
90,R1,21939234.0
90,R2,7678732.0
90,R3,6581770.0
90,R4,1755138.0
90,R5,109696170.0
90,R6,329088510.0
90,R7,43878468.0
90,R8,132526.0
90,R9,176700.0
90,R10,8410039.0
90,R11,6947424.0
90,R12,1200.0
90,R13,840.0
90,R14,7314.0
90,R15,914.0
90,R16,2926.0
90,R17,219392.0
90,R18,292524.0
90,R19,1828270.0
90,R20,146262.0
90,R21,4876.0
90,R22,1828.0
90,R23,5850.0
90,R24,2560.0
90,R25,7314.0
90,R26,621.0
90,R27,63.0
90,R28,74.0
90,R29,1489.0
90,R30,2460.0
90,R31,119.0
90,R32,307.0
90,R33,9.0
90,R34,869.0
90,R35,173.0
90,R36,67.0
90,R37,16.0
90,R38,18.0
90,R39,14626156.0
90,R40,8775694.0
90,R41,14726.0
90,R42,441752.0
90,R43,5484808.0
90,R44,271.0
90,R45,1613.0
90,R46,125.0
90,R47,2520.0
90,R48,146262.0
90,R49,176700.0
90,R50,13163540.0
90,R51,4022193.0
90,R52,1462616.0
90,R53,40.0
90,R54,182827.0
90,R55,1626.0
90,R56,3368.0
91,R1,5327868.0
91,R2,1864754.0
91,R3,1598360.0
91,R4,426230.0
91,R5,26639340.0
91,R6,79918020.0
91,R7,10655736.0
91,R8,32408.0
91,R9,43210.0
91,R10,2042350.0
91,R11,1687158.0
91,R12,852.96
91,R13,586.48
91,R14,1776.0
91,R15,222.0
91,R16,710.0
91,R17,53278.0
91,R18,71038.0
91,R19,443988.0
91,R20,35520.0
91,R21,1196.0
91,R22,444.0
91,R23,1420.0
91,R24,670.0
91,R25,1776.0
91,R26,180.0
91,R27,13.0
91,R28,28.0
91,R29,385.0
91,R30,621.0
91,R31,39.0
91,R32,130.0
91,R33,2.0
91,R34,382.0
91,R35,63.0
91,R36,18.0
91,R37,0.0
91,R38,4.0
91,R39,3551912.0
91,R40,2131147.0
91,R41,3600.0
91,R42,108027.0
91,R43,1331968.0
91,R44,86.0
91,R45,524.0
91,R46,43.0
91,R47,708.0
91,R48,35520.0
91,R49,43210.0
91,R50,3196721.0
91,R51,976776.0
91,R52,355191.0
91,R53,10.0
91,R54,44399.0
91,R55,394.0
91,R56,856.0
92,R1,13449744.0
92,R2,4707410.0
92,R3,4034923.0
92,R4,1075979.0
92,R5,67248720.0
92,R6,201746160.0
92,R7,26899488.0
92,R8,73102.0
92,R9,97470.0
92,R10,5155736.0
92,R11,4259086.0
92,R12,863.04
92,R13,591.52
92,R14,4484.0
92,R15,561.0
92,R16,1794.0
92,R17,134498.0
92,R18,179330.0
92,R19,1120812.0
92,R20,89665.0
92,R21,2988.0
92,R22,1120.0
92,R23,3586.0
92,R24,1570.0
92,R25,4484.0
92,R26,408.0
92,R27,18.0
92,R28,8.0
92,R29,927.0
92,R30,1524.0
92,R31,61.0
92,R32,87.0
92,R33,6.0
92,R34,448.0
92,R35,36.0
92,R36,47.0
92,R37,4.0
92,R38,12.0
92,R39,8966496.0
92,R40,5379897.0
92,R41,8122.0
92,R42,243675.0
92,R43,3362436.0
92,R44,38.0
92,R45,896.0
92,R46,12.0
92,R47,1510.0
92,R48,89665.0
92,R49,97470.0
92,R50,8069847.0
92,R51,2465786.0
92,R52,896649.0
92,R53,24.0
92,R54,112081.0
92,R55,996.0
92,R56,2048.0
93,R1,10256076.0
93,R2,3589626.0
93,R3,3076822.0
93,R4,820486.0
93,R5,51280380.0
93,R6,153841140.0
93,R7,20512152.0
93,R8,64609.0
93,R9,86144.0
93,R10,3931495.0
93,R11,3247758.0
93,R12,814.0
93,R13,567.04
93,R14,3419.0
93,R15,433.0
93,R16,1367.0
93,R17,102560.0
93,R18,136748.0
93,R19,854672.0
93,R20,68374.0
93,R21,2308.0
93,R22,866.0
93,R23,2735.0
93,R24,1256.0
93,R25,3419.0
93,R26,326.0
93,R27,24.0
93,R28,267.0
93,R29,717.0
93,R30,1178.0
93,R31,85.0
93,R32,183.0
93,R33,4.0
93,R34,570.0
93,R35,120.0
93,R36,36.0
93,R37,16.0
93,R38,32.0
93,R39,6837384.0
93,R40,4102430.0
93,R41,7179.0
93,R42,215362.0
93,R43,2564020.0
93,R44,202.0
93,R45,864.0
93,R46,81.0
93,R47,1255.0
93,R48,68374.0
93,R49,86144.0
93,R50,6153646.0
93,R51,1880281.0
93,R52,683738.0
93,R53,18.0
93,R54,85467.0
93,R55,760.0
93,R56,1652.0
94,R1,852024.0
94,R2,298208.0
94,R3,255608.0
94,R4,68162.0
94,R5,4260120.0
94,R6,12780360.0
94,R7,1704048.0
94,R8,5978.0
94,R9,7970.0
94,R10,326610.0
94,R11,269808.0
94,R12,1716.0
94,R13,3500.0
94,R14,284.0
94,R15,44.0
94,R16,114.0
94,R17,8520.0
94,R18,11360.0
94,R19,71002.0
94,R20,5680.0
94,R21,190.0
94,R22,72.0
94,R23,228.0
94,R24,136.0
94,R25,284.0
94,R26,60.0
94,R27,2.0
94,R28,0.0
94,R29,84.0
94,R30,117.0
94,R31,4.0
94,R32,124.0
94,R33,0.0
94,R34,172.0
94,R35,18.0
94,R36,21.0
94,R37,0.0
94,R38,0.0
94,R39,568016.0
94,R40,340810.0
94,R41,664.0
94,R42,19924.0
94,R43,213006.0
94,R44,14.0
94,R45,195.0
94,R46,0.0
94,R47,172.0
94,R48,5680.0
94,R49,7970.0
94,R50,511214.0
94,R51,156204.0
94,R52,56802.0
94,R53,24.0
94,R54,7100.0
94,R55,66.0
94,R56,200.0
95,R1,3493920.0
95,R2,1222872.0
95,R3,1048176.0
95,R4,279514.0
95,R5,17469600.0
95,R6,52408800.0
95,R7,6987840.0
95,R8,21536.0
95,R9,28714.0
95,R10,1339336.0
95,R11,1106408.0
95,R12,800.0
95,R13,560.0
95,R14,1164.0
95,R15,146.0
95,R16,466.0
95,R17,34940.0
95,R18,46586.0
95,R19,291160.0
95,R20,23292.0
95,R21,776.0
95,R22,292.0
95,R23,932.0
95,R24,408.0
95,R25,1164.0
95,R26,126.0
95,R27,4.0
95,R28,2.0
95,R29,260.0
95,R30,419.0
95,R31,18.0
95,R32,22.0
95,R33,2.0
95,R34,116.0
95,R35,8.0
95,R36,12.0
95,R37,0.0
95,R38,16.0
95,R39,2329280.0
95,R40,1397568.0
95,R41,2392.0
95,R42,71784.0
95,R43,873480.0
95,R44,10.0
95,R45,232.0
95,R46,4.0
95,R47,401.0
95,R48,23292.0
95,R49,28714.0
95,R50,2096352.0
95,R51,640552.0
95,R52,232928.0
95,R53,6.0
95,R54,29116.0
95,R55,258.0
95,R56,542.0
96,R1,15259458.0
96,R2,5340810.0
96,R3,4577838.0
96,R4,1220757.0
96,R5,76297290.0
96,R6,228891870.0
96,R7,30518916.0
96,R8,95980.0
96,R9,127973.0
96,R10,5849458.0
96,R11,4832162.0
96,R12,818.72
96,R13,569.36
96,R14,5086.0
96,R15,636.0
96,R16,2035.0
96,R17,152595.0
96,R18,203460.0
96,R19,1271622.0
96,R20,101729.0
96,R21,3390.0
96,R22,1272.0
96,R23,4069.0
96,R24,1792.0
96,R25,5086.0
96,R26,448.0
96,R27,20.0
96,R28,58.0
96,R29,1045.0
96,R30,1725.0
96,R31,78.0
96,R32,241.0
96,R33,6.0
96,R34,743.0
96,R35,122.0
96,R36,53.0
96,R37,16.0
96,R38,12.0
96,R39,10172972.0
96,R40,6103784.0
96,R41,10665.0
96,R42,319932.0
96,R43,3814864.0
96,R44,264.0
96,R45,1173.0
96,R46,86.0
96,R47,1782.0
96,R48,101729.0
96,R49,127973.0
96,R50,9155674.0
96,R51,2797568.0
96,R52,1017298.0
96,R53,28.0
96,R54,127162.0
96,R55,1130.0
96,R56,2386.0
97,R1,13757748.0
97,R2,4815212.0
97,R3,4127324.0
97,R4,1100620.0
97,R5,68788740.0
97,R6,206366220.0
97,R7,27515496.0
97,R8,89000.0
97,R9,118666.0
97,R10,5273803.0
97,R11,4356620.0
97,R12,1200.0
97,R13,778.5600000000001
97,R14,4586.0
97,R15,574.0
97,R16,1834.0
97,R17,137577.0
97,R18,183436.0
97,R19,1146479.0
97,R20,91719.0
97,R21,3058.0
97,R22,1146.0
97,R23,3668.0
97,R24,1605.0
97,R25,4586.0
97,R26,408.0
97,R27,30.0
97,R28,51.0
97,R29,943.0
97,R30,1550.0
97,R31,53.0
97,R32,159.0
97,R33,6.0
97,R34,620.0
97,R35,132.0
97,R36,46.0
97,R37,16.0
97,R38,10.0
97,R39,9171832.0
97,R40,5503099.0
97,R41,9888.0
97,R42,296664.0
97,R43,3439437.0
97,R44,158.0
97,R45,1062.0
97,R46,79.0
97,R47,1627.0
97,R48,91719.0
97,R49,118666.0
97,R50,8254649.0
97,R51,2522254.0
97,R52,917183.0
97,R53,26.0
97,R54,114648.0
97,R55,1020.0
97,R56,2150.0
98,R1,16391574.0
98,R2,5737051.0
98,R3,4917472.0
98,R4,1311326.0
98,R5,81957870.0
98,R6,245873610.0
98,R7,32783148.0
98,R8,103344.0
98,R9,137792.0
98,R10,6283436.0
98,R11,5190665.0
98,R12,839.28
98,R13,579.6800000000001
98,R14,5464.0
98,R15,683.0
98,R16,2186.0
98,R17,163916.0
98,R18,218554.0
98,R19,1365964.0
98,R20,109278.0
98,R21,3702.0
98,R22,1378.0
98,R23,4372.0
98,R24,1980.0
98,R25,5464.0
98,R26,584.0
98,R27,22.0
98,R28,70.0
98,R29,1183.0
98,R30,1855.0
98,R31,73.0
98,R32,361.0
98,R33,42.0
98,R34,900.0
98,R35,308.0
98,R36,60.0
98,R37,16.0
98,R38,16.0
98,R39,10927716.0
98,R40,6556630.0
98,R41,11483.0
98,R42,344480.0
98,R43,4097894.0
98,R44,322.0
98,R45,1356.0
98,R46,112.0
98,R47,1953.0
98,R48,109278.0
98,R49,137792.0
98,R50,9834944.0
98,R51,3005122.0
98,R52,1092772.0
98,R53,30.0
98,R54,136596.0
98,R55,1224.0
98,R56,2584.0
99,R1,11815008.0
99,R2,4135253.0
99,R3,3544502.0
99,R4,945201.0
99,R5,59075040.0
99,R6,177225120.0
99,R7,23630016.0
99,R8,69752.0
99,R9,93002.0
99,R10,4529086.0
99,R11,3741419.0
99,R12,1200.0
99,R13,840.0
99,R14,3938.0
99,R15,492.0
99,R16,1575.0
99,R17,118150.0
99,R18,157533.0
99,R19,984584.0
99,R20,78767.0
99,R21,2626.0
99,R22,984.0
99,R23,3150.0
99,R24,1390.0
99,R25,3938.0
99,R26,436.0
99,R27,16.0
99,R28,56.0
99,R29,849.0
99,R30,1312.0
99,R31,32.0
99,R32,387.0
99,R33,65.0
99,R34,682.0
99,R35,190.0
99,R36,22.0
99,R37,14.0
99,R38,48.0
99,R39,7876672.0
99,R40,4726003.0
99,R41,7750.0
99,R42,232507.0
99,R43,2953752.0
99,R44,206.0
99,R45,980.0
99,R46,72.0
99,R47,1390.0
99,R48,78767.0
99,R49,93002.0
99,R50,7089005.0
99,R51,2166085.0
99,R52,787667.0
99,R53,22.0
99,R54,98458.0
99,R55,876.0
99,R56,1850.0
