resource_id,quantity
R1,6.256322825180406
R10,6.88195510769845
R11,8.75885195525258
R2,6.256322825180406
R3,7.507587390216492
R4,8.133219672734535
R5,9.384484237770621
R6,10.010116520288665
R7,7.507587390216492
R8,5.00505826014432
R9,5.630690542662363
