resource_id,quantity
R1,129818214.30000001
R10,47.7
R11,16.150000000000002
R2,1947273218.6000001
R3,43263.05
R4,216316.25
R5,728.25
R6,565.5
R7,3644.15
R8,168.60000000000002
R9,228.10000000000002
