resource_id,quantity
R1,0.2469659838312824
R10,0.27166258221441075
R11,0.34575237736379577
R2,0.24813929236349816
R3,0.296359180597539
R4,0.3293551626202373
R5,0.37044897574692415
R6,0.3951455741300525
R7,0.296359180597539
R8,0.1975727870650257
R9,0.22275554205752934
