resource_id,quantity
R1,2596364286.0
R10,954.0
R11,1.7517703910505156
R2,38945464372.0
R3,865261.0
R4,4326325.0
R5,14565.0
R6,2.002023304057733
R7,72883.0
R8,3372.0
R9,4562.0
