district_code,resource_id,time,demand
496,R10,0,0.0068143468804972
496,R10,1,10.831584520976048
496,R32,1,12.37
