district_code,resource_id,time,demand
1,R1,1,0.0316670914770139
1,R2,1,0.0316670914770139
2,R1,1,10.55397300177712
2,R2,1,15.253973001777121
