district_code,resource_id,time,demand
72,R11,0,0.0295275996015726
72,R11,1,5.90740673287982
72,R44,1,6.11
82,R11,0,0.0349558096824912
82,R11,1,4.62263526243142
82,R44,1,9.01
