district_code,resource_id,time,demand
290,R11,0,0.015784251042004743
290,R11,1,7.044510860905962
290,R24,1,4.79
291,R11,0,0.007222949600037659
291,R11,1,7.354052968380786
291,R24,1,8.9
