district_code,resource_id,time,demand
397,R29,1,4.57
397,R29,2,6.8
397,R4,0,0.018366015051468287
397,R4,1,5.607700570238981
397,R4,2,6.635682365016602
397,R41,1,3.79
397,R41,2,4.17
405,R29,1,4.87
405,R29,2,6.35
405,R4,0,0.0917831725246428
405,R4,1,6.032524215395466
405,R4,2,6.056637186071951
405,R41,1,5.96
405,R41,2,6.38
416,R29,1,6.79
416,R29,2,7.82
416,R4,0,0.013624905666972
416,R4,1,6.278508367490734
416,R4,2,6.973821952404514
416,R41,1,7.04
416,R41,2,5.15
