district_code,resource_id,time,demand
13,R34,1,7.86
13,R34,2,7.54
13,R54,1,5.54
13,R54,2,4.38
13,R8,0,0.008633572308352695
13,R8,1,4.607278960546508
13,R8,2,5.171313427065376
20,R34,1,6.68
20,R34,2,4.85
20,R54,1,8.2
20,R54,2,5.02
20,R8,0,0.006186430387228943
20,R8,1,4.2092088997958665
20,R8,2,6.596942678451967
33,R34,1,4.75
33,R34,2,7.44
33,R54,1,5.64
33,R54,2,8.62
33,R8,0,0.012810181629180899
33,R8,1,5.095026487307768
33,R8,2,5.482826587815125
