district_code,resource_id,time,demand
1055,R30,1,8.4
1055,R30,2,8.83
1055,R47,1,8.55
1055,R47,2,7.69
1055,R7,1,9.47
1055,R7,2,8.0
118,R30,1,8.38
118,R30,2,8.7
118,R47,1,7.89
118,R47,2,7.13
118,R7,0,0.038318598647276
118,R7,1,10.077949283891044
118,R7,2,10.321454904142444
159,R30,1,10.36
159,R30,2,9.34
159,R47,1,9.99
159,R47,2,8.73
159,R7,0,0.1288980673216257
159,R7,1,9.412090704219514
159,R7,2,7.737444242429016
