state_code,resource_id,quantity
33,R1,50830645.900000006
33,R10,19.5
33,R11,7.9
33,R2,762459688.8000001
33,R3,16902.3
33,R4,84511.6
33,R5,280.8
33,R6,213.4
33,R7,1404.3000000000002
33,R8,66.5
33,R9,88.10000000000001
